27.3,-0.00471313,1.40972e-05
27.32,-0.000364071,-0.0433034
27.34,-0.000396498,-0.048369
27.36,-0.000320026,-0.0483658
27.38,-0.000318712,-0.0483656
27.4,-0.000319072,-0.0483655
27.42,-0.000318842,-0.0483656
27.44,-0.000318956,-0.0483658
27.46,-0.000319007,-0.0483662
27.48,-0.00144219,-0.0308931
27.5,-0.000352391,-0.0226355
27.52,0.00261765,-0.0189489
27.54,0.00529281,-0.0179212
27.56,0.00307306,-0.0150547
27.58,0.00237061,-0.0131287
27.6,-0.000345131,-0.0117334
27.62,-0.00156698,-0.0112549
27.64,-0.00232061,-0.0110505
27.66,-0.00176507,-0.00941893
27.68,0.00119686,-0.0110625
27.7,0.00272081,-0.0127838
27.72,0.00602871,-0.0154871
27.74,0.00935468,-0.0158232
27.76,0.0108617,-0.0186285
27.78,0.0121651,-0.0225383
27.8,0.0131817,-0.0281433
27.82,0.0159643,-0.0324004
27.84,0.0185606,-0.0385731
27.86,0.0181131,-0.0401996
27.88,0.0218557,-0.027013
27.9,0.0163666,0.00174472
27.92,0.0195395,0.0317708
27.94,0.0277078,0.0503878
27.96,0.0264688,0.0603809
27.98,0.0148547,0.0640989
28,0.00107078,0.0644977
28.02,-0.0126458,0.0582754
28.04,-0.0277711,0.0500634
28.06,-0.0258303,0.0357075
28.08,-0.0078397,0.0351695
28.1,-0.0179925,0.0360511
28.12,-0.0133091,0.0267941
28.14,-0.0114355,0.0268028
28.16,-0.0112606,0.024304
28.18,-0.00979427,0.0213903
28.2,-0.00913155,0.0204697
28.22,-0.00812429,0.0180632
28.24,-0.00748901,0.0164869
28.26,-0.00680749,0.0149592
28.28,-0.00614631,0.0134426
28.3,-0.00560538,0.012485
28.32,-0.00506915,0.0113073
28.34,-0.00462836,0.0103097
28.36,-0.00419353,0.00930334
28.38,-0.00380677,0.00840221
28.4,-0.00346225,0.00768737
28.42,-0.00314924,0.00702532
28.44,-0.00285215,0.006403
28.46,-0.00259964,0.00583777
28.48,-0.00234673,0.00523501
28.5,-0.00214199,0.00477841
28.52,-0.00194516,0.00435986
28.54,-0.00175844,0.00394987
28.56,-0.00159829,0.00361674
28.58,-0.00145026,0.00327457
28.6,-0.00132226,0.00297675
28.62,-0.00118325,0.00268464
28.64,-0.00108192,0.00245646
28.66,-0.000982104,0.00224624
28.68,-0.000889865,0.00203444
28.7,-0.000801798,0.00183557
28.72,-0.000729251,0.00167041
28.74,-0.000660184,0.00151745
28.76,-0.000600532,0.00138581
28.78,-0.000538706,0.00124847
28.8,-0.000491088,0.00114228
28.82,-0.000442252,0.00103212
28.84,-0.000401455,0.000939102
28.86,-0.000359189,0.000845839
28.88,-0.000326148,0.000773439
28.9,-0.000292516,0.000699265
28.92,-0.000264006,0.000635396
28.94,-0.000237967,0.000577149
28.96,-0.000212317,0.000521008
28.98,-0.000190114,0.000469971
29,-0.000169795,0.000427277
29.02,-0.000151536,0.000386758
29.04,-0.000134077,0.000348127
29.06,-0.000121751,0.000316767
29.08,-0.00010623,0.000283161
29.1,-9.56011e-05,0.000257318
29.12,-8.33398e-05,0.000233317
29.14,-7.29075e-05,0.000207211
29.16,-6.34896e-05,0.000188925
29.18,-5.42151e-05,0.000168353
29.2,-4.62006e-05,0.000151744
29.22,-3.89217e-05,0.000134877
29.24,-3.22301e-05,0.000121018
29.26,-2.61537e-05,0.000108039
29.28,-2.24621e-05,9.68971e-05
29.3,-1.73155e-05,8.61619e-05
29.32,-1.27917e-05,7.6251e-05
29.34,-8.89478e-06,6.7819e-05
29.36,-4.79383e-06,5.98607e-05
29.38,-1.55181e-06,5.20521e-05
29.4,2.15337e-06,4.53348e-05
29.42,4.6386e-06,3.89152e-05
29.44,7.73908e-06,3.35886e-05
29.46,9.9388e-06,2.862e-05
29.48,1.02104e-05,2.49195e-05
29.5,1.32091e-05,2.10337e-05
29.52,1.42209e-05,1.69302e-05
29.54,1.6652e-05,1.32666e-05
29.56,1.77635e-05,1.05229e-05
29.58,1.95593e-05,7.20225e-06
29.6,1.55573e-05,1.03045e-05
29.62,1.87432e-05,7.71306e-06
29.64,1.85987e-05,4.67634e-06
29.66,2.18659e-05,-1.87643e-08
29.68,1.90108e-05,-1.6429e-06
29.7,1.99303e-05,-1.87246e-06
29.72,2.03543e-05,-1.62693e-06
29.74,1.47586e-05,-5.02349e-06
29.76,1.32642e-05,-2.52925e-06
29.78,1.63065e-05,-6.0671e-06
29.8,1.72029e-05,-1.02727e-05
29.82,1.58696e-05,-1.17432e-05
29.84,1.53343e-05,-1.32984e-05
29.86,1.46699e-05,-1.21582e-05
29.88,1.59539e-05,-1.35848e-05
29.9,1.42492e-05,-1.41265e-05
29.92,1.50223e-05,-1.53095e-05
29.94,1.44878e-05,-1.63281e-05
29.959,1.53217e-05,-1.67416e-05
29.98,1.5596e-05,-1.75402e-05
30,1.55823e-05,-1.83779e-05
30.02,1.61211e-05,-1.92481e-05
30.04,1.6185e-05,-1.99745e-05
30.06,1.46322e-05,-2.00196e-05
30.08,1.44397e-05,-1.98313e-05
30.1,1.4186e-05,-2.02525e-05
30.12,1.45365e-05,-2.01059e-05
30.14,1.48763e-05,-2.07213e-05
30.16,1.48018e-05,-2.10879e-05
30.18,1.49152e-05,-2.13608e-05
30.2,1.5332e-05,-2.19266e-05
30.22,1.60731e-05,-2.20525e-05
30.24,1.36695e-05,-2.20815e-05
30.26,1.49345e-05,-2.20375e-05
30.28,1.34748e-05,-2.19457e-05
30.3,1.41873e-05,-2.20619e-05
30.32,1.43524e-05,-2.22897e-05
30.34,1.44428e-05,-2.25704e-05
30.36,1.48552e-05,-2.23406e-05
30.38,1.50346e-05,-2.2847e-05
30.4,1.55158e-05,-2.35516e-05
30.42,1.44851e-05,-2.33488e-05
30.44,1.40582e-05,-2.3209e-05
30.46,1.41013e-05,-2.31622e-05
30.48,1.43155e-05,-2.26714e-05
30.5,1.4596e-05,-2.299e-05
30.52,1.45898e-05,-2.34136e-05
30.54,1.47592e-05,-2.23423e-05
30.56,1.55498e-05,-2.34548e-05
30.58,1.54976e-05,-2.29225e-05
30.6,1.5793e-05,-2.34864e-05
30.62,1.42435e-05,-2.26931e-05
30.64,1.45777e-05,-2.29611e-05
30.66,1.42716e-05,-2.23763e-05
30.68,1.47996e-05,-2.23932e-05
30.7,1.47646e-05,-2.27076e-05
30.72,1.58951e-05,-2.3277e-05
30.74,1.52835e-05,-2.29739e-05
30.76,1.65785e-05,-2.33815e-05
30.78,1.64871e-05,-2.34265e-05
30.8,1.50598e-05,-2.27861e-05
30.82,1.61337e-05,-2.40169e-05
30.84,1.45241e-05,-2.26333e-05
30.86,1.54142e-05,-2.28095e-05
30.88,1.53583e-05,-2.26983e-05
30.9,1.63738e-05,-2.27457e-05
30.92,1.65803e-05,-2.30225e-05
30.94,1.69469e-05,-2.32799e-05
30.96,1.68983e-05,-2.26835e-05
30.98,1.63943e-05,-2.23873e-05
31,1.6049e-05,-2.28878e-05
31.02,1.63424e-05,-2.22432e-05
31.04,1.59526e-05,-2.19002e-05
31.06,1.63013e-05,-2.21949e-05
31.08,1.66779e-05,-2.18519e-05
31.1,1.701e-05,-2.18879e-05
31.12,1.73166e-05,-2.27048e-05
31.14,1.75903e-05,-2.25207e-05
31.16,1.80724e-05,-2.24755e-05
31.18,1.61118e-05,-2.23091e-05
31.2,1.68299e-05,-2.16938e-05
31.22,1.6652e-05,-2.16867e-05
31.24,1.72013e-05,-2.19814e-05
31.26,1.7644e-05,-2.1527e-05
31.28,1.77504e-05,-2.18947e-05
31.3,1.85006e-05,-2.18363e-05
31.32,1.7675e-05,-2.20566e-05
31.34,1.94227e-05,-2.2175e-05
31.36,1.66559e-05,-2.11703e-05
31.38,1.7829e-05,-2.14859e-05
31.4,1.70213e-05,-2.12261e-05
31.42,1.77496e-05,-2.05738e-05
31.44,1.80937e-05,-2.18598e-05
31.46,1.88284e-05,-2.04754e-05
31.48,1.90964e-05,-2.14071e-05
31.5,1.98916e-05,-2.10755e-05
31.52,1.96022e-05,-2.08144e-05
31.54,1.52146e-05,-1.80288e-05
31.56,1.5803e-05,-1.57731e-05
31.58,1.57785e-05,-1.62415e-05
31.6,1.90047e-05,-1.57569e-05
31.62,1.61169e-05,-1.55658e-05
31.64,1.72163e-05,-1.51872e-05
31.66,1.65745e-05,-1.5852e-05
31.68,1.71747e-05,-1.66772e-05
31.7,1.73901e-05,-1.61661e-05
31.72,1.76299e-05,-1.61795e-05
31.74,1.64785e-05,-1.60649e-05
31.76,1.60632e-05,-1.57326e-05
31.78,1.61728e-05,-1.54517e-05
31.8,1.57466e-05,-1.58072e-05
31.82,1.60984e-05,-1.545e-05
31.84,1.62365e-05,-1.514e-05
31.86,1.66615e-05,-1.58141e-05
31.88,1.71535e-05,-1.57269e-05
31.9,1.7256e-05,-1.63262e-05
31.92,1.81377e-05,-1.65816e-05
31.94,1.5895e-05,-1.52624e-05
31.96,1.65517e-05,-1.52624e-05
31.98,1.58639e-05,-1.51822e-05
32,1.62493e-05,-1.51998e-05
32.02,1.66741e-05,-1.53999e-05
32.04,1.75493e-05,-1.55628e-05
32.06,1.74911e-05,-1.4532e-05
32.08,1.76986e-05,-1.53048e-05
32.1,1.8034e-05,-1.50549e-05
32.12,1.78818e-05,-1.53376e-05
32.14,1.7294e-05,-1.51472e-05
32.16,1.71877e-05,-1.44474e-05
32.18,1.73477e-05,-1.44935e-05
32.2,1.74178e-05,-1.41053e-05
32.22,1.77994e-05,-1.43752e-05
32.24,1.79874e-05,-1.40299e-05
32.26,1.86676e-05,-1.44716e-05
32.28,1.91693e-05,-1.4079e-05
32.3,1.911e-05,-1.43762e-05
32.32,1.86206e-05,-1.42424e-05
32.34,1.866e-05,-1.39878e-05
32.36,1.7918e-05,-1.4222e-05
32.38,1.7948e-05,-1.38788e-05
32.4,1.83743e-05,-1.31887e-05
32.42,1.91158e-05,-1.39328e-05
32.44,1.87125e-05,-1.32712e-05
32.46,1.94513e-05,-1.34432e-05
32.48,1.92896e-05,-1.36245e-05
32.5,1.97917e-05,-1.35274e-05
32.52,2.06019e-05,-1.39349e-05
32.54,1.85599e-05,-1.34311e-05
32.56,2.03233e-05,-1.34769e-05
32.58,1.86766e-05,-1.25418e-05
32.6,1.98993e-05,-1.27228e-05
32.62,1.96715e-05,-1.21056e-05
32.64,2.01458e-05,-1.30558e-05
32.66,2.06619e-05,-1.25004e-05
32.68,2.11602e-05,-1.22724e-05
32.7,2.13259e-05,-1.27768e-05
32.72,2.17796e-05,-1.24137e-05
32.74,2.26969e-05,-1.32636e-05
32.76,2.02613e-05,-1.13738e-05
32.78,2.11185e-05,-1.22495e-05
32.8,2.12075e-05,-1.16675e-05
32.82,2.07861e-05,-1.08857e-05
32.84,2.24046e-05,-1.10004e-05
32.86,2.16438e-05,-1.08652e-05
32.88,2.24345e-05,-1.03976e-05
32.9,2.2749e-05,-1.1176e-05
32.92,2.36178e-05,-1.03816e-05
32.94,2.38257e-05,-1.10861e-05
32.96,2.47098e-05,-1.09199e-05
32.98,2.35094e-05,-1.06604e-05
33,2.26113e-05,-9.92612e-06
33.02,1.87775e-05,-1.31099e-05
33.04,2.00831e-05,-7.99747e-06
33.06,1.94789e-05,-1.16383e-05
33.08,1.85177e-05,-1.24487e-05
33.1,1.91217e-05,-1.3412e-05
33.12,1.91014e-05,-1.34079e-05
33.14,1.83728e-05,-1.30507e-05
33.16,1.87092e-05,-1.32793e-05
33.18,1.86375e-05,-1.39357e-05
33.2,1.8609e-05,-1.50859e-05
33.22,1.7768e-05,-1.45497e-05
33.24,1.79729e-05,-1.48086e-05
33.26,1.71088e-05,-1.44549e-05
33.28,1.72851e-05,-1.40458e-05
33.3,1.68929e-05,-1.47994e-05
33.32,1.66222e-05,-1.39003e-05
33.34,1.75019e-05,-1.50015e-05
33.36,1.72199e-05,-1.43368e-05
33.38,1.78156e-05,-1.49139e-05
33.4,1.75643e-05,-1.48021e-05
33.42,1.81494e-05,-1.51343e-05
33.44,1.8395e-05,-1.51775e-05
33.46,1.90847e-05,-1.57654e-05
33.48,1.93263e-05,-1.54959e-05
33.5,1.7504e-05,-1.47125e-05
33.52,1.84026e-05,-1.5035e-05
33.54,1.72908e-05,-1.44095e-05
33.56,1.82264e-05,-1.41014e-05
33.58,1.72251e-05,-1.37313e-05
33.599,1.79513e-05,-1.41568e-05
33.62,1.89266e-05,-1.38437e-05
33.64,1.80746e-05,-1.37531e-05
33.659,1.9345e-05,-1.41346e-05
33.68,1.87626e-05,-1.37568e-05
33.7,1.97399e-05,-1.38691e-05
33.72,1.98427e-05,-1.38339e-05
33.74,2.02623e-05,-1.3827e-05
33.76,2.05305e-05,-1.38486e-05
33.78,1.98156e-05,-1.36408e-05
33.8,1.96181e-05,-1.30841e-05
33.82,1.96688e-05,-1.33754e-05
33.84,1.94498e-05,-1.29015e-05
33.86,1.94986e-05,-1.27457e-05
33.879,1.95064e-05,-1.23624e-05
33.9,2.0239e-05,-1.27835e-05
33.92,2.00981e-05,-1.2137e-05
33.94,2.02894e-05,-1.24851e-05
33.96,2.01835e-05,-1.23339e-05
33.98,2.13381e-05,-1.17927e-05
34,2.1231e-05,-1.19578e-05
34.02,2.18236e-05,-1.17332e-05
34.04,2.14839e-05,-1.17493e-05
34.06,2.16662e-05,-1.13703e-05
34.08,2.11916e-05,-9.72751e-06
34.1,2.13549e-05,-9.13648e-06
34.12,2.16046e-05,-1.00317e-05
34.14,2.19669e-05,-1.01993e-05
34.16,2.20528e-05,-1.00765e-05
34.18,2.22393e-05,-9.78133e-06
34.2,2.30364e-05,-8.79119e-06
34.22,2.32502e-05,-8.74113e-06
34.24,2.22093e-05,-7.95929e-06
34.26,2.34383e-05,-8.59925e-06
34.28,2.19081e-05,-7.73903e-06
34.3,2.36646e-05,-7.46894e-06
34.32,2.25417e-05,-6.69595e-06
34.34,2.40306e-05,-6.78688e-06
34.36,2.29772e-05,-6.53745e-06
34.38,2.36087e-05,-6.72867e-06
34.4,2.35495e-05,-6.54444e-06
34.42,2.33957e-05,-5.4116e-06
34.44,2.42286e-05,-6.06621e-06
34.46,2.4218e-05,-5.72056e-06
34.48,2.44716e-05,-5.40351e-06
34.5,2.49247e-05,-5.92056e-06
34.52,2.5271e-05,-5.74904e-06
34.54,2.5167e-05,-5.30384e-06
34.56,2.5663e-05,-4.91182e-06
34.58,2.64315e-05,-5.52312e-06
34.6,2.53341e-05,-4.74703e-06
34.62,2.69912e-05,-5.88206e-06
34.64,2.5728e-05,-4.67678e-06
34.66,2.73606e-05,-5.45428e-06
34.68,2.75533e-05,-5.12997e-06
34.7,2.78247e-05,-5.03502e-06
34.72,2.68765e-05,-4.48444e-06
34.74,2.76457e-05,-4.71932e-06
34.76,2.71665e-05,-4.21614e-06
34.78,2.6231e-05,-4.41787e-06
34.8,2.65672e-05,-4.81592e-06
34.82,2.53358e-05,-4.96659e-06
34.84,2.53697e-05,-5.09203e-06
34.86,2.49096e-05,-5.79492e-06
34.88,2.45503e-05,-6.07346e-06
34.9,2.3918e-05,-5.91253e-06
34.92,2.41653e-05,-6.89765e-06
34.94,2.41627e-05,-7.61727e-06
34.96,2.43533e-05,-8.14193e-06
34.98,2.42871e-05,-8.29628e-06
35,2.35287e-05,-8.60803e-06
35.02,2.2357e-05,-9.17332e-06
35.04,2.19657e-05,-9.21926e-06
35.06,2.06075e-05,-9.68237e-06
35.08,2.18936e-05,-9.4778e-06
35.1,2.03051e-05,-9.27152e-06
35.12,2.0495e-05,-9.24973e-06
35.14,2.06138e-05,-1.09568e-05
35.16,1.97696e-05,-1.1823e-05
35.18,1.97666e-05,-1.25825e-05
35.2,2.04858e-05,-1.26648e-05
35.22,1.76836e-05,-1.19384e-05
35.24,1.85068e-05,-1.22502e-05
35.26,1.68708e-05,-1.26074e-05
35.28,1.63077e-05,-1.34483e-05
35.3,1.59041e-05,-1.38858e-05
35.32,1.58618e-05,-1.52326e-05
35.34,1.5528e-05,-1.49316e-05
35.36,1.61785e-05,-1.54056e-05
35.38,1.74551e-05,-1.62767e-05
35.4,1.61784e-05,-1.57857e-05
35.42,1.54784e-05,-1.54784e-05
35.44,1.47084e-05,-1.54478e-05
35.46,1.4442e-05,-1.58433e-05
35.48,1.40739e-05,-1.57059e-05
35.5,1.37076e-05,-1.61276e-05
35.52,1.41553e-05,-1.7294e-05
35.54,1.41457e-05,-1.67895e-05
35.56,1.42187e-05,-1.72758e-05
35.58,1.64815e-05,-1.81003e-05
35.6,1.29664e-05,-1.65942e-05
35.62,1.40234e-05,-1.72193e-05
35.64,1.28641e-05,-1.66757e-05
35.66,1.24225e-05,-1.71653e-05
35.68,1.21005e-05,-1.6693e-05
35.7,1.21322e-05,-1.72714e-05
35.72,1.28834e-05,-1.81028e-05
35.74,1.26573e-05,-1.71615e-05
35.76,1.37252e-05,-1.80612e-05
35.78,1.39033e-05,-1.76196e-05
35.8,1.24751e-05,-1.73289e-05
35.82,1.26413e-05,-1.6608e-05
35.84,1.19981e-05,-1.73047e-05
35.86,1.15278e-05,-1.67134e-05
35.88,1.12751e-05,-1.73995e-05
35.9,1.20097e-05,-1.76147e-05
35.92,1.19207e-05,-1.82881e-05
35.94,1.29924e-05,-1.88118e-05
35.96,1.33778e-05,-1.8303e-05
35.98,1.16968e-05,-1.77401e-05
36,1.21309e-05,-1.77472e-05
36.02,1.13974e-05,-1.75791e-05
36.04,1.10892e-05,-1.7781e-05
36.06,1.1182e-05,-1.80385e-05
36.08,1.12305e-05,-1.80105e-05
36.1,1.14737e-05,-1.87141e-05
36.12,1.26051e-05,-1.88284e-05
36.14,1.35621e-05,-1.89308e-05
36.16,1.21203e-05,-1.82118e-05
36.18,9.85131e-06,-1.65813e-05
36.2,7.89038e-06,-1.54101e-05
36.22,6.31405e-06,-1.39811e-05
36.24,7.12447e-06,-8.45928e-06
36.26,8.61223e-06,-9.08451e-06
36.28,1.03304e-05,-7.52985e-06
36.3,9.71227e-06,-7.62228e-06
36.32,6.66532e-06,-6.11612e-06
36.34,5.96406e-06,-5.747e-06
36.36,4.48019e-06,-5.61127e-06
36.38,4.0389e-06,-7.1314e-06
36.4,6.06333e-06,-9.41345e-06
36.42,3.70329e-06,-1.02265e-05
36.44,8.56932e-07,-1.14962e-05
36.46,-2.00602e-06,-1.38018e-05
36.48,-2.27374e-06,-1.65802e-05
36.5,-0.00216861,-0.00114645
36.52,0.00209194,0.0016995
36.54,0.00519649,0.00568594
36.56,0.0013683,0.00185819
36.58,-0.000406994,-0.000940642
36.6,0.00271593,0.00409994
36.62,0.00713243,0.00679407
36.64,-0.015461,-6.68205e-05
36.66,-0.0116701,0.0076454
36.68,-0.00896828,0.0140593
36.7,-0.0102399,0.00435265
36.72,-0.00311437,-0.000627446
36.74,-0.00234411,0.00256802
36.76,-0.0116926,0.00778474
36.78,-0.0132729,0.0100203
36.8,-0.0110332,0.00917511
36.82,-0.0136367,0.00954844
36.84,-0.0181046,0.0134513
36.86,-0.0160405,0.0134838
36.88,-0.00423654,0.00332272
36.9,0.0122722,-0.0139995
36.92,0.0119872,-0.0208979
36.94,-0.0018616,-0.0174886
36.96,-0.00103568,-0.00965714
36.98,0.0137042,-0.00663375
37,0.00559511,-0.0029996
37.02,-0.000980623,-0.00808029
37.04,0.00224443,-0.00778358
37.06,0.00573615,-0.0022979
37.08,0.00735985,-0.00290357
37.1,0.00503535,-0.000961127
37.12,0.00551565,0.000390122
37.14,0.0049021,0.00049827
37.16,-0.000781783,0.00132099
37.18,0.00102937,0.00276714
37.2,0.000205696,0.00371747
37.22,-0.00371433,0.00565466
37.24,-0.00377223,0.00568645
37.26,-0.00310911,0.0046693
37.28,-0.00556385,0.00458177
37.3,-0.00863565,0.00873143
37.32,-0.0140334,0.0117933
37.34,-0.0163697,0.0141277
37.36,-0.0105056,0.00993902
37.38,0.00234098,-0.00176518
37.4,0.0168766,-0.0212919
37.42,0.00359652,-0.0197008
37.44,-0.00279983,-0.0109449
37.46,0.00882898,-0.0027872
37.48,0.0119248,-0.000126287
37.5,0.0021628,-0.00531433
37.52,0.000163576,-0.00707696
37.54,0.00634664,-0.00212359
37.56,0.00868989,0.00118283
37.58,0.0041374,0.00101032
37.6,0.004583,-0.000188234
37.62,0.00295257,-0.0013025
37.64,0.00495301,0.00185237
37.66,-0.00228347,0.00137129
37.68,0.00103534,-0.000143405
37.7,0.00544401,-0.000843195
37.72,-0.00227352,0.00189706
37.74,-0.00494836,0.00511748
37.76,-0.00267386,0.00363735
37.78,-0.00245528,0.00343338
37.8,-0.00730586,0.00648804
37.82,-0.0106671,0.00927769
37.84,-0.0102418,0.00973974
37.86,-0.00755195,0.00865773
37.88,0.0114109,0.00187696
37.9,0.0359591,-0.00470211
37.92,0.0184656,0.0123694
37.94,0.0202067,0.0160798
37.96,0.0243916,0.00968101
37.98,0.017709,0.0101358
38,0.0159603,0.0111873
38.02,0.0218281,0.0137711
38.04,0.0217762,0.0173194
38.06,0.0240323,0.0192787
38.08,0.0254729,0.0213036
38.1,0.0125122,0.0170538
38.12,0.00141345,0.00748536
38.14,-0.0139009,-0.00638314
38.16,-0.0335033,-0.0228036
38.18,-0.028301,-0.009038
38.2,-0.0187786,0.00416584
38.22,-0.0256559,-0.00251461
38.24,-0.018566,-0.00873378
38.26,-0.0071479,-0.00722523
38.28,-0.0160515,-0.00448229
38.3,-0.0203694,0.00309212
38.32,-0.0235259,0.00633078
38.34,-0.0194394,0.00395156
38.36,-0.0117634,0.000629069
38.38,-0.000309802,-0.00782901
38.4,0.0139417,-0.0258252
38.42,0.00195619,-0.0245605
38.44,-0.0066694,-0.0165187
38.46,0.00621832,-0.0103582
38.48,0.00324367,-0.0125062
38.5,-0.00814115,-0.0147996
38.52,-0.00558854,-0.0166625
38.54,-0.00315117,-0.0128437
38.56,-0.00429159,-0.0123607
38.58,-0.0071008,-0.0171235
38.6,-0.00963515,-0.0151292
38.62,-0.00088036,-0.00908945
38.64,0.0186785,0.00519829
38.66,0.0139232,0.00644475
38.68,-0.00864854,0.00112358
38.7,-0.000653672,0.00718153
38.72,0.00171785,0.00830822
38.74,-0.00129161,0.00376483
38.76,-0.000658568,0.00654488
38.78,-0.00727974,0.00797645
38.8,-0.00729443,0.00952213
38.82,-0.00936337,0.0107563
38.84,-0.0141732,0.0138748
38.86,-0.0116473,0.0128688
38.88,-0.000883042,0.0050277
38.9,0.0163348,-0.0106769
38.92,0.010384,-0.0161851
38.94,-0.000258597,-0.0109986
38.96,0.00555684,-0.0026758
38.98,0.0112454,-0.00370419
39,-0.00148359,-0.00647254
39.02,-0.000492624,-0.00767176
39.04,0.00574234,-0.00203899
39.06,0.00754367,0.000513257
39.08,0.00327997,0.000399527
39.1,0.00336774,-0.00173394
39.12,0.00340765,-0.00268279
39.14,0.00658153,0.00543065
39.16,-0.00514139,0.004093
39.18,-0.00280851,0.00209878
39.2,0.00411229,0.00325666
39.22,-0.00701095,0.00578441
39.24,-0.00956542,0.010576
39.26,-0.00768892,0.00876388
39.28,-0.00798021,0.0087657
39.3,-0.0130469,0.0123936
39.32,-0.0184119,0.0166521
39.34,-0.0190887,0.0180672
39.36,-0.00989108,0.0109439
39.38,0.00793142,-0.00417467
39.4,0.0253241,-0.0234947
39.42,0.0116944,-0.0178677
39.44,0.00358878,-0.00708422
39.46,0.0119691,-0.00395038
39.48,0.00891747,-0.00706218
39.5,0.000125347,-0.00937405
39.52,0.00466022,-0.0070959
39.54,0.00827308,-0.00235048
39.56,0.0059047,-0.00258863
39.58,0.00273488,-0.00563644
39.6,0.00467787,-0.00113206
39.62,0.00882909,0.000871713
39.64,-0.00219569,-0.00462185
39.66,0.0010426,0.00139521
39.68,-0.00312834,0.00623793
39.7,-0.00423499,0.00151189
39.72,-5.6419e-05,0.00138917
39.74,-0.00544858,0.00511712
39.76,-0.00954536,0.0086771
39.78,-0.00947515,0.0100514
39.8,-0.0102472,0.0092908
39.82,-0.0143768,0.0118791
39.84,-0.0190751,0.0159981
39.86,-0.0149174,0.0129227
39.88,-0.00357334,0.00387684
39.9,0.0125926,-0.01257
39.92,0.0149156,-0.0210825
39.94,0.00163485,-0.0158707
39.96,0.000867349,-0.00944532
39.98,0.0107294,-0.0102777
40,0.00422759,-0.00610462
40.02,0.00111594,-0.00699711
40.04,0.00344797,-0.00722731
40.06,0.00485356,-0.00395701
40.08,0.00577427,-0.00407334
40.1,0.005376,-0.0019625
40.12,0.00687696,0.000325527
40.14,0.00224473,-0.000721248
40.16,-0.00291619,0.00593024
40.18,-0.00888777,0.013973
40.2,-0.0131307,0.0141072
40.22,-0.00904158,0.010622
40.24,-0.00583394,0.00933807
40.26,-0.011398,0.0108916
40.28,-0.0161904,0.014881
40.3,-0.0174014,0.0166738
40.32,-0.0201362,0.0179848
40.339,-0.0248094,0.0221438
40.36,-0.0082174,0.0167602
40.38,0.00284861,0.0011103
40.4,0.0158361,-0.0217512
40.42,0.015627,-0.0330228
40.44,-0.000561429,-0.0311322
40.46,-0.00589777,-0.0245505
40.48,0.00504063,-0.01576
40.5,0.0019912,-0.0178525
40.52,-0.00973885,-0.0241121
40.54,-0.0113962,-0.0249182
40.56,-0.00706043,-0.0212755
40.58,-0.0100821,-0.0208954
40.6,-0.0118807,-0.0212373
40.62,0.00408334,-0.00288039
40.64,0.0238203,0.0200395
40.66,0.0147812,0.0252546
40.68,-0.00409172,0.0149909
40.7,0.0059817,0.00652187
40.72,0.0200911,0.00376482
40.74,0.0125735,0.00259462
40.76,0.00299611,0.00760001
40.78,0.0023746,0.00951285
40.8,0.00632101,0.00480325
40.82,0.00475023,0.00466568
40.84,-0.00363272,0.0101253
40.86,-0.00600346,0.0121952
40.88,0.00811931,0.00300075
40.9,0.025035,-0.00777726
40.92,0.0116133,-0.00223008
40.94,0.00559727,0.00125247
40.96,0.010744,-0.00375663
40.98,0.00459338,-0.00250929
41,0.00345096,-0.0033428
41.02,0.00395561,-0.00329035
41.04,0.00397508,-0.00131153
41.06,0.00461514,-0.000324689
41.08,0.00398007,-0.00202921
41.1,0.00319724,0.000365516
41.12,0.00434332,0.000251652
41.14,0.00294013,-0.000940737
41.16,-0.000654734,0.00258543
41.18,-0.00510566,0.00778144
41.2,-0.00384128,0.0048967
41.22,-0.00314235,0.00414476
41.24,-0.00855336,0.00847188
41.26,-0.014451,0.0137752
41.28,-0.013636,0.0143102
41.3,-0.0124577,0.0126313
41.32,-0.0153926,0.0139639
41.34,-0.0268445,0.0224442
41.36,-0.0216029,0.0218224
41.38,-0.0037237,0.010398
41.4,0.0133291,-0.00347949
41.42,0.0291158,-0.0216524
41.44,0.0085162,-0.0191703
41.46,0.00159713,-0.01106
41.48,0.0130731,-0.010938
41.5,0.00552846,-0.00911394
41.52,-0.00322747,-0.0143595
41.54,-0.00401938,-0.0164089
41.56,-0.00123309,-0.0140277
41.58,-0.00146363,-0.0147363
41.6,-0.0055075,-0.0146705
41.62,-0.00635217,-0.0146188
41.64,0.0101886,-0.00462819
41.66,0.0288991,0.00798401
41.68,0.00454716,0.00255552
41.7,-0.00425754,0.00377241
41.72,0.00358604,0.00838478
41.74,0.00245354,0.00433316
41.76,0.00124016,0.00398567
41.78,-0.0018874,0.00561998
41.8,-0.00317378,0.00604137
41.82,-0.0055363,0.00772353
41.84,-0.0101395,0.0111508
41.86,-0.0117198,0.0120541
41.88,-0.00326565,0.00690066
41.9,0.00847196,-0.00459129
41.92,0.011875,-0.0156848
41.94,0.00126394,-0.012199
41.96,0.000630175,-0.00275548
41.98,0.0168306,0.000496347
42,0.00719967,0.000621658
42.02,0.00252078,-0.0030232
42.04,0.00812029,0.000765831
42.06,0.0131678,0.00637971
42.08,0.0116738,0.00863066
42.1,0.0102465,0.00677133
42.12,0.00915363,0.00590073
42.14,-0.00427456,-0.00341327
42.16,-0.00557985,-0.00194048
42.18,-0.00460513,0.0051694
42.2,-0.0114254,0.00605592
42.22,-0.0079688,0.0042616
42.24,-0.00426059,0.00239395
42.26,-0.0075429,0.00344905
42.28,-0.0113879,0.00768554
42.3,-0.0107704,0.00774122
42.32,-0.011518,0.00855893
42.34,-0.0161832,0.0121312
42.36,-0.0171819,0.0140412
42.38,-0.000552968,0.00411509
42.4,0.0185928,-0.0106535
42.42,0.0186129,-0.0143042
42.44,0.00201632,-0.011601
42.46,0.00291246,-0.00786578
42.48,0.0105722,-0.00614929
42.5,0.00412286,-0.0064428
42.52,0.00105663,-0.00850338
42.54,0.00458149,-0.00475978
42.56,0.00807394,-0.000978341
42.58,0.00554705,-0.00305923
42.6,0.00247525,-0.00299093
42.62,0.0053519,-0.000732278
42.64,-4.77438e-05,-0.00288628
42.66,-0.000275093,9.67203e-05
42.68,-0.00473984,0.00638652
42.7,-0.00678206,0.00389107
42.72,-0.00408473,0.00328948
42.74,-0.00746701,0.00622854
42.76,-0.0133784,0.0110849
42.78,-0.0144033,0.0128892
42.8,-0.0139596,0.012553
42.82,-0.017751,0.0142024
42.84,-0.0244147,0.0202251
42.86,-0.0206224,0.0200685
42.88,-0.0100276,0.00828729
42.9,0.00372381,-0.00793792
42.92,0.0220982,-0.0303785
42.94,0.00681395,-0.0284402
42.96,-0.00421234,-0.0206738
42.98,0.00466242,-0.0150992
43,0.00661951,-0.0129609
43.02,-0.00690528,-0.016839
43.04,-0.0107409,-0.0250242
43.06,-0.010136,-0.0224524
43.08,-0.00540477,-0.0171317
43.1,-0.00496867,-0.0169671
43.12,-0.0101536,-0.0179195
43.139,0.00698301,-0.00468849
43.16,0.0377973,0.0142634
43.18,0.0248063,0.0125448
43.2,-0.00542523,0.00411239
43.22,0.0014969,0.0103174
43.24,0.00498645,0.0130594
43.26,-0.000179951,0.00591652
43.28,0.00704876,0.00505935
43.3,0.00353724,0.00434964
43.32,-0.000130404,0.00629491
43.34,-0.00251318,0.00790785
43.36,-0.00202531,0.00671221
43.38,0.00085168,0.00501495
43.4,0.00616297,-0.00489245
43.42,0.00454603,-0.0129604
43.44,-0.000152707,-0.00634769
43.46,0.00878412,0.00274707
43.48,0.0166906,0.00602269
43.502,0.00433561,0.000641267
43.52,0.0032441,-0.000956213
43.54,0.0119159,0.00565862
43.56,0.0152787,0.0101637
43.58,0.0112347,0.0106083
43.6,0.00863553,0.00931219
43.62,0.0124857,0.00835303
43.64,0.00832028,0.00914877
43.66,-0.012883,-0.00404581
43.68,-0.00947849,-0.00175187
43.7,-0.00388224,0.00700548
43.72,-0.0154601,0.00725712
43.74,-0.01136,0.00638812
43.76,-0.00821899,0.00584372
43.78,-0.0118767,0.00694291
43.8,-0.0166535,0.011468
43.82,-0.0176717,0.01304
43.84,-0.0187297,0.0143518
43.86,-0.0231702,0.0181191
43.88,-0.00597011,0.00980529
43.9,0.0112992,-0.00146635
43.92,0.031209,-0.0137086
43.94,0.0202372,-0.0092659
43.96,0.0123289,-0.00174562
43.98,0.0177909,-0.00135027
44,0.0126417,-0.00537703
44.02,0.00552398,-0.00589395
44.04,0.0106531,-0.00261081
44.06,0.0141595,0.00204325
44.08,0.0116556,0.00101251
44.1,0.010624,0.00192845
44.12,0.0143756,0.00553026
44.14,-0.000910099,-0.0017994
44.16,-0.0204758,-0.0125096
44.18,-0.0130961,0.00207667
44.2,-0.0107752,0.00945829
44.22,-0.0183426,0.00218602
44.24,-0.00961455,2.41294e-05
44.26,-0.00906604,0.00323223
44.28,-0.0184554,0.00824152
44.3,-0.02114,0.0131648
44.32,-0.0230122,0.0147796
44.34,-0.022673,0.0145547
44.36,-0.0213866,0.0156674
44.38,-0.0105516,0.006671
44.4,0.00307796,-0.00810267
44.42,0.0226508,-0.0309244
44.44,0.0104441,-0.0301965
44.46,-0.00131087,-0.0223183
44.48,0.00747297,-0.0151334
44.5,0.00907201,-0.0142422
44.52,-0.00492322,-0.0175508
44.54,-0.00742757,-0.0236616
44.56,-0.00519245,-0.0201242
44.58,-0.00129853,-0.0150602
44.6,-0.00164965,-0.0156772
44.62,-0.00726588,-0.0166297
44.64,-0.0019493,-0.0129881
44.66,0.0246441,0.00506562
44.68,0.024432,0.011598
44.7,-0.00520012,0.0058148
44.72,-0.00430574,0.0113106
44.74,0.00355699,0.0137478
44.76,-0.00189047,0.00798097
44.78,-0.000409248,0.00929238
44.8,-0.00467172,0.0107085
44.82,-0.00675616,0.0121532
44.84,-0.0103904,0.0140391
44.86,-0.0138255,0.016421
44.88,-0.00773311,0.0126464
44.9,0.00396098,0.00120333
44.92,0.0205455,-0.0189776
44.94,0.00862158,-0.0206244
44.96,-0.000926737,-0.012479
44.98,0.00900522,-0.00339591
45,0.0134537,-0.00313488
45.02,0.002182,-0.00696595
45.04,0.00117713,-0.00817479
45.06,0.00776565,-0.0024312
45.08,0.00973034,0.0033539
45.1,0.00640927,0.000191761
45.12,0.00358097,-0.00242284
45.14,0.00455184,-0.00134726
45.16,0.00443389,0.00794251
45.18,-0.010161,0.00995201
45.2,-0.00938917,0.0113593
45.22,-0.00706121,0.0120329
45.24,-0.00989931,0.0104851
45.26,-0.00977235,0.0108376
45.28,-0.0131115,0.0137769
45.3,-0.0168795,0.0163673
45.32,-0.0185939,0.0184348
45.34,-0.0231059,0.0219237
45.36,-0.0216889,0.0225943
45.38,0.00133463,0.0113396
45.4,0.020251,-0.00505213
45.42,0.03642,-0.0229454
45.44,0.0158664,-0.0160567
45.46,0.00856947,-0.00829524
45.48,0.0146349,-0.00778314
45.5,0.0103652,-0.0127806
45.52,0.00113388,-0.0126235
45.54,0.00678959,-0.0104028
45.56,0.00757244,-0.00664274
45.58,0.00356889,-0.00906889
45.6,0.0012936,-0.0092618
45.62,0.0042641,-0.00646839
45.64,0.00417955,-0.00603611
45.66,0.00901783,0.000420257
45.68,-0.00102883,0.00134613
45.7,-0.00168934,-0.00112411
45.72,0.00366663,-0.00110869
45.74,-0.00282911,0.00219578
45.76,-0.00775046,0.00659423
45.78,-0.00641985,0.00733922
45.8,-0.00452804,0.00485286
45.82,-0.00832582,0.00645597
45.84,-0.0130031,0.0103855
45.86,-0.016327,0.0126972
45.88,-0.0102002,0.0112632
45.9,0.00113931,-0.000110968
45.92,0.0171025,-0.0195246
45.94,0.00658725,-0.0201862
45.96,-0.00155252,-0.0114921
45.98,0.0113247,-0.00260808
46,0.0135223,-0.00139351
46.02,0.000357943,-0.00525074
46.04,-0.00241048,-0.0109882
46.06,0.00403492,-0.00628182
46.08,0.00578683,-0.00236063
46.1,0.00566183,-0.00192111
46.12,0.00223466,-0.00193603
46.14,0.00396882,-0.00102587
46.16,0.00560098,0.00314664
46.18,-0.00839186,0.0038922
46.2,-0.00556563,0.00878953
46.22,-0.0048598,0.00850542
46.24,-0.00745749,0.00792567
46.26,-0.00883794,0.0101608
46.28,-0.0137883,0.0125367
46.3,-0.0157129,0.0139674
46.32,-0.0179042,0.0170614
46.34,-0.0236002,0.0203134
46.36,-0.0292851,0.02524
46.38,-0.0153764,0.0221272
46.4,-0.0016918,0.015865
46.42,0.0102021,0.00464138
46.44,0.0335115,-0.0178774
46.46,0.0264596,-0.0170469
46.48,0.019123,-0.00562852
46.5,0.0197702,-0.0017159
46.52,0.0170632,-0.00795042
46.54,0.00676513,-0.00917961
46.56,0.0120291,-0.00490977
46.58,0.018776,0.00238914
46.6,0.0164713,0.00127376
46.62,0.0108741,-0.000852021
46.64,0.009314,-3.36583e-05
46.66,-0.00525724,-0.0123573
46.68,-0.00959148,-0.0129541
46.7,0.00228711,-0.00199818
46.72,-0.00668248,-0.0053831
46.74,-0.00409523,-0.00669
46.76,0.00108861,-0.00579721
46.78,-0.00580241,-0.00367617
46.8,-0.00653089,-0.000338489
46.82,-0.00569963,-0.00084419
46.84,-0.00685923,0.000327361
46.86,-0.0114062,0.00425194
46.88,-0.0166694,0.00678745
46.9,-0.00647462,0.00486546
46.92,0.0142885,-0.00512906
46.94,0.0205489,-0.0126408
46.96,6.70673e-05,-0.00676502
46.98,0.00623092,-0.00222688
47,0.0113164,-0.0046526
47.02,-0.000736707,-0.00587156
47.04,0.000702789,-0.00632606
47.06,0.00610895,-0.00136294
47.08,0.00677914,-0.000143636
47.1,0.00536654,-0.000237247
47.12,0.00585389,0.00115887
47.14,0.0076087,0.00269403
47.16,-0.00848628,-0.00308886
47.18,-0.0162906,0.00641885
47.2,-0.0159224,0.0194259
47.22,-0.0220845,0.0131611
47.24,-0.0144848,0.00936143
47.26,-0.0129454,0.0122668
47.28,-0.0235574,0.0179459
47.3,-0.0270316,0.0212889
47.32,-0.0235497,0.0203248
47.34,-0.0257083,0.0206151
47.36,-0.0314431,0.0271046
47.38,-0.0189435,0.0209783
47.4,-0.00437481,0.00484056
47.42,0.0113645,-0.0198669
47.44,0.0252348,-0.0429815
47.46,0.0064391,-0.0425499
47.48,-0.0107546,-0.0394958
47.5,-0.00396589,-0.030454
47.52,0.00555608,-0.0243233
47.54,-0.00966975,-0.0300065
47.56,-0.0202031,-0.0376041
47.58,-0.0153696,-0.0362293
47.6,-0.0155136,-0.0331242
47.62,-0.0124518,-0.028582
47.64,-0.00189506,-0.0157331
47.66,0.0247698,0.00855158
47.68,0.0518002,0.0284322
47.7,0.0173892,0.0226638
47.72,-0.0101299,0.0138615
47.74,0.00670179,0.0200233
47.76,0.00596642,0.0187289
47.78,0.000300916,0.0116853
47.8,0.00742799,0.0122481
47.82,0.00326357,0.0106043
47.84,0.0001367,0.0110418
47.86,-0.00187694,0.0126213
47.88,-0.00174026,0.012714
47.9,0.00485844,0.00347352
47.92,0.0139915,-0.0143723
47.94,0.00893309,-0.018847
47.96,0.00061622,-0.0141655
47.98,0.00487936,-0.00590595
48,0.00947257,-0.00582056
48.02,0.00267332,-0.00806774
48.04,0.000509446,-0.0083713
48.06,0.00495096,-0.00474985
48.08,0.00504648,-0.00100546
48.1,0.00302395,-0.00289519
48.12,0.00123802,-0.00635114
48.14,0.00184106,-0.00436248
48.16,0.000142378,-0.00481589
48.18,0.020368,0.00968759
48.2,0.0095583,0.0113455
48.22,-0.00680423,0.0069955
48.24,0.00281413,0.00627527
48.26,0.00676117,0.0051801
48.28,-0.00208011,0.00573278
48.3,-0.00348312,0.0100405
48.32,-0.00413373,0.00881803
48.34,-0.00367162,0.00821845
48.36,-0.00914893,0.0120249
48.38,-0.0178346,0.0160574
48.4,-0.00236722,0.0163241
48.42,0.0187133,0.011319
48.44,0.0408185,0.00476773
48.46,0.0278667,0.011317
48.48,0.0247068,0.0137955
48.499,0.0238088,0.00712648
48.52,0.015268,0.0049701
48.54,0.01664,0.00763127
48.56,0.0214778,0.0111437
48.58,0.018774,0.0113614
48.6,0.0197288,0.0130476
48.62,0.024749,0.0176806
48.64,0.0119937,0.0129323
48.66,-0.00454347,0.000903511
48.68,-0.0285729,-0.0151742
48.7,-0.0217286,-0.0128883
48.72,-0.00967584,-0.00487087
48.74,-0.0204262,-0.00593829
48.76,-0.0151909,-0.00760319
48.78,-0.0082092,-0.00730453
48.8,-0.0129128,-0.0051436
48.82,-0.0155091,-0.00135071
48.84,-0.0161743,0.00048289
48.86,-0.0166259,0.0014415
48.88,-0.0183675,0.00617505
48.9,-0.013798,0.00271718
48.92,-0.00217887,-0.00571779
48.94,0.0145694,-0.0226513
48.96,-0.000544526,-0.0178049
48.98,-0.00281965,-0.0090247
49,0.010203,-0.0082071
49.02,0.000360685,-0.00729258
49.04,-0.00495665,-0.0112462
49.06,-0.00158456,-0.0102067
49.08,0.00309164,-0.005817
49.1,0.00355426,-0.00437421
49.12,0.00156875,-0.00350741
49.14,0.00241113,-0.00219594
49.16,0.00301345,-0.00166763
49.18,-0.00479706,0.00346541
49.2,-0.0126704,0.00919772
49.22,-0.0116627,0.0122017
49.24,-0.0116434,0.0105378
49.26,-0.0122343,0.0115916
49.28,-0.0176899,0.0150754
49.3,-0.0205646,0.0179192
49.32,-0.0229394,0.020196
49.34,-0.0282013,0.0244366
49.36,-0.0333887,0.0288213
49.38,-0.0180567,0.0231288
49.4,-0.00683142,0.00695526
49.42,0.0028937,-0.0168548
49.44,0.0192957,-0.044569
49.46,0.00885164,-0.0408975
49.48,-0.00192648,-0.031722
49.5,0.00193647,-0.0226233
49.52,0.00891921,-0.0176591
49.54,0.00283377,-0.0202395
49.56,-0.00768291,-0.0242881
49.58,-0.00761553,-0.0233931
49.6,-0.00492667,-0.0224906
49.62,-0.00884477,-0.0242285
49.64,-0.00185055,-0.0160073
49.66,0.0138223,0.00228857
49.68,0.0370462,0.0254573
49.7,0.00806759,0.0217363
49.72,-0.0102718,0.0114078
49.74,0.011749,0.00604597
49.76,0.0178602,0.0043588
49.78,0.00429146,0.0059291
49.8,0.000899323,0.0101674
49.82,0.00619213,0.00572686
49.84,0.00862966,0.00191037
49.86,0.00203222,0.00547659
49.88,-0.00562343,0.00938144
49.9,-0.0113477,0.0129247
49.92,0.00971072,0.00581649
49.94,0.0290646,-0.00631407
49.96,0.0117965,-0.00527952
49.98,0.00403797,-0.000464546
50,0.012455,-0.00446854
50.02,0.00552716,-0.00354066
50.04,0.0031182,-0.00360531
50.06,0.00448485,-0.00373508
50.08,0.00357126,-0.00368345
50.1,0.00343717,-0.00220973
50.12,0.00443601,-0.00156913
50.14,0.0028897,-0.00168741
50.16,0.00412557,-0.000673493
50.18,0.00361134,0.00615695
50.2,-0.00377366,0.00382386
50.22,-0.00232438,0.0028258
50.24,-0.000888833,0.00504771
50.26,-0.0079216,0.0091891
50.28,-0.0109111,0.0119893
50.3,-0.00974952,0.010534
50.32,-0.0108151,0.0109367
50.34,-0.0167466,0.0145407
50.36,-0.0216915,0.0192475
50.38,-0.0199221,0.0205124
50.4,-0.00912977,0.0100488
50.42,0.00856704,-0.00661361
50.44,0.0238773,-0.0254967
50.46,0.00770294,-0.0228002
50.48,-0.00523004,-0.014788
50.5,0.0115714,-0.00914234
50.52,0.00838438,-0.00773055
50.54,-0.00143908,-0.0105935
50.56,-0.00120997,-0.013318
50.58,0.00198597,-0.00991453
50.6,0.00215456,-0.00840874
50.62,0.000385646,-0.00814963
50.64,-0.00112405,-0.00806548
50.66,0.00694199,-0.00193432
50.68,0.0170948,0.00959779
50.7,-0.0052944,0.00586431
50.72,-0.00618644,0.00849973
50.74,0.00121325,0.0100814
50.76,-0.00401626,0.00722678
50.78,-0.00564311,0.0105416
50.8,-0.00961832,0.0122501
50.82,-0.0106064,0.0126128
50.84,-0.0136321,0.0147151
50.86,-0.0200883,0.0193282
50.88,-0.0220704,0.0241651
50.9,-0.00975653,0.0195246
50.92,0.00721179,0.00776113
50.94,0.0306685,-0.0127422
50.96,0.0237067,-0.0137227
50.98,0.0144806,-0.00803891
51,0.0123191,-0.00283625
51.02,0.0188834,4.43563e-05
51.04,0.0163509,0.00068703
51.06,0.0119471,0.000451319
51.08,0.0150248,0.00468401
51.1,0.0193834,0.00806935
51.12,0.0178491,0.00756025
51.14,0.0124459,0.00679476
51.16,-0.00269111,-0.00786424
51.18,-0.016727,-0.0229769
51.2,0.00161208,-0.00831066
51.22,-0.00527511,0.000962069
51.24,-0.012327,-0.00485111
51.26,0.00223695,-0.00703952
51.28,-0.000370304,-0.00731783
51.3,-0.0073755,-0.00231231
51.32,-0.00574406,-0.00159828
51.34,-0.00174835,-0.00420938
51.36,-0.00583223,-0.00131415
51.38,-0.013874,0.00281336
51.4,-0.0158005,0.0079805
51.42,0.00512345,0.00389325
51.44,0.0266802,-0.00525353
51.46,0.0121135,-0.00203348
51.48,0.0059981,0.00230696
51.5,0.0115754,-0.00270142
51.52,0.00529698,-0.00216094
51.54,0.00662939,0.00104218
51.56,0.0114622,0.00373172
51.58,0.00953296,0.00397124
51.6,0.0104496,0.00620579
51.62,0.0148319,0.00920692
51.64,0.0118342,0.00962869
51.66,-0.00774208,-0.00198991
51.68,-0.0269793,-0.0100767
51.7,-0.0100233,0.00619573
51.72,-0.0175835,0.00829028
51.74,-0.0211337,0.00161829
51.76,-0.0089434,0.00198101
51.78,-0.0123868,0.00404839
51.8,-0.0198617,0.00791356
51.82,-0.019646,0.010872
51.84,-0.0183062,0.00955408
51.86,-0.0225677,0.0131131
51.88,-0.0248412,0.0183569
51.9,-0.0132565,0.00770944
51.92,0.00304412,-0.00986961
51.94,0.0213862,-0.0330908
51.96,0.00659769,-0.0305772
51.98,-0.0038031,-0.0202136
52,0.0104169,-0.0122576
52.02,0.0085274,-0.0118688
52.04,-0.00304116,-0.0157851
52.06,-0.00289508,-0.0174378
52.08,0.00289832,-0.0130234
52.1,0.00282239,-0.0101716
52.12,-0.000377139,-0.0109985
52.14,-0.00222452,-0.0109941
52.16,0.00825234,-0.00292591
52.18,0.0210787,0.00909371
52.2,-0.00237372,0.00467406
52.22,-0.00366513,0.00526166
52.24,0.006564,0.00634882
52.26,0.000385439,0.00408585
52.28,-0.00433737,0.00877297
52.3,-0.00781782,0.0110432
52.32,-0.00748806,0.0104579
52.34,-0.0114147,0.0131083
52.36,-0.0188141,0.0184774
52.38,-0.0204958,0.0217672
52.4,-0.00737775,0.0129853
52.42,0.00976459,-0.00476186
52.44,0.0236257,-0.0237453
52.46,0.00990245,-0.0188687
52.48,0.00309524,-0.0089427
52.5,0.0120153,-0.00277131
52.52,0.0176505,0.000394505
52.54,0.0130484,0.000946647
52.56,0.0108252,0.000143332
52.58,0.0142058,0.00546424
52.6,0.0173676,0.00862284
52.62,0.0147064,0.0065557
52.64,0.0124662,0.00793068
52.66,-0.00191075,-0.00204606
52.68,-0.017216,-0.0118391
52.7,0.00170404,0.00198093
52.72,-0.00637017,0.002386
52.74,-0.00713755,-0.00416239
52.76,0.00453078,-0.00389213
52.78,-0.00286814,-0.00323013
52.8,-0.00657697,0.000980309
52.82,-0.00446858,0.000650701
52.84,-0.0029177,-0.000777692
52.86,-0.00820834,0.00300661
52.88,-0.0155287,0.00701675
52.9,-0.01312,0.0100584
52.92,0.0121312,0.00590325
52.94,0.032626,-0.0020451
52.96,0.0178409,0.0023488
52.98,0.0119235,0.00676158
53,0.0154204,0.00051649
53.02,0.00878708,0.000918046
53.04,0.0101436,0.00421894
53.06,0.0149896,0.00664446
53.08,0.0125652,0.00690467
53.1,0.0138231,0.00922902
53.12,0.0188398,0.0130803
53.14,0.011669,0.0107717
53.16,-0.00621756,-0.00376635
53.18,-0.0272922,-0.0180627
53.2,-0.0119619,-0.00823366
53.22,-0.00797248,0.000278238
53.24,-0.0221243,-0.000495874
53.26,-0.0163012,-0.000364378
53.28,-0.00756422,-0.00193333
53.3,-0.0104403,-0.00237231
53.32,-0.0155702,0.00314869
53.34,-0.0174506,0.005408
53.36,-0.0169054,0.00553271
53.38,-0.0185575,0.00960268
53.4,-0.0121996,0.00598853
53.42,0.00389826,-0.00495749
53.44,0.0198541,-0.0218071
53.46,0.00415565,-0.0158159
53.48,0.00124337,-0.00587711
53.5,0.0175326,-0.00313988
53.52,0.00907392,-0.000701645
53.54,0.00418628,-0.00443031
53.56,0.0058913,-0.00339574
53.58,0.0116892,0.0013843
53.6,0.0123285,0.003992
53.62,0.0113045,0.00527671
53.64,0.0111389,0.00667089
53.66,-0.00792976,-0.00256462
53.68,-0.0207346,-0.0100386
53.7,-0.000918914,0.00341182
53.72,-0.0107362,0.00466204
53.74,-0.0144426,0.00152161
53.76,-0.00544505,0.00373467
53.78,-0.0133215,0.00536008
53.8,-0.0162397,0.00861085
53.82,-0.0154918,0.00948344
53.84,-0.0183725,0.0114023
53.86,-0.0263696,0.0174281
53.88,-0.0248661,0.0200221
53.9,-0.0113625,0.01438
53.92,0.00306599,0.00560124
53.94,0.0237095,-0.0104896
53.96,0.0297535,-0.0211085
53.98,0.0153686,-0.011958
54,0.0141,-0.00203552
54.02,0.0229307,-0.00308247
54.04,0.0138254,-0.00348276
54.06,0.0108615,-0.00308294
54.08,0.0164371,0.0025732
54.1,0.0176834,0.0036732
54.12,0.0159617,0.0051517
54.14,0.00989807,0.00259583
54.16,-0.000823785,-0.0101414
54.18,-0.0154282,-0.0229884
54.2,0.00327877,-0.00974686
54.22,-0.000809649,-0.00476326
54.24,-0.00882365,-0.0117576
54.26,0.00636231,-0.011907
54.28,0.00403125,-0.0125517
54.3,-0.00151516,-0.00898842
54.32,-0.000719499,-0.00694181
54.34,0.000947522,-0.00857855
54.36,0.000163911,-0.00758361
54.38,-0.00434433,-0.00627449
54.4,-0.0059235,-0.00305746
54.42,0.00672928,-0.00287929
54.44,0.00584839,0.00252974
54.46,0.00258607,0.00345686
54.48,0.00716467,0.00480187
54.5,0.00777336,0.0058699
54.52,0.0073542,0.00561695
54.54,0.00852933,0.00769352
54.56,0.0123283,0.0117356
54.58,0.0144716,0.0136526
54.6,0.0164777,0.0162528
54.62,0.0189624,0.0187272
54.64,0.00865813,0.0148128
54.66,-0.00624637,0.00483676
54.68,-0.0292628,-0.00502679
54.7,-0.0248163,-0.00489711
54.72,-0.00975588,0.00308484
54.74,-0.0210875,0.00164986
54.76,-0.0204765,0.00225516
54.78,-0.0167065,0.00460335
54.8,-0.0173291,0.00373765
54.82,-0.0201032,0.00703602
54.84,-0.0226718,0.00959198
54.86,-0.0240285,0.0118038
54.88,-0.0232446,0.0139833
54.9,-0.0125022,0.00372953
54.92,0.00363586,-0.0127499
54.94,0.0172016,-0.0301725
54.96,0.00165639,-0.0242357
54.98,-0.00174028,-0.0140367
55,0.0125089,-0.00979113
55.02,0.00554822,-0.0082572
55.04,0.000506015,-0.0112701
55.06,0.00191854,-0.0109622
55.08,0.00427338,-0.00815397
55.1,0.00504124,-0.00617235
55.12,0.00414162,-0.00485798
55.14,0.0034781,-0.00415519
55.16,0.00490577,-0.00238798
55.18,-0.000463735,0.00285496
55.2,-0.0098467,0.0079121
55.22,-0.00760016,0.0103589
55.24,-0.00750381,0.00941142
55.26,-0.0110756,0.0107921
55.28,-0.0158072,0.0148266
55.3,-0.0199522,0.0175888
55.32,-0.0208546,0.0191026
55.34,-0.0258215,0.0229236
55.36,-0.0317034,0.0270527
55.38,-0.0188957,0.0234006
55.4,-0.00658117,0.0148459
55.42,0.00812972,0.0015674
55.44,0.0359979,-0.0213924
55.46,0.0303912,-0.0292458
55.48,0.0102817,-0.0258997
55.5,0.00687982,-0.0173327
55.52,0.018971,-0.00834497
55.54,0.0146929,-0.00760849
55.56,0.00419879,-0.014069
55.58,0.00111705,-0.0152965
55.6,0.00248086,-0.0134955
55.619,0.00350113,-0.0120325
55.64,0.0019295,-0.0121268
55.66,0.00778613,-0.00713963
55.68,0.0170832,-0.00133105
55.7,0.00346507,-0.00782831
55.72,0.00857273,-0.00804266
55.74,0.0142754,-0.00588335
55.76,0.00659691,-0.00850315
55.78,0.0101946,-0.00758624
55.8,0.0107533,-0.00852741
55.82,0.00892671,-0.00849954
55.84,0.00807876,-0.00703048
55.86,0.00736782,-0.0069912
55.88,0.00516759,-0.00853173
55.9,0.00303356,-0.00443132
55.92,-0.00978502,0.00356047
55.94,-0.00341506,-0.000375757
55.96,-0.00064948,-0.00362904
55.98,-0.00638524,0.00111046
56,-0.00157318,0.0012543
56.02,-0.000899419,0.00131448
56.04,-0.000124731,0.00301395
56.06,0.00347074,0.00540354
56.08,0.00381016,0.005508
56.1,0.00298544,0.00643981
56.12,0.00509502,0.00792857
56.14,0.00638427,0.00884721
56.16,-0.00242334,0.00372214
56.18,-0.0108038,0.00400735
56.2,-0.00748965,0.0108439
56.22,-0.0111418,0.00744808
56.24,-0.0088808,0.00611612
56.26,-0.00848477,0.0083129
56.28,-0.0134843,0.0110185
56.3,-0.0134418,0.0119291
56.32,-0.0148136,0.0122606
56.34,-0.0136717,0.0107683
56.36,-0.021339,0.016366
56.38,-0.0249338,0.0225216
56.4,-0.015193,0.0133161
56.42,-0.00275247,-0.00234829
56.44,0.0153006,-0.0256167
56.46,0.00741125,-0.0303271
56.48,-0.0106266,-0.0284494
56.5,-0.00757817,-0.0200137
56.52,0.00165155,-0.0193451
56.54,-0.0118519,-0.0228568
56.56,-0.0174686,-0.0278835
56.58,-0.0139859,-0.0272742
56.6,-0.0157454,-0.0260459
56.62,-0.0185021,-0.0278974
56.64,-0.00843635,-0.0177312
56.66,0.00775004,0.00215991
56.68,0.0437446,0.0281865
56.7,0.024482,0.0292317
56.72,-0.00608319,0.0195457
56.74,-0.00532811,0.0160369
56.76,0.00901867,0.0167692
56.78,0.00289118,0.0110672
56.8,-0.000249032,0.012591
56.82,-0.00155309,0.0145135
56.84,-0.00172679,0.0122508
56.86,-0.00512626,0.0135027
56.88,-0.00799676,0.0173841
56.9,-0.00278984,0.00938128
56.92,0.00821309,-0.00824754
56.94,0.0157706,-0.0224554
56.96,0.004503,-0.0198719
56.98,-0.00183384,-0.0113061
57,0.00856831,-0.00652397
57.02,0.00897494,-0.00638784
57.04,0.00157524,-0.00780428
57.06,0.00179029,-0.00804172
57.08,0.00462294,-0.00306742
57.1,0.00375114,-0.00373861
57.12,0.00028294,-0.00759469
57.14,-0.00170964,-0.00764979
57.16,0.00032571,-0.00590099
57.18,0.0252506,0.00795747
57.2,0.014214,0.00762576
57.22,-0.00269392,0.00253541
57.24,0.0104233,0.00221257
57.26,0.0131272,0.000886573
57.28,0.00323767,0.00164268
57.3,0.00166005,0.00670925
57.32,0.00195033,0.00409936
57.34,0.00298907,0.0029307
57.36,-0.00322504,0.00706991
57.38,-0.00914758,0.0104962
57.4,-0.0128441,0.0136228
57.42,0.00953511,0.00810895
57.44,0.0285438,-0.00116097
57.46,0.0113555,0.00440844
57.48,0.00693608,0.00837662
57.5,0.0119774,0.000880795
57.52,0.00342999,-0.000595959
57.54,0.003497,0.00243546
57.56,0.0103334,0.00459053
57.58,0.00736416,0.00446388
57.6,0.00642094,0.00498625
57.62,0.0105563,0.00735002
57.64,0.0114366,0.00900454
57.66,-0.00520307,0.000461486
57.68,-0.0188039,-0.00202301
57.7,-0.00803227,0.00765428
57.72,-0.0120674,0.00527649
57.74,-0.0145729,0.0034919
57.76,-0.00822301,0.0051778
57.78,-0.0121817,0.0071751
57.8,-0.0162056,0.00934114
57.82,-0.0161087,0.01102
57.84,-0.0160042,0.0100072
57.86,-0.022045,0.0151216
57.88,-0.0262093,0.0211159
57.9,-0.0139455,0.0107486
57.92,0.00385627,-0.00473666
57.94,0.0250401,-0.0262589
57.96,0.0101317,-0.0261258
57.98,-0.00552581,-0.0192119
58,0.00626796,-0.0128509
58.02,0.00819671,-0.011443
58.04,-0.00380274,-0.0144953
58.06,-0.00574164,-0.0187898
58.08,-0.00168104,-0.0155747
58.1,-0.00107168,-0.012737
58.12,-0.00317608,-0.0134894
58.14,-0.00691299,-0.0145629
58.16,0.00568398,-0.00494591
58.18,0.0294275,0.0109352
58.2,0.00832449,0.00629313
58.22,-0.00859672,0.00363411
58.24,0.00293068,0.0094555
58.26,0.000776798,0.00719961
58.28,-0.00430732,0.00788345
58.3,-0.00511695,0.0102649
58.32,-0.00538148,0.0092714
58.34,-0.00775246,0.0104754
58.36,-0.0143208,0.0150177
58.38,-0.0180824,0.0203992
58.4,-0.00775307,0.01262
58.42,0.00743078,-0.00240498
58.44,0.0216714,-0.0210168
58.46,0.00558108,-0.0188211
58.48,0.000229118,-0.0109561
58.5,0.00842581,-0.00526034
58.52,0.00841922,-0.00727603
58.54,-0.00107422,-0.00935523
58.56,0.000745653,-0.0090792
58.58,0.00421647,-0.003792
58.6,0.00302923,-0.00522879
58.62,-0.00264547,-0.0102724
58.64,-0.00218287,-0.00866599
58.66,0.00076736,-0.00613522
58.68,0.0190745,0.00846741
58.7,0.00129044,0.0081857
58.72,-0.00786944,0.00393417
58.74,0.00585271,0.00516734
58.76,0.00273601,0.00271894
58.78,-0.00192897,0.00507188
58.8,-0.00481231,0.0083802
58.82,-0.0052843,0.0077506
58.84,-0.00592243,0.00868226
58.86,-0.0126972,0.0132016
58.88,-0.0198414,0.0171058
58.9,-0.0104155,0.016296
58.92,0.00930412,0.00506576
58.94,0.0286931,-0.00809705
58.96,0.0172757,-0.00670586
58.98,0.00769134,-0.000831337
59,0.0130044,-0.00412655
59.02,0.00707513,-0.00650275
59.04,0.00341711,-0.00530263
59.06,0.00761451,-0.00300783
59.08,0.00718835,-0.00267808
59.1,0.00472243,-0.00225974
59.12,0.00656165,-0.00118478
59.14,0.00727897,0.000416794
59.16,-0.00153325,-0.00341908
59.18,-0.010054,0.00293153
59.2,-0.00787453,0.0114991
59.22,-0.0129475,0.0056417
59.24,-0.00614452,0.00533399
59.26,-0.00881608,0.00771555
59.28,-0.0153903,0.0110148
59.3,-0.0159192,0.0132275
59.32,-0.0150328,0.0122993
59.34,-0.0187141,0.0142656
59.36,-0.0246911,0.0196475
59.38,-0.0225677,0.0197334
59.4,-0.0123413,0.0103522
59.42,0.00416451,-0.00541271
59.44,0.0250547,-0.0281193
59.46,0.0135226,-0.0288336
59.48,-0.0028294,-0.0207835
59.5,0.00874389,-0.0131135
59.52,0.0128544,-0.0108188
59.54,0.00017577,-0.0132611
59.56,-0.00292518,-0.0177593
59.58,0.00250787,-0.0130287
59.6,0.0049008,-0.00953284
59.62,0.00201932,-0.00936268
59.64,-0.000804946,-0.00991146
59.66,0.00367613,-0.00653892
59.68,0.0221583,0.00756467
59.7,0.00402409,0.00435571
59.72,-0.00448574,0.00148779
59.74,0.0104083,0.0048993
59.76,0.0027925,0.00175419
59.78,-0.00167496,0.00725207
59.8,-0.00724824,0.0106292
59.82,-0.00717034,0.0101136
59.84,-0.0090219,0.0116049
59.86,-0.015734,0.0161151
59.88,-0.0197503,0.0208068
59.9,-0.00991176,0.0141459
59.92,0.00511518,-0.00408555
59.94,0.0197125,-0.0257329
59.96,0.0048928,-0.0231482
59.98,-0.00396096,-0.0144025
60,0.00410833,-0.00833481
60.02,0.0106946,-0.00490529
60.04,0.00597603,-0.00451421
60.06,0.00269086,-0.00678428
60.08,0.00408454,-0.00311605
60.1,0.00661118,-0.0004114
60.12,0.00371214,-0.0049049
60.14,0.000183041,-0.00434352
60.16,0.00868991,0.00144616
60.18,0.00964144,0.00479738
60.2,-0.00280676,0.0018289
60.22,0.00186011,0.00478244
60.24,0.00167435,0.00527573
60.26,-0.00151296,0.00298206
60.28,0.000875132,0.00336383
60.3,-0.00253245,0.00481196
60.32,-0.00552276,0.00708516
60.34,-0.00699286,0.00809984
60.36,-0.00805597,0.00916975
60.38,-0.0113988,0.00930193
60.4,0.00259499,0.00883724
60.42,0.0245036,0.00345437
60.44,0.0328791,0.000921632
60.46,0.0146777,0.0113561
60.48,0.0223985,0.00946101
60.5,0.0196194,0.00578944
60.52,0.0119083,0.00617932
60.54,0.0169938,0.00782895
60.56,0.0192653,0.0117961
60.58,0.0176819,0.0117352
60.6,0.0184079,0.0132172
60.62,0.0226386,0.0172985
60.64,0.0119854,0.0124177
60.66,-0.00388329,-0.00198646
60.68,-0.0258626,-0.0192455
60.7,-0.0182961,-0.0162923
60.72,-0.00471811,-0.00629863
60.74,-0.0185954,-0.00465544
60.76,-0.0166028,-0.00709931
60.78,-0.00669422,-0.00651843
60.8,-0.00900546,-0.00618193
60.82,-0.012333,-0.00271912
60.84,-0.0116422,-0.00195143
60.86,-0.0123121,-0.00107224
60.88,-0.01409,0.00344929
60.9,-0.0119453,0.000874045
60.92,-0.000481701,-0.0115454
60.94,0.00349861,-0.0209942
60.96,-0.00631267,-0.0163237
60.98,-0.00391154,-0.00895451
61,0.0068345,-0.00598684
61.02,-0.000458455,-0.00462172
61.04,-0.00402198,-0.00912289
61.06,-0.000688982,-0.00749202
61.08,0.00364295,-0.00375629
61.1,0.00176736,-0.00290615
61.12,0.000126984,-0.00276328
61.14,0.0024471,-0.000643412
61.16,0.0038164,2.90303e-05
61.18,-0.00385443,0.00306255
61.2,-0.00983914,0.00904453
61.22,-0.00845086,0.0104923
61.24,-0.0105257,0.0107717
61.26,-0.0121369,0.0109536
61.28,-0.0137529,0.0119134
61.3,-0.0152814,0.0138089
61.32,-0.0197578,0.0171531
61.34,-0.0239896,0.0209115
61.36,-0.0283134,0.0240101
61.38,-0.0232301,0.0234214
61.4,-0.0104631,0.0172954
61.42,0.00478261,0.00444023
61.44,0.0257943,-0.014515
61.46,0.0287947,-0.0257108
61.48,0.015482,-0.0152688
61.5,0.0157269,-0.00298114
61.52,0.0245814,-0.00118325
61.54,0.0160931,-0.00360495
61.56,0.0113134,-0.00289944
61.58,0.0206752,0.00341202
61.6,0.0216291,0.00783683
61.62,0.0178935,0.00604537
61.64,0.0184119,0.00870493
61.66,0.00382861,-0.000349531
61.68,-0.0157881,-0.0149264
61.7,-0.0150422,-0.00911305
61.72,-0.00329796,0.00518663
61.74,-0.0140044,-0.00162776
61.76,-0.00617189,-0.00730244
61.78,0.0016144,-0.00628886
61.8,-0.00793776,-0.00245591
61.82,-0.0106739,0.00265736
61.84,-0.00916495,0.00206375
61.86,-0.00785621,0.000780338
61.88,-0.00988257,0.00020669
61.9,-0.0103919,0.00343259
61.92,0.00407226,-0.00431302
61.94,0.0227696,-0.0146888
61.96,0.0107349,-0.00998907
61.98,0.00438316,-0.00227204
62,0.0156182,-0.00493433
62.02,0.00616928,-0.00410619
62.04,0.0053052,-0.00365241
62.06,0.00957905,-0.00106301
62.08,0.00926464,0.000494191
62.1,0.00883919,0.00175515
62.12,0.0107576,0.00384879
62.14,0.0127313,0.00642501
62.16,0.000652046,0.000828531
62.18,-0.0188158,-0.00710941
62.2,-0.00895714,-0.000706856
62.22,-0.00560321,0.00164077
62.24,-0.0140754,-0.0002977
62.26,-0.00796364,0.00188426
62.28,-0.00820706,0.00219209
62.3,-0.0107671,0.00302073
62.32,-0.0113396,0.00532044
62.34,-0.012248,0.00501222
62.36,-0.0165226,0.00890369
62.38,-0.020115,0.014842
62.4,-0.0146188,0.00934196
62.42,-8.71188e-05,-0.0055234
62.44,0.0176468,-0.0266598
62.46,0.0063735,-0.0237771
62.48,-0.00507762,-0.0135131
62.5,0.00984887,-0.00679251
62.52,0.0105552,-0.00541673
62.54,0.00160933,-0.00588447
62.56,0.00251784,-0.00854029
62.58,0.0052237,-0.00530392
62.6,0.00651747,-0.00308857
62.62,0.00593709,-0.00179692
62.64,0.00512902,-0.00100683
62.66,0.00520709,-0.000558338
62.68,-0.000739522,-0.000918611
62.7,-0.00654947,0.00769958
62.72,-0.00972809,0.0101877
62.74,-0.0101545,0.0115713
62.76,-0.0152347,0.0137587
62.78,-0.0150901,0.0145947
62.8,-0.0140365,0.0132124
62.82,-0.0178372,0.0161049
62.84,-0.0258387,0.0218864
62.86,-0.0310146,0.0262768
62.88,-0.0231612,0.0235501
62.9,-0.00718756,0.0138816
62.92,0.00330581,-0.00176603
62.94,0.0224563,-0.0215072
62.96,0.0228106,-0.0318503
62.98,0.00375328,-0.0279671
63,-0.00146807,-0.022287
63.02,0.00812196,-0.0200279
63.04,-0.00109842,-0.021488
63.06,-0.0117472,-0.0268146
63.08,-0.0120083,-0.0277778
63.1,-0.0126669,-0.0269007
63.12,-0.0161328,-0.030087
63.14,-0.0114442,-0.0252534
63.16,0.00467668,-0.00618576
63.18,0.0283381,0.019367
63.2,0.0277851,0.0271475
63.22,-0.00118228,0.0138814
63.24,0.00039726,0.00880512
63.26,0.0154509,0.00704984
63.28,0.0109319,0.00183138
63.3,0.00569196,0.00686376
63.32,0.00205293,0.00867513
63.34,0.00629733,0.00478356
63.36,0.00643632,0.00348593
63.38,-0.000980145,0.00457645
63.4,-0.0079804,0.0112244
63.42,0.0151814,0.00636796
63.44,0.0360162,-0.000492705
63.46,0.0234407,0.0116145
63.48,0.0193374,0.0147638
63.5,0.0241522,0.0083262
63.52,0.0137916,0.00589175
63.54,0.0128146,0.00771788
63.56,0.0193269,0.0106782
63.58,0.016758,0.0112653
63.6,0.0156351,0.0117118
63.62,0.0199077,0.0149923
63.639,0.0235439,0.0188214
63.66,0.00236657,0.00781044
63.68,-0.0157384,-0.00623831
63.7,-0.0223777,-0.0185996
63.72,-0.00555565,-0.0071136
63.74,-0.0143996,-0.00118443
63.76,-0.0181657,-0.00489143
63.78,-0.00619911,-0.00618493
63.8,-0.00405416,-0.00756543
63.82,-0.010838,-0.00375525
63.84,-0.0108799,-0.00126863
63.86,-0.00997212,-0.00185612
63.88,-0.0113771,0.00166626
63.9,-0.0161371,0.00448552
63.92,-0.00568514,-0.00307155
63.94,0.0089429,-0.0173286
63.96,0.00183933,-0.0163957
63.98,-0.0070738,-0.0087406
64,0.00835371,-0.00494789
64.02,0.0068071,3.06043e-05
64.04,0.000756645,-0.00408119
64.06,-0.000811983,-0.00599113
64.08,0.00649149,-0.000797029
64.1,0.00938021,0.00333938
64.12,0.00764254,0.0037379
64.14,0.00649902,0.00409933
64.16,0.00660132,0.00513934
64.18,-0.0180523,-0.00408925
64.2,-0.0172454,0.00564506
64.22,-0.0127217,0.0183252
64.24,-0.0223783,0.0125552
64.26,-0.0141291,0.0104917
64.28,-0.0168273,0.0146085
64.3,-0.0269453,0.018748
64.32,-0.0257185,0.0209589
64.34,-0.0284714,0.0228569
64.36,-0.031931,0.0258631
64.38,-0.0299843,0.0268786
64.4,-0.0155029,0.0183627
64.42,-0.00203765,0.000734725
64.44,0.0166978,-0.0244252
64.46,0.0246561,-0.0431961
64.48,0.0110727,-0.0420033
64.5,-0.00395291,-0.0346694
64.52,-0.000241135,-0.025201
64.54,0.0108677,-0.0176973
64.56,0.00485966,-0.0179307
64.58,-0.00621702,-0.0229223
64.6,-0.00816253,-0.0257742
64.62,-0.00683246,-0.0232419
64.64,-0.00234873,-0.0189027
64.66,0.00819676,-0.00575412
64.68,0.0302835,0.0141626
64.7,0.0181704,0.0137745
64.72,-0.00524956,0.00589149
64.74,0.00721825,0.00822091
64.76,0.0093203,0.0080729
64.78,0.00201577,0.00500055
64.8,0.00450716,0.00772577
64.82,0.00457925,0.00446425
64.84,0.00579525,0.00306092
64.86,0.00175868,0.00505611
64.88,-0.0049318,0.00720581
64.9,-0.0115765,0.013146
64.92,0.00655867,0.00775832
64.939,0.0273703,-0.000893095
64.96,0.0225714,-0.00467446
64.98,0.00520079,-0.00253013
65,0.00709363,-0.00439302
65.02,0.00745237,-0.00599288
65.04,0.00161913,-0.00525922
65.06,0.00199006,-0.00585602
65.08,0.00231655,-0.00539885
65.1,0.00184384,-0.00468139
65.12,0.00207146,-0.00423837
65.14,0.00110028,-0.004166
65.16,-0.000159947,-0.00481537
65.18,0.00785351,0.00674872
65.2,-0.00196526,0.00714928
65.22,-0.00840827,0.00458141
65.24,-0.000399942,0.00639501
65.26,-0.00596409,0.00912875
65.28,-0.0139327,0.012581
65.3,-0.0124795,0.0147085
65.32,-0.0136265,0.0139795
65.34,-0.0177898,0.0164945
65.36,-0.0234043,0.0216005
65.38,-0.0292678,0.0276906
65.4,-0.0154594,0.019954
65.42,-0.00102695,0.00779108
65.44,0.0180723,-0.0109503
65.46,0.0253026,-0.0266344
65.48,0.00462702,-0.026606
65.5,-0.00724797,-0.0205632
65.52,0.00712332,-0.0170324
65.54,0.00398997,-0.0160641
65.56,-0.00677337,-0.0202671
65.58,-0.00758528,-0.0226946
65.6,-0.00528813,-0.0184703
65.62,-0.00437774,-0.0180453
65.64,-0.010352,-0.0210112
65.66,-0.00457543,-0.0157814
65.68,0.0257554,0.00550328
65.7,0.03584,0.0146551
65.72,0.00764568,0.00532545
65.74,0.000330567,-0.000167764
65.76,0.0147288,0.00505408
65.78,0.00716209,0.00230589
65.8,0.00530919,0.000992602
65.82,0.00830332,0.00178322
65.84,0.0039586,0.00218531
65.86,0.00237283,0.00349392
65.88,0.000169069,0.00660856
65.9,-0.00201607,0.00450612
65.92,0.00317836,-0.00115177
65.94,0.00452272,-0.0058775
65.96,-0.00118598,-0.00315262
65.98,0.00262434,0.00222151
66,0.00998874,0.00415434
66.02,0.00613495,0.00323155
66.04,0.00308333,0.00249166
66.06,0.0064959,0.00463368
66.08,0.00816363,0.00609237
66.1,0.00679504,0.00601635
66.12,0.00726717,0.00649776
66.14,0.0105297,0.00903572
66.16,0.00808231,0.00840494
66.18,-0.00472927,-0.00557325
66.2,-0.00743506,-0.0100946
66.22,0.00295266,-0.000236985
66.24,-0.00240284,-0.00210868
66.26,-0.00058631,-0.00419142
66.28,4.2195e-05,0.000106398
66.3,-0.000891949,-0.00213317
66.32,-0.000364673,-0.00135607
66.34,-0.00045195,-0.00131594
66.36,-0.000272919,-0.00142956
66.38,-0.000374528,-0.000965939
66.4,-0.000330778,-0.000929444
66.42,-0.000301322,-0.000839135
66.44,-0.000254361,-0.000819258
66.46,-0.000237063,-0.000807567
66.48,-0.000231297,-0.000692335
66.5,-0.000203359,-0.000599883
66.52,-0.000186555,-0.000513374
66.54,-0.000176202,-0.000471348
66.56,-0.000157751,-0.000462239
66.58,-0.000144408,-0.000428629
66.6,-0.00012946,-0.000382718
66.62,-0.000120726,-0.000330081
66.64,-0.000110346,-0.0002893
66.66,-0.000102952,-0.00026626
66.68,-9.02734e-05,-0.000252419
66.7,-8.45627e-05,-0.000234729
66.72,-7.65447e-05,-0.000206447
66.74,-7.12152e-05,-0.000180578
66.76,-6.44416e-05,-0.00015932
66.78,-6.00233e-05,-0.000145528
66.8,-5.56582e-05,-0.000135465
66.82,-4.98848e-05,-0.000123193
66.84,-4.66307e-05,-0.000109441
66.86,-4.23149e-05,-9.47558e-05
66.88,-4.01772e-05,-8.35881e-05
66.9,-3.59812e-05,-7.49559e-05
66.92,-3.26687e-05,-6.97809e-05
66.94,-2.99957e-05,-6.19554e-05
66.96,-2.78782e-05,-5.39511e-05
66.98,-2.59343e-05,-4.63994e-05
67,-2.4525e-05,-3.97114e-05
67.02,-2.34174e-05,-3.47917e-05
67.04,-2.03549e-05,-3.16762e-05
67.06,-1.95902e-05,-2.65868e-05
67.08,-1.79631e-05,-2.25796e-05
67.1,-1.66965e-05,-1.78456e-05
67.12,-1.64226e-05,-1.37088e-05
67.14,-1.35443e-05,-1.19544e-05
67.16,-1.33085e-05,-8.86803e-06
67.18,-1.32076e-05,-6.14146e-06
67.2,-1.17988e-05,-3.65588e-06
67.22,-1.17062e-05,-2.05788e-07
67.24,-9.63265e-06,1.00914e-07
67.26,-9.34826e-06,2.43911e-06
67.28,-8.40439e-06,4.00847e-06
67.3,-8.16788e-06,5.50553e-06
67.32,-9.68213e-06,8.89383e-06
67.34,-6.39433e-06,7.12029e-06
67.36,-7.03417e-06,9.62465e-06
67.38,-5.38176e-06,1.03911e-05
67.4,-7.20899e-06,1.2491e-05
67.42,-5.46378e-06,1.28862e-05
67.44,-4.81477e-06,1.30489e-05
67.46,-5.7119e-06,1.51514e-05
67.48,-4.37e-06,1.52172e-05
67.5,-4.37975e-06,1.64831e-05
67.52,-4.99648e-06,1.73375e-05
67.54,-3.10922e-06,1.68913e-05
67.56,-3.47935e-06,1.78407e-05
67.58,-3.36787e-06,1.81045e-05
67.6,-4.08903e-06,1.88834e-05
67.62,-3.53607e-06,1.9517e-05
67.64,-2.47502e-06,1.95611e-05
67.66,-3.03036e-06,1.95021e-05
67.68,-2.65582e-06,2.01653e-05
67.7,-3.01753e-06,2.04233e-05
67.72,-2.57005e-06,2.08241e-05
67.74,-1.35788e-06,1.96474e-05
67.76,-1.86246e-06,2.10643e-05
67.78,-1.3879e-06,2.04654e-05
67.8,-3.59742e-06,2.23904e-05
67.82,-5.09911e-07,2.07157e-05
67.84,-2.37661e-06,2.2205e-05
67.86,-1.13178e-06,2.2013e-05
67.88,-2.16831e-06,2.2018e-05
67.9,-1.95214e-06,2.31993e-05
67.92,-6.35082e-07,2.10771e-05
67.94,-1.25104e-06,2.27962e-05
67.96,-2.85494e-07,2.23723e-05
67.98,-1.14508e-06,2.23991e-05
68,-5.11e-07,2.29855e-05
68.02,2.78013e-07,2.19411e-05
68.04,-1.30776e-07,2.27035e-05
68.06,-1.25137e-06,2.39133e-05
68.08,6.0149e-08,2.25229e-05
68.1,-4.61271e-07,2.33687e-05
68.12,5.8428e-07,2.30626e-05
68.14,-8.16882e-09,2.34648e-05
68.16,4.09653e-08,2.35231e-05
68.18,-1.04525e-06,2.34027e-05
68.2,1.30645e-06,2.25813e-05
68.22,-1.32028e-07,2.32264e-05
68.24,9.21052e-07,2.26499e-05
68.26,-1.64929e-06,2.48127e-05
68.28,1.86095e-06,2.22207e-05
68.3,-2.68455e-07,2.41627e-05
68.32,1.26387e-06,2.36394e-05
68.34,1.40452e-07,2.32624e-05
68.36,4.6732e-07,2.50492e-05
68.38,1.35776e-06,2.30586e-05
68.4,7.64485e-07,2.36569e-05
68.42,4.04537e-07,2.34187e-05
68.44,-6.44655e-06,2.44621e-05
68.46,-1.97885e-06,2.69539e-05
68.48,-4.62803e-07,2.39344e-05
68.5,-3.72332e-07,2.41281e-05
68.52,-3.05707e-06,2.42957e-05
68.54,-2.63389e-07,2.32222e-05
68.56,-5.21349e-07,2.4712e-05
68.58,6.3915e-07,2.51655e-05
68.6,-1.33014e-06,2.56689e-05
68.62,5.77756e-07,2.42649e-05
68.64,1.42028e-07,2.43715e-05
68.66,7.44281e-07,2.47494e-05
68.68,7.30587e-07,2.53095e-05
68.7,6.13013e-07,2.53913e-05
68.72,9.15974e-07,2.54679e-05
68.74,1.1152e-06,2.55557e-05
68.76,7.20175e-07,2.51572e-05
68.78,7.04117e-07,2.55748e-05
68.8,1.74301e-06,2.43718e-05
68.82,7.36057e-07,2.61473e-05
68.84,1.1392e-06,2.58663e-05
68.86,7.38793e-07,2.55654e-05
68.88,2.61346e-06,2.50488e-05
68.9,9.34449e-07,2.60238e-05
68.92,1.269e-06,2.64752e-05
68.94,1.09262e-06,2.62783e-05
68.96,3.00302e-06,2.54335e-05
68.98,2.00399e-06,2.57921e-05
69,4.45653e-07,2.70606e-05
69.02,1.26384e-06,2.66401e-05
69.04,2.45002e-06,2.57956e-05
69.06,1.88778e-06,2.58378e-05
69.08,9.17306e-07,2.69694e-05
69.1,1.39856e-06,2.70337e-05
69.12,3.12073e-06,2.49788e-05
69.14,2.66236e-06,2.63552e-05
69.16,1.2151e-06,2.66842e-05
69.18,1.5427e-06,2.66874e-05
69.2,3.94923e-07,2.74196e-05
69.22,-5.30905e-06,3.39574e-05
69.24,-3.17787e-06,3.2897e-05
69.26,-5.25766e-06,3.27577e-05
69.28,-6.39565e-06,3.0787e-05
69.3,-9.86472e-06,3.2007e-05
69.32,-1.13363e-05,3.58818e-05
69.34,-1.21175e-05,3.68488e-05
69.36,-1.23367e-05,3.68549e-05
69.38,-1.4645e-05,3.586e-05
69.4,-1.49203e-05,3.63131e-05
69.42,-1.73479e-05,3.67e-05
69.44,-1.77602e-05,3.84333e-05
69.46,-1.87914e-05,3.8481e-05
69.48,-2.07451e-05,3.91669e-05
69.5,-2.09308e-05,3.83779e-05
69.52,-2.27175e-05,3.91886e-05
69.54,-2.19134e-05,3.82121e-05
69.56,-2.36558e-05,3.94255e-05
69.58,-2.41888e-05,3.99596e-05
69.6,-2.47355e-05,3.97326e-05
69.62,-2.63984e-05,4.00957e-05
69.64,-2.53345e-05,3.99171e-05
69.66,-2.69903e-05,4.01603e-05
69.68,-2.72324e-05,4.04906e-05
69.7,-2.87205e-05,4.13826e-05
69.72,-2.89713e-05,4.0844e-05
69.74,-2.86024e-05,4.04323e-05
69.76,-2.94313e-05,4.07207e-05
69.78,-3.00541e-05,4.17762e-05
69.8,-3.0392e-05,4.11762e-05
69.82,-3.12624e-05,4.18916e-05
69.84,-3.19415e-05,4.20221e-05
69.86,-3.13422e-05,4.16144e-05
69.88,-2.96417e-05,4.42122e-05
69.9,-3.1609e-05,4.43043e-05
69.92,-3.17788e-05,4.47565e-05
69.94,-3.1975e-05,4.22669e-05
69.96,-3.37199e-05,4.3242e-05
69.98,-3.18446e-05,4.18241e-05
70,-3.27462e-05,4.27717e-05
70.018,-3.32787e-05,4.26314e-05
70.04,-3.44252e-05,4.45518e-05
70.06,-3.26373e-05,4.01921e-05
70.08,-3.49124e-05,4.27234e-05
70.1,-3.37759e-05,4.09878e-05
70.12,-3.45387e-05,4.18855e-05
70.14,-3.36593e-05,4.0935e-05
70.16,-3.50963e-05,4.20862e-05
70.18,-3.48563e-05,4.23699e-05
70.2,-3.5553e-05,4.12799e-05
70.22,-3.46186e-05,4.18396e-05
70.24,-3.48068e-05,4.09839e-05
70.26,-3.55806e-05,4.14304e-05
70.279,-3.25783e-05,4.02249e-05
70.3,-3.02744e-05,4.22357e-05
70.32,-3.30018e-05,4.36446e-05
70.34,-3.33464e-05,4.15034e-05
70.36,-3.21535e-05,3.89316e-05
70.38,-3.13019e-05,3.86474e-05
70.4,-3.27625e-05,3.95325e-05
70.42,-3.33636e-05,4.0958e-05
70.44,-3.3176e-05,4.07717e-05
70.46,-3.24077e-05,3.97324e-05
70.48,-3.36587e-05,4.01185e-05
70.5,-3.21426e-05,3.86051e-05
70.52,-3.33502e-05,3.965e-05
70.54,-3.35416e-05,4.06948e-05
70.56,-3.29509e-05,3.9629e-05
70.58,-3.26923e-05,3.93263e-05
70.6,-3.42356e-05,4.00629e-05
70.62,-3.54082e-05,4.14933e-05
70.64,-3.31994e-05,3.91432e-05
70.66,-3.50058e-05,4.06969e-05
70.68,-3.49276e-05,4.13497e-05
70.7,-3.4502e-05,3.96302e-05
70.72,-3.57254e-05,4.15712e-05
70.74,-3.55203e-05,4.082e-05
70.76,-3.51858e-05,4.05815e-05
70.78,-3.70362e-05,4.23912e-05
70.8,-3.58444e-05,4.07318e-05
70.82,-3.54362e-05,4.10749e-05
70.84,-3.65929e-05,4.21873e-05
70.86,-3.61865e-05,4.09237e-05
70.88,-3.54375e-05,4.10658e-05
70.9,-3.67397e-05,4.25911e-05
70.92,-3.67441e-05,4.22202e-05
70.94,-3.57658e-05,4.0674e-05
70.96,-3.64099e-05,4.18164e-05
70.98,-3.67146e-05,4.1808e-05
71,-3.59874e-05,4.11246e-05
71.02,-3.70745e-05,4.15396e-05
71.04,-3.68465e-05,4.18413e-05
71.06,-3.58721e-05,4.05791e-05
71.08,-3.84597e-05,4.27965e-05
71.1,-3.55128e-05,4.10338e-05
71.12,-3.67659e-05,4.10858e-05
71.14,-3.69386e-05,4.18467e-05
71.16,-3.65633e-05,4.10767e-05
71.18,-3.59498e-05,4.12908e-05
71.2,-3.71866e-05,4.21054e-05
71.22,-3.70047e-05,4.17466e-05
71.24,-3.62459e-05,4.14168e-05
71.26,-3.78029e-05,4.14963e-05
71.28,-3.82831e-05,3.97641e-05
71.3,-3.84621e-05,4.3723e-05
71.32,-3.89354e-05,4.03159e-05
71.34,-3.96281e-05,4.01481e-05
71.36,-3.81039e-05,3.83725e-05
71.38,-3.93092e-05,3.91314e-05
71.4,-3.66691e-05,3.90822e-05
71.42,-3.53287e-05,3.65877e-05
71.44,-3.54775e-05,3.55197e-05
71.46,-3.57423e-05,3.3982e-05
71.48,-3.40313e-05,3.20471e-05
71.5,-3.52381e-05,3.39258e-05
71.52,-3.40338e-05,3.31677e-05
71.54,-3.35891e-05,3.20015e-05
71.56,-3.30121e-05,3.15297e-05
71.58,-3.3149e-05,3.07866e-05
71.6,-3.16256e-05,2.9819e-05
71.62,-3.30157e-05,3.04092e-05
71.64,-3.24178e-05,2.9922e-05
71.66,-3.1839e-05,2.95346e-05
