0,-0.00335824,1.22797e-05
0,-0.00333711,-0.000188779
0,-0.0033141,-0.00042832
0,0.00103361,-0.0437154
0,0.00103036,-0.0487762
0,0.00103467,-0.0487764
0,0.00103517,-0.0487769
0,0.00103798,-0.0487771
0,0.00103547,-0.0487768
0,0.00103706,-0.0487769
0,0.0010355,-0.0487768
0,0.0010328,-0.0487771
0,0.00103316,-0.0487772
0,0.00103422,-0.0487775
0,0.0010342,-0.0487775
0,0.00103424,-0.0487771
0,0.00103433,-0.0487774
0,0.00103441,-0.0487778
0,0.000628888,-0.0441781
0,0.000613318,-0.0257943
0,0.00119099,-0.0165356
0,-0.00121955,-0.0133413
0,-0.00147878,-0.0125496
0,-1.08805e-07,-0.00993546
0,0.00109787,-0.00685985
0,-0.00287092,-0.000632368
0,-0.00117089,0.00015189
0,-0.00175335,0.00140185
0,-0.000624158,0.00389268
0,-0.00223347,0.00438241
0,-0.0056359,0.00269353
0,-0.00694357,0.000933304
0,-0.00685911,0.00145657
0,-0.00762772,-0.000422407
27.94,-0.0107835,-0.000956249
27.96,-0.0104938,-0.00160732
27.98,-0.0129812,-0.00133722
28,-0.0210774,-0.00164122
28.02,-0.0169231,-0.00389917
28.04,-0.0213542,-0.00500224
28.06,-0.0218857,-0.000195429
28.08,-0.0103881,0.00660437
28.1,-0.000831028,0.0040909
28.12,0.00150408,-0.000163453
28.14,0.00138894,0.000296347
28.16,0.000802697,-0.000560576
28.18,0.000815803,-0.000671105
28.2,0.00110649,-0.000253529
28.22,0.00120097,0.000266716
28.24,0.0011075,0.000395228
28.26,0.0010751,0.000170247
28.28,0.00113494,-9.14522e-05
28.3,0.00118932,-9.74527e-05
28.32,0.00118886,0.000114617
28.34,0.00119127,0.000338583
28.359,0.00122924,0.000395301
28.38,0.00126527,0.000312648
28.4,0.00127684,0.000233588
28.42,0.00128613,0.000262685
28.44,0.0013216,0.000361858
28.46,0.00135475,0.000460095
28.485,0.00137766,0.000490528
28.5,0.00140232,0.00046243
28.52,0.00142755,0.000436961
28.54,0.00145674,0.000457934
28.56,0.00148663,0.000515134
28.58,0.00151352,0.000565887
28.6,0.00153451,0.000587318
28.62,0.00155936,0.000592711
28.64,0.00158482,0.000598471
28.66,0.00161303,0.000619832
28.68,0.0016395,0.000654006
28.7,0.00166305,0.000686594
28.72,0.00168893,0.000708278
28.74,0.00171505,0.000722252
28.76,0.00173986,0.00073885
28.78,0.00176299,0.000761635
28.8,0.00178812,0.000785565
28.82,0.00181498,0.000808266
28.84,0.00183951,0.00082979
28.86,0.00186111,0.000850189
28.88,0.00188561,0.000868241
28.9,0.00191099,0.000887668
28.92,0.00193616,0.00090972
28.94,0.00195622,0.000931674
28.96,0.00197651,0.000952463
28.98,0.00199969,0.000969452
29,0.002024,0.000985129
29.02,0.0020459,0.00100386
29.04,0.00206417,0.00102599
29.06,0.00208621,0.00104511
29.08,0.00210937,0.00106299
29.1,0.0021328,0.00107959
29.12,0.00215375,0.00109804
29.14,0.00217139,0.00111868
29.16,0.00219384,0.00113599
29.18,0.00221638,0.00115284
29.2,0.00223877,0.0011692
29.22,0.00225531,0.00118504
29.24,0.00225157,0.00118666
29.26,0.00225118,0.00118421
29.28,0.00225216,0.00118135
29.3,0.00225426,0.00117928
29.319,0.00225413,0.00117972
29.34,0.00225046,0.0011824
29.36,0.00225115,0.0011809
29.38,0.0022524,0.00117838
29.4,0.00225374,0.00117624
29.42,0.0022508,0.00117694
29.44,0.00224674,0.00117902
29.46,0.00224784,0.00117776
29.48,0.00224799,0.00117676
29.5,0.00224827,0.00117566
29.52,0.00224597,0.00117669
29.54,0.00224269,0.00117857
29.56,0.00224366,0.00117756
29.58,0.00224524,0.00117611
29.6,0.00224633,0.00117587
29.62,0.00224415,0.00117689
29.64,0.00224178,0.00117745
29.66,0.00224313,0.00117571
29.68,0.00224427,0.00117332
29.7,0.00224513,0.00117233
29.72,0.00224349,0.0011733
29.74,0.0022414,0.00117416
29.76,0.00224271,0.00117255
29.78,0.0022439,0.00117106
29.8,0.00224472,0.00116979
29.82,0.00224302,0.00117034
29.84,0.00224089,0.00117106
29.86,0.00224282,0.00116923
29.88,0.00224423,0.0011674
29.9,0.00224347,0.00116741
29.92,0.00224023,0.00116883
29.94,0.00223812,0.00116945
29.96,0.00223816,0.00116782
29.98,0.00223884,0.00116667
30,0.00223929,0.00116601
30.02,0.00223646,0.00116764
30.04,0.00223521,0.00116804
30.06,0.00223579,0.00116626
30.08,0.00223694,0.00116486
30.1,0.00223714,0.00116477
30.12,0.00223384,0.00116686
30.14,0.00223391,0.00116699
30.16,0.00223484,0.00116483
30.18,0.00223606,0.0011635
30.2,0.0022357,0.00116322
30.22,0.00223301,0.00116531
30.24,0.00223301,0.00116456
30.26,0.00223476,0.00116296
30.28,0.00223613,0.00116115
30.3,0.0022359,0.0011607
30.32,0.00223294,0.00116239
30.34,0.00223335,0.00116159
30.36,0.00223313,0.00116008
30.38,0.00223345,0.00115923
30.4,0.00223263,0.00115917
30.42,0.00222762,0.00116253
30.44,0.0022284,0.00116114
30.46,0.00222942,0.00115911
30.48,0.00223008,0.00115836
30.5,0.0022285,0.00115882
30.52,0.00222443,0.00116134
30.54,0.0022252,0.00115945
30.56,0.00222636,0.00115785
30.58,0.00222722,0.00115692
30.6,0.00222668,0.00115666
30.62,0.00222315,0.00115842
30.64,0.00222392,0.00115654
30.66,0.00222511,0.00115484
30.68,0.00222669,0.00115342
30.7,0.00222549,0.00115372
30.72,0.00222241,0.00115526
30.74,0.0022232,0.00115372
30.76,0.00222428,0.0011519
30.78,0.00222572,0.00115013
30.8,0.00222345,0.00115086
30.82,0.00221986,0.00115242
30.84,0.0022206,0.00115086
30.86,0.00222052,0.00114949
30.88,0.00222063,0.00114849
30.9,0.00221886,0.00114947
30.92,0.00221566,0.00115142
30.94,0.00221638,0.00114973
30.96,0.00221729,0.00114806
30.98,0.00221768,0.00114718
31,0.0022166,0.00114727
31.02,0.00221383,0.00114866
31.04,0.00221458,0.0011474
31.06,0.00221572,0.00114585
31.08,0.0022164,0.0011448
31.1,0.00221431,0.00114565
31.12,0.00221248,0.00114645
31.14,0.00221331,0.00114427
31.16,0.00221467,0.00114245
31.18,0.0022156,0.00114127
31.2,0.00221366,0.0011421
31.22,0.00221246,0.00114211
31.24,0.00221231,0.00114041
31.26,0.00221339,0.00113883
31.28,0.00221269,0.00113794
31.3,0.00221013,0.00113879
31.32,0.00220732,0.00114027
31.34,0.00220793,0.0011386
31.36,0.00220859,0.00113698
31.38,0.00220861,0.00113622
31.4,0.00220568,0.00113783
31.42,0.00220506,0.00113741
31.44,0.00220584,0.00113598
31.46,0.00220677,0.00113461
31.48,0.00220748,0.00113406
31.5,0.00220478,0.00113569
31.52,0.00220352,0.00113539
31.54,0.00220455,0.0011334
31.56,0.00220583,0.00113199
31.58,0.0022063,0.00113146
31.6,0.00220408,0.00113258
31.62,0.00220301,0.00113297
31.64,0.00220437,0.00113105
31.66,0.00220587,0.00112882
31.68,0.00220495,0.00112843
31.7,0.00220197,0.00113041
31.72,0.00220002,0.00113078
31.74,0.00219957,0.0011298
31.76,0.00220076,0.00112797
31.78,0.00220009,0.00112842
31.8,0.00219701,0.00113093
31.82,0.00219676,0.00112989
31.84,0.00219769,0.00112821
31.86,0.00219887,0.00112691
31.88,0.00219853,0.00112681
31.9,0.0021952,0.00112891
31.92,0.00219528,0.00112796
31.94,0.0021964,0.00112633
31.96,0.0021977,0.00112421
31.98,0.00219767,0.0011238
32,0.00219438,0.00112559
32.02,0.00219453,0.00112494
32.04,0.00219528,0.00112347
32.06,0.00219714,0.0011219
32.08,0.00219732,0.00112117
32.1,0.00219339,0.00112376
32.12,0.00219263,0.00112323
32.14,0.0021937,0.00112103
32.16,0.00219408,0.00112018
32.18,0.00219358,0.00112006
32.2,0.0021885,0.00112316
32.22,0.00218903,0.00112207
32.24,0.00218963,0.00112041
32.26,0.00219041,0.00111953
32.28,0.00218973,0.00111975
32.3,0.00218559,0.00112211
32.32,0.00218669,0.00112065
32.34,0.002188,0.00111886
32.36,0.00218884,0.00111736
32.38,0.00218835,0.00111714
32.4,0.00218446,0.00111951
32.42,0.00218561,0.00111769
32.44,0.00218689,0.0011157
32.46,0.00218815,0.00111423
32.48,0.00218723,0.00111436
32.5,0.0021833,0.00111601
32.52,0.0021846,0.00111396
32.54,0.00218417,0.00111228
32.56,0.00218382,0.00111127
32.58,0.00218227,0.00111185
32.6,0.00217792,0.00111428
32.62,0.00217924,0.0011124
32.64,0.00217994,0.00111046
32.66,0.00218034,0.00110937
32.68,0.00217864,0.00111027
32.7,0.00217599,0.0011121
32.72,0.00217672,0.00111068
32.74,0.00217851,0.00110856
32.76,0.00217931,0.00110774
32.78,0.00217795,0.00110839
32.8,0.00217512,0.00111009
32.82,0.00217641,0.00110871
32.84,0.00217726,0.00110713
32.86,0.00217818,0.00110535
32.88,0.00217726,0.00110611
32.9,0.00217466,0.00110741
32.92,0.00217533,0.00110568
32.94,0.00217625,0.00110381
32.96,0.00217767,0.00110236
32.98,0.00217731,0.00110286
33,0.00217346,0.00110484
33.02,0.00217275,0.00110416
33.04,0.00217415,0.00110203
33.06,0.00217455,0.00110107
33.08,0.00217164,0.0011027
33.1,0.002169,0.00110377
33.12,0.00216993,0.00110213
33.14,0.00217076,0.00110067
33.16,0.00217116,0.00110031
33.18,0.0021689,0.00110135
33.2,0.00216711,0.00110169
33.22,0.00216854,0.00110031
33.24,0.00216959,0.00109881
33.26,0.00217044,0.00109784
33.28,0.00216879,0.00109873
33.3,0.00216689,0.00109944
33.32,0.00216824,0.0010976
33.34,0.00216946,0.00109577
33.36,0.0021699,0.00109462
33.38,0.00216813,0.00109504
33.4,0.00216604,0.00109559
33.42,0.00216712,0.00109393
33.44,0.00216846,0.00109166
33.46,0.00216906,0.0010905
33.48,0.00216693,0.00109182
33.5,0.0021664,0.00109143
33.52,0.00216629,0.00109017
33.54,0.00216585,0.00108883
33.56,0.00216606,0.00108789
33.58,0.00216273,0.00108987
33.6,0.00216073,0.00108989
33.62,0.0021616,0.00108838
33.64,0.00216242,0.00108734
33.66,0.00216198,0.00108658
33.68,0.00215928,0.00108807
33.7,0.00215784,0.00108824
33.72,0.00215876,0.00108715
33.74,0.00216021,0.00108514
33.76,0.00216002,0.00108483
33.78,0.00215743,0.00108649
33.8,0.00215648,0.00108617
33.82,0.00215721,0.00108476
33.84,0.00215824,0.00108337
33.86,0.00215797,0.0010829
33.88,0.00215494,0.00108466
33.9,0.00215506,0.00108402
33.92,0.00215609,0.00108221
33.94,0.00215758,0.00108083
33.96,0.00215707,0.00108022
33.98,0.00215401,0.00108222
34,0.00215422,0.00108172
34.02,0.00215539,0.00108009
34.04,0.00215663,0.00107811
34.06,0.0021566,0.00107747
34.08,0.00215335,0.00107884
34.1,0.00215198,0.0010785
34.12,0.00215285,0.0010766
34.14,0.00215261,0.00107558
34.16,0.00215262,0.00107542
34.18,0.00214824,0.00107722
34.2,0.00214713,0.00107686
34.22,0.00214801,0.00107451
34.24,0.00214847,0.00107293
34.26,0.00214752,0.00107278
34.28,0.00214304,0.00107551
34.3,0.00214391,0.00107432
34.32,0.00214494,0.00107255
34.34,0.002146,0.00107139
34.36,0.00214558,0.00107132
34.38,0.00214146,0.00107412
34.4,0.00214283,0.00107192
34.42,0.00214403,0.00107079
34.44,0.0021451,0.00106967
34.46,0.00214383,0.00106983
34.48,0.00213974,0.00107235
34.5,0.00214069,0.0010704
34.52,0.00214225,0.00106849
34.54,0.00214335,0.00106688
34.56,0.00214288,0.00106718
34.58,0.00213935,0.00106941
34.6,0.00214025,0.00106765
34.62,0.00214128,0.00106571
34.64,0.00214209,0.00106466
34.66,0.00214082,0.00106493
34.68,0.00213775,0.00106682
34.7,0.0021389,0.00106529
34.72,0.00213997,0.00106344
34.74,0.00214096,0.00106209
34.76,0.00214042,0.00106253
34.78,0.00213771,0.00106368
34.8,0.00213747,0.00106258
34.82,0.00213894,0.00106059
34.84,0.00213834,0.00106016
34.86,0.002137,0.00106062
34.88,0.00213314,0.0010629
34.9,0.00213413,0.0010613
34.92,0.00213428,0.00106031
34.94,0.00213481,0.00105824
34.96,0.00213235,0.00105995
34.98,0.00213021,0.00106071
35,0.00213066,0.00105975
35.02,0.0021318,0.00105826
35.04,0.0021321,0.00105775
35.06,0.00213089,0.00105857
35.08,0.00212847,0.00105956
35.1,0.00212972,0.00105754
35.12,0.00213048,0.00105644
35.14,0.0021309,0.00105482
35.16,0.0021287,0.00105656
35.18,0.00212654,0.00105709
35.2,0.0021272,0.00105573
35.22,0.00212825,0.00105378
35.24,0.00212878,0.0010526
35.26,0.00212656,0.00105362
35.28,0.00212428,0.00105437
35.3,0.00212498,0.00105281
35.32,0.00212588,0.00105157
35.34,0.00212646,0.00105101
35.36,0.00212424,0.00105294
35.38,0.00212296,0.00105238
35.4,0.00212407,0.00105057
35.42,0.00212497,0.00104905
35.44,0.00212565,0.00104848
35.46,0.00212305,0.00104965
35.48,0.00212237,0.00104966
35.5,0.00212391,0.0010478
35.52,0.00212513,0.00104644
35.54,0.00212569,0.00104512
35.56,0.00212328,0.00104663
35.58,0.0021207,0.00104679
35.6,0.00212176,0.00104488
35.62,0.00212175,0.00104355
35.64,0.00212179,0.00104284
35.66,0.00211871,0.00104507
35.68,0.00211755,0.0010451
35.7,0.0021173,0.00104396
35.72,0.00211828,0.00104228
35.74,0.0021178,0.00104241
35.76,0.00211444,0.0010442
35.78,0.00211399,0.00104374
35.8,0.00211541,0.00104224
35.82,0.00211566,0.0010412
35.84,0.00211537,0.00104043
35.86,0.00211196,0.00104266
35.88,0.00211189,0.00104154
35.9,0.00211267,0.00104026
35.92,0.00211352,0.00103862
35.94,0.00211342,0.00103873
35.96,0.00210988,0.00104055
35.98,0.00210959,0.00103993
36,0.00211024,0.00103836
36.02,0.00211184,0.00103703
36.04,0.00211213,0.00103659
36.06,0.00210897,0.00103881
36.08,0.00210899,0.00103758
36.1,0.00211028,0.00103596
36.12,0.00211085,0.00103416
36.14,0.00211079,0.00103399
36.16,0.00210731,0.00103574
36.18,0.00210708,0.0010348
36.2,0.00210835,0.00103299
36.22,0.00210927,0.00103174
36.24,0.00210938,0.00103123
36.26,0.0021067,0.00103324
36.28,0.00210667,0.00103266
36.3,0.0021078,0.0010308
36.32,0.00210926,0.00102952
36.34,0.0021089,0.00102964
36.36,0.00210333,0.00103265
36.38,0.00210445,0.00103103
36.4,0.0021048,0.00102972
36.42,0.00210582,0.00102785
36.44,0.00210393,0.00102868
36.46,0.00209992,0.00103077
36.48,0.00210018,0.00102953
36.5,0.00210142,0.00102767
36.52,0.00210183,0.00102685
36.54,0.00210172,0.00102678
36.56,0.00209724,0.00102919
36.58,0.0020987,0.0010271
36.6,0.00209972,0.00102612
36.62,0.00210073,0.00102469
36.64,0.00209979,0.0010252
36.66,0.00209574,0.00102748
36.68,0.00209652,0.00102617
36.7,0.00209829,0.00102424
36.72,0.0020989,0.00102351
36.74,0.00209851,0.00102341
36.76,0.00209474,0.00102619
36.78,0.00209596,0.00102447
36.8,0.00209706,0.00102303
36.82,0.00209797,0.00102219
36.84,0.00209729,0.00102247
36.86,0.00209329,0.0010249
36.88,0.00209462,0.0010234
36.899,0.00209593,0.00102187
36.92,0.00209687,0.00102057
36.94,0.00209616,0.00102076
36.96,0.00209243,0.00102301
36.98,0.00209379,0.00102177
37,0.00209482,0.00101989
37.02,0.00209573,0.00101879
37.04,0.00209485,0.00101878
37.06,0.00209075,0.00102131
37.08,0.00209231,0.0010193
37.1,0.00209354,0.00101766
37.12,0.00209344,0.00101632
37.14,0.00209294,0.00101641
37.16,0.00208784,0.00101912
37.18,0.00208899,0.00101734
37.2,0.00208906,0.00101639
37.22,0.00209055,0.00101512
37.24,0.00208934,0.00101572
37.26,0.00208587,0.00101806
37.28,0.00208643,0.00101695
37.3,0.00239139,0.00112723
37.32,0.0101735,0.00850716
37.34,0.0201983,0.0173812
37.36,0.029811,0.0272246
37.38,0.0417456,0.0381401
37.4,0.0573134,0.0528667
37.42,0.0734446,0.0672471
37.44,0.0760227,0.0768062
37.46,0.0658987,0.0818571
37.48,0.0452409,0.0821967
37.5,0.0193098,0.0781251
37.52,-0.0200627,0.0679934
37.54,-0.0617984,0.0591449
37.56,-0.0763408,0.0812924
37.58,-0.0923929,0.0943416
37.6,-0.100658,0.0981338
37.62,-0.098649,0.0961819
37.64,-0.0973316,0.0927431
37.66,-0.0993379,0.0936278
37.68,-0.0866664,0.0854843
37.7,-0.063699,0.0707648
37.72,-0.0349518,0.0471686
37.74,-0.00396641,0.0195916
37.76,0.016239,0.00185311
37.78,0.0149072,0.0170262
37.8,0.0283001,0.0264702
37.82,0.0391975,0.0372785
37.84,0.049264,0.045775
37.86,0.055965,0.0523272
37.88,0.0673303,0.0625547
37.9,0.0666672,0.0646887
37.92,0.0710217,0.0691329
37.94,0.0563235,0.0640836
37.96,0.038353,0.0540871
37.98,0.0162364,0.0386079
38,-0.0141041,0.0220542
38.02,-0.0298667,0.027651
38.04,-0.0413673,0.0427763
38.06,-0.054789,0.0552554
38.08,-0.0714011,0.0700704
38.1,-0.0877558,0.0834389
38.12,-0.0947844,0.0896967
38.14,-0.104739,0.0978123
38.16,-0.108025,0.100985
38.18,-0.0974849,0.0950096
38.2,-0.0778131,0.0863262
38.22,-0.0470713,0.0744585
38.24,-0.00582698,0.0536437
38.26,0.0379828,0.030283
38.28,0.0446251,0.0386131
38.3,0.0588736,0.0567455
38.32,0.0792965,0.0740031
38.34,0.0986116,0.0915819
38.36,0.108548,0.10232
38.38,0.11843,0.112188
38.4,0.13377,0.123968
38.42,0.126121,0.121114
38.44,0.113564,0.117761
38.46,0.0913029,0.108579
38.48,0.0576543,0.0915109
38.5,0.0144651,0.0710042
38.52,-0.0325197,0.0507383
38.54,-0.0573884,0.0478817
38.56,-0.0688892,0.0687869
38.58,-0.0897439,0.0888813
38.6,-0.109068,0.105608
38.62,-0.120873,0.11665
38.64,-0.137314,0.128888
38.66,-0.137562,0.130791
38.68,-0.128656,0.127391
38.7,-0.110513,0.118025
38.72,-0.0798255,0.104841
38.74,-0.0400938,0.0844148
38.76,0.00897891,0.0618527
38.78,0.0592,0.0410179
38.8,0.0627474,0.0609056
38.82,0.0819947,0.0790795
38.84,0.103634,0.0987089
38.86,0.124236,0.116834
38.88,0.140893,0.132098
38.899,0.135568,0.131255
38.92,0.128847,0.129529
38.94,0.114224,0.123996
38.96,0.089262,0.115588
38.98,0.05297,0.103693
39,0.00169976,0.0872856
39.02,-0.0541515,0.0710072
39.04,-0.0854458,0.0713195
39.06,-0.0986049,0.0952541
39.08,-0.110021,0.103223
39.1,-0.106696,0.105993
39.12,-0.104592,0.0995803
39.14,-0.101782,0.0985763
39.16,-0.103415,0.100072
39.18,-0.104275,0.0989755
39.2,-0.0875847,0.0894486
39.22,-0.0635446,0.0703828
39.24,-0.0333957,0.0403927
39.26,-0.00262775,0.00805413
39.28,0.00389899,-0.00498139
39.3,0.00719513,0.00875602
39.32,0.0247532,0.0206618
39.34,0.0319572,0.0288349
39.36,0.0400501,0.0359174
39.38,0.0503679,0.0450653
39.4,0.0632009,0.055669
39.42,0.071685,0.067879
39.44,0.0616645,0.0623485
39.46,0.0471923,0.0519554
39.48,0.0226221,0.0389403
39.5,-0.00662779,0.0219572
39.52,-0.023404,0.0204954
39.54,-0.0264268,0.0301755
39.56,-0.0331596,0.035288
39.58,-0.0422913,0.044331
39.6,-0.0547704,0.0538159
39.62,-0.0602133,0.0588302
39.64,-0.07076,0.0671778
39.66,-0.0813699,0.0765294
39.68,-0.0748716,0.0728551
39.7,-0.0597878,0.0636788
39.719,-0.037968,0.0494138
39.74,-0.012398,0.0292377
39.76,0.0174744,0.00770477
39.78,0.0205403,0.020243
39.8,0.029436,0.0295473
39.82,0.0381913,0.0384889
39.84,0.0497085,0.0473601
39.86,0.0608773,0.0566197
39.88,0.0702664,0.065377
39.9,0.0805845,0.0745029
39.92,0.0911377,0.0855262
39.94,0.0771399,0.0785173
39.96,0.0576881,0.0673516
39.98,0.0312712,0.0471769
40,0.00316552,0.0248946
40.02,-0.0167974,0.0104466
40.04,-0.0222994,0.0251962
40.06,-0.0339816,0.0361664
40.08,-0.047636,0.0478028
40.1,-0.0602295,0.058279
40.12,-0.0698328,0.0676109
40.14,-0.0755605,0.0715554
40.16,-0.0758526,0.0718438
40.18,-0.0685324,0.0710287
40.2,-0.051428,0.0623585
40.22,-0.0252586,0.0528743
40.24,0.00520713,0.0349647
40.26,0.0340385,0.0226759
40.28,0.0421728,0.0425561
40.3,0.0569484,0.0552512
40.32,0.0713449,0.0697334
40.34,0.0855628,0.0823328
40.36,0.101972,0.0962019
40.38,0.117125,0.109218
40.4,0.122827,0.117096
40.42,0.113555,0.117657
40.44,0.102912,0.11425
40.46,0.0799947,0.105867
40.48,0.0429235,0.0922682
40.5,0.000727993,0.0779101
40.52,-0.0425178,0.0643621
40.54,-0.0742915,0.0618613
40.56,-0.0858852,0.085755
40.58,-0.104377,0.102026
40.6,-0.107811,0.105096
40.62,-0.105883,0.103051
40.64,-0.104421,0.101292
40.66,-0.0984104,0.0983788
40.68,-0.0875605,0.0905902
40.7,-0.0742023,0.0782578
40.72,-0.0476669,0.060877
40.74,-0.0143554,0.0383362
40.76,0.0213161,0.0141598
40.78,0.0278292,0.0241738
40.8,0.0362183,0.0365633
40.82,0.0483073,0.0474831
40.84,0.0630125,0.0596826
40.86,0.0778405,0.0719208
40.88,0.0853234,0.0789024
40.9,0.091466,0.0844253
40.92,0.0968792,0.0905074
40.94,0.0811441,0.0853553
40.96,0.0583619,0.074871
40.98,0.0274765,0.0548238
41,-0.00649348,0.0322399
41.02,-0.0300659,0.0175877
41.04,-0.0325302,0.0348319
41.06,-0.0481937,0.0487779
41.08,-0.0642269,0.0634377
41.1,-0.0791694,0.0766336
41.12,-0.0883399,0.0861616
41.14,-0.0912756,0.0891779
41.16,-0.0992884,0.0975165
41.18,-0.0903196,0.0942253
41.2,-0.076491,0.0848816
41.219,-0.0525846,0.0677257
41.24,-0.0235197,0.0500179
41.26,0.00632165,0.0291242
41.28,0.0280801,0.0166131
41.3,0.0344874,0.0346135
41.32,0.0499104,0.0482721
41.34,0.0652349,0.0628822
41.36,0.0785397,0.0739687
41.38,0.0889907,0.0837482
41.4,0.0922762,0.0872151
41.42,0.0969535,0.0929486
41.44,0.0852612,0.0882029
41.46,0.0669807,0.0792942
41.48,0.0356763,0.0645484
41.5,0.00104024,0.0471631
41.52,-0.0360417,0.0285202
41.54,-0.0449656,0.0480537
41.56,-0.0601332,0.0622436
41.58,-0.0742619,0.0758243
41.6,-0.091878,0.0921079
41.62,-0.0995352,0.0979738
41.64,-0.0964091,0.0932524
41.66,-0.0965613,0.0945893
41.68,-0.09854,0.0958656
41.7,-0.0824344,0.0853411
41.72,-0.0602855,0.070265
41.74,-0.0307476,0.0488017
41.76,-0.000669248,0.0251744
41.78,0.019786,0.00925949
41.8,0.0244447,0.0288168
41.82,0.0434699,0.0424327
41.84,0.0586075,0.0571668
41.86,0.0723922,0.0682467
41.88,0.0835965,0.0786897
41.9,0.0915821,0.0850256
41.92,0.103282,0.0960697
41.94,0.0915076,0.0931586
41.96,0.0719891,0.0857876
41.98,0.0457879,0.0730019
42,0.0119083,0.0551745
42.02,-0.0226486,0.0369247
42.04,-0.0440235,0.0402247
42.06,-0.0564461,0.0609959
42.08,-0.076848,0.0779067
42.1,-0.0985756,0.0967723
42.12,-0.105288,0.101232
42.14,-0.103275,0.0981593
42.16,-0.101759,0.0999066
42.18,-0.0943221,0.0993899
42.2,-0.0809055,0.0894275
42.22,-0.0615014,0.0771413
42.24,-0.0277694,0.05484
42.26,0.00760142,0.0305824
42.28,0.0266777,0.0175977
42.3,0.0321107,0.031155
42.32,0.0413357,0.0407882
42.34,0.0524938,0.0505275
42.36,0.0636847,0.060099
42.38,0.0749436,0.0698889
42.4,0.0808023,0.0770616
42.42,0.0961546,0.0885816
42.44,0.0897408,0.0875474
42.46,0.071634,0.0801283
42.48,0.0464997,0.0632534
42.5,0.0165307,0.038974
42.52,-0.0155411,0.0146774
42.54,-0.01679,0.0169071
42.56,-0.0271877,0.0287153
42.58,-0.0402168,0.040814
42.6,-0.053229,0.0520453
42.62,-0.0645239,0.0621905
42.64,-0.0710072,0.0686247
42.66,-0.0802033,0.0761554
42.68,-0.0901146,0.0858626
42.7,-0.0769795,0.0843353
42.72,-0.0565397,0.077533
42.74,-0.0286193,0.0645584
42.76,-0.000406913,0.0467938
42.78,0.0324603,0.0273508
42.8,0.0406235,0.0383566
42.82,0.0541133,0.0539361
42.84,0.0696099,0.0686206
42.86,0.0871677,0.0838023
42.88,0.0982163,0.093729
42.9,0.106484,0.101432
42.92,0.117475,0.110455
42.94,0.106765,0.105745
42.96,0.0872721,0.0975653
42.98,0.0595555,0.0826186
43,0.0212194,0.061724
43.02,-0.0190449,0.040039
43.04,-0.0397585,0.0333679
43.06,-0.0501894,0.0511119
43.08,-0.0665934,0.0676568
43.1,-0.0855774,0.0839758
43.12,-0.097714,0.0944597
43.14,-0.102361,0.0977186
43.16,-0.106445,0.103151
43.18,-0.101468,0.101929
43.2,-0.0870382,0.0940444
43.22,-0.0641397,0.0841834
43.24,-0.0311207,0.0683808
43.26,0.00637623,0.0493138
43.28,0.0429096,0.0292171
43.3,0.0498215,0.0468774
43.32,0.063869,0.0617312
43.34,0.080114,0.0766829
43.36,0.0987054,0.0926434
43.38,0.107599,0.100739
43.4,0.125442,0.114347
43.42,0.130662,0.122004
43.44,0.117643,0.114859
43.46,0.0936382,0.102529
43.48,0.0595409,0.0849364
43.5,0.0163034,0.061568
43.52,-0.0342059,0.0371103
43.54,-0.0468472,0.0453494
43.56,-0.0602098,0.0622138
43.58,-0.0775875,0.0769829
43.6,-0.0945873,0.0919547
43.62,-0.104131,0.0994527
43.64,-0.109041,0.105756
43.66,-0.121875,0.114645
43.68,-0.121726,0.116476
43.7,-0.108176,0.111651
43.72,-0.0860522,0.0977185
43.74,-0.0553365,0.0741385
43.76,-0.0224192,0.0468328
43.78,0.0130896,0.0209691
43.8,0.0231701,0.0139565
43.82,0.0323559,0.0314058
43.84,0.0501738,0.0455123
43.86,0.0657502,0.0606685
43.88,0.0798106,0.0729091
43.9,0.0876919,0.0809286
43.92,0.0971519,0.0913889
43.94,0.0875625,0.0884737
43.96,0.0691627,0.0818407
43.98,0.043442,0.0706722
44,0.00816373,0.0533936
44.02,-0.0273698,0.0352065
44.04,-0.0430182,0.0391752
44.06,-0.0538095,0.0560939
44.08,-0.0686282,0.069509
44.1,-0.0873963,0.0859152
44.12,-0.0974525,0.092956
44.14,-0.100288,0.096161
44.16,-0.108333,0.10259
44.18,-0.0998628,0.100661
44.2,-0.0856223,0.0916826
44.22,-0.0661758,0.0787913
44.24,-0.0347965,0.0641507
44.26,0.000219202,0.0472054
44.28,0.0366694,0.0279014
44.3,0.0430353,0.0404433
44.32,0.0570791,0.0551764
44.34,0.0724357,0.0691776
44.36,0.0884549,0.0836727
44.38,0.0997322,0.0936924
44.4,0.105219,0.0984886
44.42,0.112592,0.105874
44.44,0.101531,0.100406
44.46,0.0798861,0.0917599
44.48,0.0514963,0.077445
44.5,0.011725,0.0561617
44.52,-0.0296771,0.0349258
44.54,-0.04207,0.0379346
44.56,-0.0560045,0.0564415
44.58,-0.0763983,0.0739573
44.6,-0.0961151,0.0913539
44.62,-0.106078,0.100475
44.64,-0.10717,0.10305
44.66,-0.102739,0.0991815
44.68,-0.100515,0.0955906
44.7,-0.0899884,0.0847008
44.72,-0.0684327,0.0713521
44.74,-0.0359691,0.0499337
44.76,-0.000901529,0.0247258
44.78,0.0274184,0.00643017
44.8,0.0227281,0.0228653
44.82,0.0368021,0.0339492
44.84,0.0510525,0.0472344
44.86,0.0650917,0.0592385
44.88,0.0743437,0.0686495
44.9,0.0848988,0.077297
44.92,0.0934837,0.0878127
44.94,0.0836328,0.0854032
44.96,0.0662321,0.0799902
44.98,0.0397552,0.0706214
45,0.00527165,0.0561373
45.02,-0.0332756,0.0400815
45.04,-0.0521785,0.0491196
45.06,-0.0696016,0.0682555
45.08,-0.0856525,0.0832816
45.1,-0.100046,0.0967585
45.12,-0.105267,0.100444
45.14,-0.0922493,0.0853223
45.16,-0.0753199,0.0703623
45.18,-0.0674427,0.0699014
45.2,-0.0543286,0.0619894
45.22,-0.0324256,0.0475895
45.24,-0.00493322,0.0269269
45.26,0.0198917,0.00767925
45.28,0.0196597,0.0214317
45.3,0.0327586,0.0337195
45.32,0.0471628,0.0461214
45.34,0.0603342,0.0570942
45.36,0.0739674,0.0690893
45.38,0.0848467,0.0811752
45.399,0.0901928,0.0854498
45.42,0.0986752,0.0943213
45.44,0.0873922,0.0916916
45.46,0.0707548,0.0855894
45.48,0.0438186,0.0712413
45.5,0.0114855,0.0511866
45.52,-0.0217114,0.0312565
45.54,-0.0394681,0.0377079
45.56,-0.051696,0.0560971
45.58,-0.0692559,0.071164
45.6,-0.0895714,0.0894977
45.62,-0.0992012,0.0961704
45.64,-0.0955326,0.0910995
45.66,-0.0895832,0.0878875
45.68,-0.0886345,0.0832712
45.7,-0.0765243,0.0742774
45.72,-0.0510926,0.0597265
45.74,-0.0174207,0.0381337
45.76,0.0161893,0.0135932
45.78,0.0193063,0.0205129
45.8,0.032946,0.0343886
45.82,0.0465044,0.0459211
45.84,0.0582121,0.056839
45.86,0.0717527,0.0671671
45.88,0.0837345,0.0777059
45.9,0.0849945,0.0803031
45.92,0.0952672,0.0886568
45.94,0.0951405,0.090698
45.96,0.0752591,0.0819787
45.98,0.0504617,0.0653694
46,0.0206645,0.0405497
46.02,-0.01161,0.0154746
46.04,-0.0168909,0.014757
46.06,-0.0263974,0.026505
46.08,-0.0382654,0.0380923
46.1,-0.0504113,0.0483246
46.12,-0.0607301,0.0577581
46.14,-0.0684128,0.0653029
46.16,-0.0817252,0.0768641
46.18,-0.0885425,0.0852479
46.2,-0.0751495,0.078901
46.22,-0.0567724,0.0704922
46.24,-0.0303667,0.0528578
46.26,-0.00341464,0.0340683
46.28,0.0254522,0.016812
46.3,0.0330325,0.035724
46.32,0.0481089,0.0484338
46.34,0.0628546,0.0621163
46.36,0.0762705,0.0741695
46.38,0.0880889,0.0834327
46.4,0.0945161,0.0892282
46.42,0.108891,0.0997977
46.44,0.0995852,0.0958026
46.46,0.0805039,0.0877442
46.48,0.0528136,0.0700776
46.5,0.0173756,0.0440392
46.52,-0.0199167,0.0174132
46.54,-0.0232438,0.0209553
46.56,-0.0339496,0.0351218
46.58,-0.0489502,0.0479068
46.6,-0.0628428,0.0600791
46.62,-0.0749223,0.0707632
46.64,-0.0804636,0.076134
46.66,-0.0836413,0.0794652
46.68,-0.0829439,0.0835617
46.7,-0.070274,0.0768667
46.72,-0.0488133,0.0695735
46.74,-0.0180937,0.0598494
46.76,0.0157556,0.0451563
46.78,0.0485924,0.0360204
46.8,0.0596269,0.059144
46.82,0.0790314,0.0766333
46.84,0.100062,0.0962363
46.86,0.10818,0.104943
46.88,0.105466,0.101481
46.9,0.1021,0.0998595
46.92,0.107348,0.099496
46.94,0.0943188,0.0931968
46.96,0.0760431,0.0825112
46.98,0.045288,0.0629735
47,0.0079853,0.0381418
47.02,-0.0293382,0.0147282
47.04,-0.0293124,0.0308513
47.06,-0.0442887,0.0437456
47.08,-0.0570586,0.0563255
47.1,-0.0675704,0.0663259
47.12,-0.0806971,0.0764995
47.14,-0.0842804,0.079812
47.16,-0.0867043,0.0843004
47.18,-0.0949547,0.0906658
47.2,-0.0822893,0.0871504
47.22,-0.0613907,0.0777637
47.24,-0.0311975,0.0585041
47.26,0.0011995,0.0331598
47.28,0.0303785,0.0107694
47.3,0.0245917,0.0260553
47.32,0.0391318,0.0376055
47.34,0.0531704,0.050476
47.36,0.0653012,0.0612727
47.38,0.0761205,0.0712897
47.4,0.0836299,0.0792469
47.42,0.0989325,0.0926747
47.44,0.0879536,0.0948194
47.46,0.0711733,0.0917842
47.48,0.046496,0.0806854
47.5,0.0174038,0.0651519
47.52,-0.0150282,0.0484372
47.54,-0.0482718,0.039355
47.56,-0.061913,0.0626131
47.58,-0.0809283,0.0778281
47.6,-0.0974477,0.0938993
47.62,-0.10328,0.0981952
47.64,-0.101206,0.0944668
47.66,-0.102059,0.0976364
47.68,-0.106321,0.102735
47.7,-0.0911368,0.0953778
47.72,-0.0662897,0.0822824
47.74,-0.030017,0.0564653
47.76,0.00769183,0.026581
47.78,0.0308883,0.00814492
47.8,0.0232996,0.0270573
47.82,0.0391439,0.0380847
47.84,0.052913,0.0517215
47.86,0.0650565,0.0627903
47.88,0.0777953,0.0730389
47.9,0.0874806,0.0816583
47.92,0.102661,0.0948508
47.94,0.0927693,0.0942636
47.96,0.0729942,0.0869096
47.98,0.0459244,0.068896
48,0.015864,0.0465162
48.02,-0.0164924,0.0244669
48.04,-0.0269769,0.023856
48.06,-0.0343733,0.0377512
48.08,-0.0476087,0.0496583
48.1,-0.0612413,0.0612895
48.12,-0.0745737,0.072499
48.14,-0.0814902,0.0787521
48.16,-0.0923714,0.0873188
48.18,-0.10115,0.0965229
48.2,-0.0879262,0.0925922
48.22,-0.0672949,0.080765
48.24,-0.0372843,0.0602688
48.26,-0.00563723,0.0369969
48.28,0.0255886,0.0144595
48.3,0.0259124,0.0257887
48.32,0.0405863,0.0405665
48.34,0.0580271,0.0556749
48.36,0.0734575,0.0690917
48.38,0.0830192,0.0780171
48.4,0.0957426,0.0898671
48.42,0.104753,0.0994684
48.44,0.0978258,0.0947548
48.46,0.0794108,0.0869376
48.48,0.0524104,0.0735807
48.5,0.0150973,0.0537257
48.52,-0.0217509,0.0331981
48.54,-0.0351611,0.0314701
48.56,-0.0458291,0.0479611
48.58,-0.0621556,0.0635189
48.6,-0.0804203,0.078797
48.62,-0.0934999,0.0902868
48.64,-0.102173,0.0977307
48.66,-0.115512,0.109079
48.68,-0.11819,0.113724
48.7,-0.10615,0.108723
48.72,-0.0845707,0.0971518
48.74,-0.0520082,0.0746124
48.76,-0.0159542,0.0492723
48.78,0.0211665,0.02345
48.8,0.0302652,0.0244304
48.82,0.0428839,0.0410398
48.84,0.0616488,0.0572681
48.86,0.0793344,0.0728713
48.88,0.0932777,0.0853262
48.9,0.102195,0.0951028
48.92,0.109952,0.103834
48.94,0.0987439,0.100657
48.96,0.0775535,0.091393
48.98,0.0476049,0.0767522
49,0.00895064,0.0581736
49.02,-0.030318,0.0394729
49.04,-0.0468447,0.0443954
49.06,-0.0591672,0.0629193
49.08,-0.0760897,0.0777529
49.1,-0.0943623,0.0935089
49.12,-0.105399,0.102149
49.14,-0.106378,0.102898
49.16,-0.106645,0.103733
49.18,-0.10529,0.102353
49.2,-0.0939048,0.0915569
49.22,-0.0738095,0.0801064
49.24,-0.0435532,0.0604373
49.26,-0.0112538,0.0372834
49.28,0.0228222,0.0140145
49.3,0.0306828,0.0303522
49.32,0.0458911,0.0467336
49.34,0.0650514,0.0626205
49.36,0.0826766,0.0777669
49.38,0.0943652,0.0882875
49.4,0.106897,0.09862
49.42,0.12,0.111698
49.44,0.106628,0.105488
49.46,0.0848653,0.0945723
49.48,0.055422,0.0755676
49.5,0.0161393,0.0493948
49.52,-0.0255542,0.0225957
49.54,-0.0289969,0.0283353
49.56,-0.041878,0.0431285
49.58,-0.0571613,0.056621
49.6,-0.0715845,0.0689369
49.62,-0.0820278,0.0787237
49.64,-0.0859394,0.0822712
49.66,-0.0863971,0.0823707
49.68,-0.086188,0.0850816
49.7,-0.0722374,0.0770391
49.72,-0.0485958,0.0657392
49.74,-0.0182745,0.0451368
49.76,0.0123789,0.0220691
49.78,0.0255926,0.0195972
49.8,0.0342948,0.0356775
49.82,0.0504715,0.0499106
49.84,0.0640399,0.0619835
49.86,0.075987,0.0728836
49.88,0.0859417,0.0822353
49.9,0.0753916,0.0749847
49.92,0.0755704,0.0664965
49.94,0.0681158,0.0642833
49.96,0.0528931,0.0547614
49.98,0.0318692,0.0405467
50,0.00728373,0.0211286
50.02,-0.0176207,0.0106381
50.04,-0.0248159,0.0283609
50.06,-0.0380562,0.0386056
50.08,-0.0486936,0.0484417
50.1,-0.0602115,0.0592406
50.12,-0.0753631,0.0717923
50.14,-0.0860179,0.0800172
50.16,-0.0932319,0.0870638
50.18,-0.0929461,0.086071
50.2,-0.080203,0.0759197
50.22,-0.0595595,0.066682
50.24,-0.0285642,0.04852
50.26,0.00546307,0.0256407
50.28,0.0257912,0.0135646
50.3,0.0303222,0.0302711
50.32,0.0477155,0.0447849
50.34,0.065484,0.0602511
50.36,0.0802119,0.0737196
50.38,0.0862796,0.0814426
50.4,0.0901098,0.0857565
50.42,0.0941899,0.0916643
50.44,0.0907204,0.0931262
50.46,0.0725097,0.0875699
50.48,0.0461165,0.072717
50.5,0.0117325,0.0511923
50.52,-0.0244527,0.029653
50.54,-0.0331165,0.0297271
50.56,-0.0453784,0.0455698
50.58,-0.0611138,0.0613744
50.6,-0.0783724,0.0758817
50.62,-0.0924877,0.0884046
50.64,-0.0980625,0.0949545
50.66,-0.112294,0.10509
50.68,-0.112935,0.109572
50.7,-0.100739,0.107754
50.72,-0.0775434,0.0989761
50.74,-0.0431309,0.0839078
50.76,-0.00516582,0.0629944
50.78,0.0340353,0.042448
50.8,0.0508198,0.0403593
50.82,0.0641691,0.0597591
50.84,0.0834322,0.0792595
50.86,0.105292,0.0979963
50.88,0.113284,0.107819
50.9,0.126606,0.118216
50.92,0.13034,0.124993
50.94,0.122999,0.123869
50.96,0.104799,0.119905
50.98,0.0753684,0.104709
51,0.0351236,0.0820325
51.02,-0.00851132,0.0593324
51.04,-0.0504986,0.0385255
51.06,-0.0592592,0.0589043
51.08,-0.078052,0.0794958
51.1,-0.100552,0.0989989
51.12,-0.104123,0.102356
51.14,-0.103736,0.0990182
51.16,-0.10176,0.0990984
51.18,-0.0954775,0.097286
51.2,-0.0818891,0.0893184
51.22,-0.0603565,0.0796217
51.24,-0.0296763,0.0733218
51.26,0.00638174,0.0622137
51.28,0.0463021,0.0476172
51.3,0.0640832,0.0610282
51.32,0.0807476,0.0775764
51.34,0.0943114,0.0893278
51.36,0.103834,0.101518
51.38,0.110264,0.106203
51.4,0.126175,0.116805
51.42,0.125991,0.120036
51.44,0.114051,0.112796
51.46,0.0967011,0.0998096
51.48,0.0660407,0.0785675
51.5,0.0243263,0.0504699
51.52,-0.0241065,0.0243129
51.54,-0.0311431,0.0290006
51.56,-0.0428317,0.0436866
51.58,-0.0578489,0.056905
51.6,-0.0728597,0.0708
51.62,-0.0869997,0.0833279
51.64,-0.0955786,0.0907738
51.66,-0.0973346,0.0954893
51.68,-0.0978064,0.101309
51.7,-0.0857611,0.097716
51.72,-0.0679736,0.0906313
51.74,-0.0375907,0.0745436
51.76,-0.00308646,0.0527738
51.78,0.0319825,0.0310641
51.8,0.0393205,0.0343017
51.82,0.0520715,0.0495149
51.84,0.0687227,0.0662084
51.86,0.0884535,0.0823288
51.88,0.102112,0.0951788
51.9,0.111116,0.104296
51.92,0.113338,0.109259
51.94,0.104033,0.106659
51.96,0.0834202,0.100742
51.98,0.0544683,0.0883419
52,0.0132776,0.0708684
52.02,-0.0297659,0.0526176
52.04,-0.0557577,0.0472295
52.06,-0.0671301,0.0667911
52.08,-0.083761,0.0849387
52.1,-0.102959,0.101282
52.12,-0.107823,0.106927
52.14,-0.116559,0.113891
52.16,-0.126937,0.12058
52.18,-0.126363,0.121073
52.2,-0.114184,0.115608
52.22,-0.0951119,0.105986
52.24,-0.0673428,0.0889968
52.26,-0.0289508,0.0646547
52.28,0.0176721,0.0372321
52.3,0.0424452,0.0321675
52.32,0.0511481,0.0507032
52.34,0.068838,0.0652504
52.36,0.0849088,0.0800085
52.38,0.0989413,0.0919709
52.4,0.112934,0.10491
52.42,0.120745,0.114132
52.44,0.108798,0.108099
52.46,0.0871626,0.0961739
52.48,0.0572603,0.0776737
52.5,0.0162606,0.0509999
52.52,-0.0256246,0.0240078
52.54,-0.0331402,0.0319876
52.56,-0.0431348,0.0460565
52.58,-0.0573595,0.0581453
52.6,-0.0713369,0.0696366
52.62,-0.0819967,0.0791088
52.64,-0.0887037,0.0847855
52.66,-0.0990289,0.0940258
52.68,-0.104859,0.0997944
52.7,-0.0917823,0.0948113
52.72,-0.068842,0.0809426
52.74,-0.0373433,0.055479
52.76,-0.00491301,0.0266097
52.78,0.0234223,0.00229459
52.8,0.0147543,0.0170634
52.82,0.0282277,0.0274489
52.84,0.0419433,0.040727
52.86,0.0556092,0.0516699
52.88,0.0626654,0.0596854
52.9,0.0721413,0.0682165
52.92,0.0871863,0.0809948
52.94,0.0807694,0.0808097
52.96,0.0636053,0.074677
52.98,0.0383958,0.0597479
53,0.00848662,0.0401498
53.02,-0.0223967,0.0203628
53.04,-0.0279644,0.0264187
53.06,-0.0392525,0.0405111
53.08,-0.0546094,0.0541798
53.1,-0.0704617,0.0677522
53.12,-0.08136,0.0780279
53.14,-0.0916052,0.0860639
53.16,-0.103689,0.0968073
53.18,-0.106984,0.101681
53.2,-0.0947574,0.0973434
53.22,-0.0731271,0.0872957
53.24,-0.0436672,0.0702871
53.26,-0.0122532,0.0508409
53.28,0.0240332,0.0295764
53.3,0.04119,0.0371811
53.32,0.0549931,0.0558513
53.34,0.0735804,0.0716581
53.36,0.0922084,0.0881044
53.38,0.104484,0.098681
53.4,0.117442,0.110007
53.42,0.125868,0.119728
53.44,0.110636,0.113759
53.46,0.0882846,0.104894
53.48,0.0578183,0.0888816
53.5,0.014559,0.0678929
53.52,-0.0325435,0.0456451
53.54,-0.0510534,0.0436837
53.56,-0.0586853,0.0631421
53.58,-0.0757714,0.0782618
53.6,-0.0932849,0.0941028
53.62,-0.102799,0.103458
53.64,-0.105148,0.10414
53.66,-0.103472,0.101591
53.68,-0.0990298,0.100481
53.7,-0.0875568,0.0941851
53.72,-0.0619763,0.0831531
53.74,-0.0312794,0.0666903
53.76,0.00139448,0.0489283
53.78,0.0392774,0.029555
53.8,0.0468325,0.0437735
53.82,0.0607271,0.0582733
53.84,0.0748824,0.071724
53.86,0.0909435,0.0859689
53.88,0.105546,0.0975476
53.9,0.114296,0.106375
53.92,0.117192,0.110524
53.94,0.106717,0.104945
53.96,0.0860495,0.0931346
53.98,0.0573423,0.0786721
54,0.0162529,0.0599609
54.02,-0.0298817,0.0397934
54.04,-0.0469888,0.0428723
54.06,-0.061389,0.0628606
54.08,-0.0803647,0.0795907
54.1,-0.0998533,0.0965625
54.12,-0.106805,0.103095
54.14,-0.114373,0.110372
54.16,-0.126832,0.119108
54.18,-0.121002,0.11798
54.2,-0.10932,0.11352
54.22,-0.0867325,0.101427
54.24,-0.0535294,0.0847087
54.26,-0.0150196,0.0613288
54.28,0.0302477,0.03827
54.3,0.0465502,0.0390643
54.32,0.0583323,0.0574922
54.34,0.0776324,0.0742151
54.36,0.096872,0.0914353
54.38,0.113858,0.106636
54.4,0.126956,0.11896
54.42,0.129746,0.12109
54.44,0.119515,0.117005
54.46,0.0987552,0.105905
54.48,0.0655542,0.0879638
54.5,0.0203001,0.0655239
54.52,-0.0304319,0.0443012
54.54,-0.0507292,0.0418832
54.559,-0.0590018,0.060434
54.58,-0.0772501,0.075919
54.6,-0.096038,0.0920141
54.62,-0.105324,0.100498
54.64,-0.110784,0.105431
54.66,-0.112796,0.110661
54.68,-0.10733,0.105116
54.7,-0.099938,0.0963579
54.72,-0.0793097,0.0834592
54.74,-0.0474056,0.0619814
54.76,-0.0135828,0.0354943
54.78,0.0200382,0.00929137
54.8,0.0208146,0.0232931
54.82,0.0366425,0.038872
54.84,0.0546344,0.0538105
54.86,0.0704719,0.0672404
54.88,0.081998,0.0770077
54.9,0.0948055,0.0884438
54.92,0.107393,0.100565
54.94,0.0994776,0.0976983
54.96,0.0805555,0.0883661
54.98,0.0549095,0.0731019
55,0.0186872,0.0514852
55.02,-0.0192698,0.0293289
55.04,-0.0306711,0.027762
55.06,-0.0395658,0.042559
55.08,-0.0541618,0.0553912
55.1,-0.0696788,0.068654
55.12,-0.0824185,0.0801294
55.14,-0.0922379,0.0885905
55.16,-0.0999209,0.0960939
55.18,-0.0970596,0.0983745
55.2,-0.0832954,0.0958085
55.22,-0.0617034,0.0883257
55.24,-0.0271077,0.0732774
55.26,0.00848507,0.0553827
55.28,0.0465841,0.0364306
55.3,0.0563543,0.051969
55.32,0.0723653,0.0713758
55.34,0.0932,0.0905085
55.36,0.10749,0.104153
55.38,0.113911,0.109554
55.4,0.119551,0.113314
55.42,0.115493,0.114047
55.44,0.106644,0.108229
55.46,0.0906601,0.0986444
55.48,0.0627154,0.0836743
55.5,0.0211586,0.0657461
55.52,-0.0231055,0.0481143
55.54,-0.0503803,0.040873
55.56,-0.060681,0.0602639
55.58,-0.0768279,0.0766317
55.6,-0.094743,0.0930442
55.62,-0.112685,0.108097
55.64,-0.124415,0.118765
55.66,-0.130267,0.125546
55.68,-0.122885,0.122738
55.7,-0.10808,0.119872
55.72,-0.0816151,0.114079
55.74,-0.0459103,0.106682
55.76,0.00492328,0.090849
55.78,0.0597387,0.0745601
55.8,0.0918014,0.0733786
55.82,0.10166,0.0984367
55.84,0.110555,0.105785
55.86,0.107062,0.106089
55.88,0.106075,0.101325
55.9,0.102228,0.0961314
55.92,0.101161,0.0952163
55.94,0.0935227,0.090035
55.96,0.072191,0.0775866
55.98,0.0417585,0.0564656
56,0.00615032,0.0279634
56.02,-0.0222661,0.00665029
56.04,-0.0199455,0.0227477
56.06,-0.033985,0.0333012
56.08,-0.0441093,0.0434106
56.1,-0.0534699,0.052408
56.12,-0.0669044,0.0620886
56.14,-0.07529,0.0709809
56.16,-0.0714878,0.0686261
56.18,-0.0752367,0.0723191
56.2,-0.0623568,0.0683992
56.22,-0.0435677,0.0601769
56.24,-0.0200761,0.0469783
56.26,0.00721081,0.0282677
56.28,0.0294428,0.0201357
56.3,0.0365993,0.0364791
56.32,0.0478814,0.0470367
56.34,0.0612147,0.0587695
56.36,0.0761195,0.0710455
56.38,0.0879262,0.0812189
56.4,0.0925083,0.0857703
56.42,0.108129,0.0987211
56.44,0.0952381,0.0921094
56.46,0.0725981,0.0798092
56.48,0.0433341,0.0603183
56.5,0.00807589,0.0348565
56.52,-0.027578,0.00914282
56.54,-0.0218039,0.0244412
56.56,-0.0356638,0.0349803
56.58,-0.0469281,0.0456332
56.6,-0.0561287,0.0548982
56.62,-0.0687827,0.0645053
56.64,-0.0769629,0.0728139
56.66,-0.084329,0.0796554
56.68,-0.0957959,0.089763
56.7,-0.0842507,0.0840265
56.72,-0.0638286,0.0740493
56.74,-0.0385851,0.0513982
56.76,-0.00971466,0.0228543
56.78,0.0151641,-0.00173921
56.8,0.0105483,0.01034
56.82,0.0210137,0.019836
56.84,0.0337095,0.031214
56.86,0.0446095,0.0402624
56.88,0.049231,0.0461918
56.9,0.0599064,0.0550171
56.92,0.0730369,0.0674453
56.94,0.0692542,0.0687546
56.96,0.0557383,0.0635602
56.98,0.0393307,0.0559846
57,0.0111842,0.047415
57.02,-0.0247969,0.0380894
57.04,-0.0477249,0.0426187
57.06,-0.0573601,0.0580953
57.08,-0.0693883,0.0679787
57.1,-0.0833922,0.0818574
57.12,-0.100976,0.0956829
57.14,-0.106805,0.100149
57.16,-0.106957,0.101019
57.18,-0.104709,0.10004
57.2,-0.0899577,0.0899067
57.22,-0.0717072,0.0755958
57.24,-0.0422221,0.0571248
57.26,-0.00761847,0.0326702
57.28,0.0269226,0.00992116
57.3,0.0276949,0.0252876
57.32,0.0433736,0.040125
57.34,0.0605905,0.0553335
57.36,0.0757893,0.0691669
57.38,0.0879069,0.0797697
57.4,0.0935034,0.0863669
57.42,0.108961,0.100079
57.44,0.101982,0.0996087
57.46,0.083775,0.0934799
57.48,0.0577066,0.0813987
57.5,0.0215333,0.0616197
57.52,-0.017223,0.0415147
57.54,-0.0416085,0.0308503
57.56,-0.0496623,0.0495521
57.58,-0.0664765,0.06586
57.6,-0.0854661,0.0821478
57.62,-0.100198,0.0953958
57.64,-0.105052,0.102268
57.66,-0.106441,0.103413
57.68,-0.110622,0.108314
57.7,-0.0992337,0.10338
57.72,-0.0813854,0.0923954
57.74,-0.0496876,0.0711252
57.76,-0.0137134,0.0461811
57.78,0.0209746,0.0206443
57.8,0.028087,0.0241403
57.82,0.0399399,0.0384408
57.84,0.0557878,0.0543912
57.86,0.0745585,0.0690832
57.88,0.085082,0.0801593
57.9,0.0971544,0.0905217
57.92,0.110748,0.103745
57.94,0.103074,0.104119
57.96,0.0867094,0.101884
57.98,0.06284,0.0922602
58,0.0267068,0.0747963
58.02,-0.0111635,0.0565619
58.04,-0.048423,0.0364814
58.06,-0.0561826,0.0541045
58.08,-0.0720783,0.0729942
58.1,-0.0921083,0.0908055
58.12,-0.103474,0.0999854
58.14,-0.102031,0.096951
58.159,-0.0987243,0.096751
58.18,-0.104063,0.0984011
58.2,-0.0977428,0.0963798
58.22,-0.0781044,0.0902
58.24,-0.0521413,0.0784824
58.26,-0.0200771,0.0547525
58.28,0.0142943,0.0304337
58.3,0.0295267,0.0198268
58.32,0.0380676,0.0368441
58.34,0.0542845,0.0520849
58.36,0.0723072,0.0677359
58.38,0.0866582,0.0807745
58.4,0.0951704,0.0895967
58.42,0.109983,0.102903
58.44,0.104254,0.102317
58.46,0.0876957,0.0977173
58.48,0.0617507,0.0847144
58.5,0.0251826,0.0645792
58.52,-0.0149545,0.0432251
58.54,-0.0427805,0.0283526
58.56,-0.0467231,0.0471094
58.58,-0.063515,0.0628808
58.6,-0.0821449,0.0789553
58.62,-0.0984824,0.0928363
58.64,-0.103441,0.0984248
58.66,-0.114404,0.108818
58.68,-0.116993,0.113376
58.7,-0.107881,0.108583
58.72,-0.088674,0.101254
58.74,-0.061424,0.0863195
58.76,-0.0264784,0.0656496
58.78,0.0130012,0.045044
58.8,0.0437747,0.0318495
58.82,0.0532462,0.0521464
58.84,0.072574,0.0697489
58.86,0.0940952,0.0887115
58.88,0.108385,0.102259
58.9,0.120091,0.112632
58.92,0.1248,0.118261
58.94,0.114271,0.111317
58.96,0.0956145,0.100336
58.98,0.0684719,0.0861136
59,0.0266725,0.0660499
59.02,-0.0192526,0.0443966
59.04,-0.0469113,0.0382683
59.06,-0.056412,0.0579406
59.08,-0.0705723,0.0714607
59.1,-0.0859841,0.0854751
59.12,-0.10133,0.0978002
59.14,-0.108065,0.104055
59.16,-0.106122,0.101796
59.18,-0.108647,0.106494
59.2,-0.0953465,0.0975177
59.22,-0.0811492,0.0837262
59.24,-0.0548509,0.0642769
59.26,-0.0222934,0.0401251
59.28,0.0119605,0.0162443
59.3,0.0214289,0.0159218
59.32,0.0318071,0.03017
59.34,0.0482359,0.0437656
59.36,0.0636455,0.0582022
59.38,0.0754394,0.0688526
59.4,0.0825908,0.0767637
59.42,0.0914012,0.0850615
59.44,0.0962188,0.092378
59.46,0.079019,0.0872021
59.48,0.056014,0.0768599
59.5,0.0248887,0.0573489
59.52,-0.00970522,0.0364728
59.54,-0.0322304,0.0242135
59.56,-0.0379757,0.0408112
59.58,-0.0538661,0.0554368
59.6,-0.0704314,0.0700875
59.62,-0.0867639,0.0841577
59.64,-0.0905239,0.0891216
59.66,-0.0962471,0.0936842
59.68,-0.106161,0.102472
59.7,-0.0967937,0.0969083
59.72,-0.0797641,0.0884287
59.74,-0.0509068,0.0714785
59.76,-0.0178087,0.0481626
59.78,0.0170852,0.0248243
59.8,0.0316854,0.0273404
59.82,0.0433185,0.044003
59.84,0.0591049,0.0580852
59.86,0.074777,0.0717416
59.88,0.0867526,0.0824758
59.9,0.0890003,0.0857241
59.92,0.101571,0.0949719
59.94,0.111492,0.104404
59.96,0.0978685,0.0997993
59.98,0.0747908,0.0865656
60,0.0443438,0.0628444
60.02,0.00967225,0.0356431
60.04,-0.023567,0.00911631
60.06,-0.0205895,0.0232595
60.08,-0.0342475,0.0356082
60.1,-0.0487733,0.0482308
60.12,-0.0622423,0.0594316
60.14,-0.0743879,0.0703364
60.16,-0.0839764,0.0791583
60.18,-0.10004,0.0938148
60.2,-0.0897701,0.0892836
60.22,-0.0712915,0.0795369
60.24,-0.0474056,0.0656255
60.26,-0.0179821,0.0460144
60.28,0.0143047,0.0246748
60.3,0.0328207,0.0262443
60.32,0.0400697,0.0421453
60.34,0.0548787,0.0539857
60.36,0.0711338,0.0681933
60.38,0.0883357,0.0828236
60.4,0.0968472,0.0901566
60.42,0.109984,0.101704
60.44,0.109569,0.103685
60.46,0.0933195,0.0951829
60.48,0.0680493,0.0804792
60.5,0.0311287,0.0537673
60.52,-0.00782732,0.0256564
60.54,-0.0248039,0.0149074
60.56,-0.0300061,0.032025
60.58,-0.0453351,0.0442783
60.6,-0.0581385,0.0563336
60.62,-0.0689563,0.0658822
60.64,-0.0799562,0.0753023
60.66,-0.076898,0.0766385
60.68,-0.0803932,0.0774783
60.7,-0.0741141,0.0693735
60.72,-0.0558683,0.0569818
60.74,-0.0286103,0.0449614
60.76,0.00359171,0.0273832
60.78,0.0286345,0.0200049
60.8,0.0380785,0.0388244
60.82,0.050742,0.0504897
60.84,0.0627477,0.0619167
60.86,0.0768775,0.074631
60.88,0.0919155,0.0867245
60.9,0.0848078,0.0842969
60.92,0.0853532,0.0811154
60.94,0.0874256,0.0841563
60.96,0.0730758,0.0754219
60.98,0.0525122,0.061513
61,0.0243006,0.040544
61.02,-0.00313896,0.0157897
61.04,-0.0135862,0.0109518
61.06,-0.0194376,0.0224976
61.08,-0.0296944,0.0325172
61.1,-0.0389129,0.0401073
61.12,-0.0480842,0.0483345
61.14,-0.059863,0.0576812
61.16,-0.0684965,0.0655697
61.18,-0.0748062,0.0707526
61.2,-0.0728874,0.0699616
61.22,-0.0555199,0.0658867
61.24,-0.0319881,0.0566325
61.26,-0.00501829,0.0421882
61.28,0.0273617,0.0240075
61.3,0.0384213,0.0383454
61.32,0.0533991,0.0554362
61.34,0.0721376,0.070832
61.36,0.090859,0.0875381
61.38,0.102672,0.0971983
61.4,0.0933631,0.088412
61.42,0.0817213,0.0720638
61.44,0.0743501,0.0721436
61.46,0.0532541,0.0618183
61.48,0.0270599,0.0462576
61.5,-0.00747357,0.0256942
61.52,-0.0271496,0.0167666
61.54,-0.0313991,0.0322735
61.56,-0.0430014,0.0414907
61.58,-0.0537831,0.0531271
61.6,-0.071128,0.065802
61.62,-0.0871264,0.0799436
61.64,-0.094746,0.0875004
61.66,-0.0895437,0.0892142
61.68,-0.0954974,0.0908309
61.7,-0.0859797,0.078277
61.72,-0.065628,0.0631796
61.74,-0.0337475,0.0444936
61.76,0.00458123,0.0211121
61.78,0.0212668,0.0144701
61.8,0.028508,0.0291856
61.82,0.0419408,0.0407636
61.84,0.0542835,0.0515497
61.86,0.064066,0.0606734
61.88,0.0769222,0.0716615
61.9,0.0812153,0.0786656
61.92,0.0892768,0.0837998
61.94,0.102855,0.0952099
61.96,0.0905728,0.0904739
61.98,0.0750457,0.0838537
62,0.0463108,0.0614557
62.02,0.0120779,0.0340831
62.04,-0.0244312,0.00729306
62.06,-0.0169857,0.0205638
62.08,-0.0295923,0.0303302
62.1,-0.0411237,0.0415494
62.12,-0.0535124,0.052102
62.14,-0.062276,0.06108
62.16,-0.0730071,0.0701048
62.18,-0.0870706,0.0832275
62.2,-0.0802282,0.0820515
62.22,-0.0651931,0.0762559
62.24,-0.0413899,0.0635487
62.26,-0.0107259,0.0449344
62.28,0.0200827,0.0256074
62.3,0.0328106,0.0283087
62.32,0.0433612,0.0456717
62.34,0.0612387,0.0603212
62.36,0.0778419,0.074819
62.38,0.0928276,0.0883147
62.4,0.0974226,0.0924811
62.42,0.111023,0.1023
62.44,0.110465,0.10614
62.46,0.0911389,0.098234
62.48,0.0659156,0.0858782
62.5,0.0295308,0.0632179
62.52,-0.00974761,0.0390524
62.54,-0.0362494,0.0241222
62.56,-0.0404155,0.0397905
62.58,-0.0537116,0.0528639
62.6,-0.0690998,0.0663604
62.62,-0.083722,0.0789747
62.64,-0.0928372,0.087909
62.66,-0.0995329,0.0959746
62.68,-0.113743,0.107328
62.7,-0.105231,0.104615
62.72,-0.0866617,0.093615
62.74,-0.0597154,0.075511
62.76,-0.028747,0.0522935
62.78,0.00579441,0.0279082
62.8,0.0260868,0.0153719
62.82,0.0342929,0.0325891
62.84,0.0514012,0.0480075
62.86,0.0692308,0.0636896
62.88,0.0824809,0.0754651
62.9,0.092836,0.0850309
62.92,0.107266,0.0991794
62.94,0.100798,0.0973352
62.96,0.0849834,0.0909247
62.98,0.0621022,0.0797103
63,0.0282585,0.0646271
63.02,-0.0117003,0.0473535
63.04,-0.0459874,0.0340247
63.06,-0.0536894,0.0530732
63.08,-0.0692972,0.0688207
63.1,-0.0870331,0.0850366
63.12,-0.106126,0.101584
63.14,-0.121187,0.115779
63.16,-0.134077,0.129048
63.18,-0.131418,0.124036
63.2,-0.121651,0.117002
63.22,-0.0998963,0.108382
63.24,-0.0658333,0.100093
63.26,-0.0140011,0.084016
63.28,0.0380055,0.0665802
63.3,0.07988,0.0548155
63.32,0.081699,0.0814677
63.34,0.101362,0.0986668
63.36,0.109271,0.10741
63.38,0.108964,0.106541
63.4,0.110465,0.105062
63.419,0.118092,0.112374
63.44,0.114115,0.11107
63.46,0.0980722,0.103381
63.48,0.0727529,0.0877355
63.5,0.0347303,0.0630152
63.52,-0.0087339,0.0365447
63.54,-0.0360328,0.0214268
63.56,-0.0356925,0.0406756
63.58,-0.0516411,0.0539173
63.6,-0.0668455,0.0680893
63.62,-0.0810825,0.0804906
63.64,-0.0858527,0.0867367
63.66,-0.0869929,0.0894528
63.68,-0.0913696,0.085408
63.7,-0.0831328,0.0846729
63.72,-0.0647511,0.0775873
63.74,-0.0361636,0.0629929
63.76,-0.00405187,0.0423099
63.78,0.0283094,0.0209904
63.8,0.0345895,0.0316276
63.82,0.0464038,0.0468272
63.84,0.0643293,0.0625297
63.86,0.079895,0.0763918
63.88,0.0910101,0.0866906
63.9,0.0909383,0.0905229
63.92,0.0926135,0.0891974
63.94,0.0904215,0.0913109
63.96,0.07796,0.0825212
63.98,0.057934,0.0706668
64,0.0286749,0.0558783
64.02,-0.00461226,0.0388625
64.04,-0.0366004,0.0265844
64.06,-0.0428581,0.0469867
64.08,-0.0575463,0.0588571
64.1,-0.073614,0.0744135
64.12,-0.0926084,0.0897578
64.14,-0.0949839,0.0917956
64.16,-0.0937077,0.0901675
64.18,-0.102299,0.0967485
64.2,-0.0982959,0.0959732
64.22,-0.0826425,0.0869883
64.24,-0.0533982,0.0711331
64.26,-0.0175639,0.0437857
64.28,0.0195531,0.0154388
64.3,0.0222224,0.0216502
64.32,0.0355214,0.0367629
64.34,0.0532483,0.0513145
64.36,0.0658475,0.062873
64.38,0.0771791,0.0728753
64.4,0.0871651,0.082397
64.42,0.100223,0.0925319
64.44,0.108246,0.101607
64.46,0.0921532,0.0955006
64.48,0.0681964,0.0806456
64.5,0.0403805,0.0579947
64.52,0.00917342,0.0331234
64.54,-0.0222382,0.00963075
64.56,-0.0229864,0.0204517
64.58,-0.0333259,0.0326598
64.6,-0.0469773,0.0459058
64.62,-0.0607222,0.0576249
64.64,-0.0720242,0.0677662
64.66,-0.0810127,0.0762004
64.68,-0.0912587,0.0872539
64.7,-0.0834657,0.0845822
64.72,-0.0670312,0.0796583
64.74,-0.0422279,0.069997
64.76,-0.00892152,0.0557423
64.78,0.0290281,0.0407771
64.8,0.0530527,0.0451471
64.82,0.0652922,0.0653891
64.84,0.0823793,0.0804186
64.86,0.101756,0.0983762
64.88,0.106269,0.102979
64.9,0.104215,0.099361
64.92,0.105263,0.100988
64.94,0.103753,0.0979939
64.96,0.0823698,0.084699
64.98,0.0593789,0.0715353
65,0.0275366,0.0533171
65.02,-0.00795343,0.0322965
65.04,-0.0293862,0.021086
65.06,-0.0343047,0.0369877
65.08,-0.0491385,0.0508394
65.1,-0.0642102,0.0649301
65.12,-0.0789785,0.0775576
65.14,-0.0899881,0.087222
65.16,-0.097187,0.0949453
65.18,-0.101547,0.0994154
65.2,-0.0948064,0.0929018
65.22,-0.0771541,0.082967
65.24,-0.0508262,0.0690876
65.26,-0.0161833,0.0472295
65.28,0.0206172,0.0251393
65.3,0.0316293,0.0251045
65.32,0.0433266,0.0413261
65.34,0.0617483,0.0576858
65.36,0.0795803,0.0733462
65.38,0.0942867,0.0866284
65.4,0.105304,0.0979355
65.42,0.120445,0.111493
65.44,0.11504,0.109585
65.46,0.0983915,0.103503
65.48,0.0739022,0.0932545
65.5,0.0375491,0.0734739
65.52,-0.0057692,0.053969
65.54,-0.0479615,0.0357671
65.56,-0.0542211,0.0526198
65.58,-0.06853,0.0689647
65.6,-0.0874418,0.0853018
65.62,-0.105009,0.100237
65.64,-0.112194,0.107384
65.66,-0.121312,0.116552
65.68,-0.127532,0.121947
65.7,-0.119323,0.119313
65.72,-0.0996808,0.112571
65.74,-0.069021,0.0941882
65.76,-0.0339377,0.0680888
65.78,0.00257481,0.0421691
65.8,0.0375018,0.0181805
65.82,0.0370776,0.034504
65.84,0.0559714,0.0520972
65.86,0.0767272,0.0714283
65.88,0.0960694,0.0876507
65.9,0.102765,0.0958013
65.92,0.11502,0.106198
65.94,0.107296,0.103551
65.96,0.0919878,0.100768
65.98,0.0671899,0.0899845
66,0.0334268,0.0715555
66.02,-0.00302971,0.0512551
66.04,-0.0408104,0.0310405
66.06,-0.049229,0.0474724
66.08,-0.0635734,0.065807
66.1,-0.0831889,0.08326
66.12,-0.102866,0.0997352
66.14,-0.111756,0.107714
66.16,-0.12311,0.117653
66.18,-0.127582,0.12325
66.2,-0.117917,0.119586
66.22,-0.100054,0.113653
66.24,-0.0689229,0.0993045
66.26,-0.0286524,0.0750196
66.28,0.0146109,0.0501139
66.3,0.0479466,0.0325547
66.32,0.0546876,0.05127
66.34,0.0716314,0.0694484
66.36,0.0937919,0.0877257
66.38,0.102176,0.0978604
66.4,0.111492,0.106378
66.42,0.127918,0.117946
66.44,0.122474,0.116323
66.46,0.104557,0.110155
66.48,0.0803392,0.0985265
66.5,0.0453949,0.0786076
66.52,-0.000559111,0.0554037
66.54,-0.0454289,0.0333583
66.56,-0.0504454,0.0490985
66.58,-0.0648661,0.0653985
66.6,-0.0832043,0.0820057
66.62,-0.100658,0.0964485
66.64,-0.10775,0.104548
66.66,-0.117483,0.11349
66.68,-0.120336,0.118108
66.7,-0.110729,0.114281
66.72,-0.0925978,0.107902
66.74,-0.062917,0.093648
66.76,-0.0254682,0.0728988
66.78,0.0174926,0.0521308
66.8,0.0527409,0.0355996
66.82,0.058517,0.0545325
66.84,0.0761977,0.0728114
66.86,0.0979716,0.0923769
66.88,0.114088,0.10683
66.9,0.128537,0.118908
66.92,0.138934,0.129984
66.94,0.137383,0.128597
66.96,0.121077,0.1236
66.98,0.0948495,0.110937
67,0.0569752,0.089715
67.02,0.00854446,0.0639217
67.04,-0.0467774,0.0414955
67.06,-0.05624,0.0545292
67.08,-0.0709614,0.071312
67.1,-0.0886053,0.0871603
67.12,-0.103191,0.100788
67.14,-0.108274,0.104904
67.16,-0.113552,0.111803
67.18,-0.122242,0.117806
67.2,-0.11264,0.113303
67.22,-0.0949915,0.103219
67.24,-0.0675306,0.0858355
67.26,-0.0310189,0.0603504
67.28,0.00884543,0.0342064
67.3,0.0352475,0.0197183
67.32,0.0396052,0.0383366
67.339,0.0570413,0.0531962
67.36,0.0754699,0.0690916
67.38,0.0910084,0.0833117
67.4,0.09752,0.0903719
67.42,0.106241,0.0992241
67.44,0.104018,0.101383
67.46,0.089477,0.0969314
67.48,0.0671501,0.0875768
67.5,0.0310877,0.0696959
67.52,-0.010108,0.0517112
67.54,-0.0478788,0.0348246
67.56,-0.0514162,0.0524882
67.58,-0.0679427,0.0699638
67.6,-0.0862467,0.087066
67.62,-0.102366,0.100826
67.64,-0.115092,0.112439
67.66,-0.128987,0.123724
67.68,-0.132739,0.130007
67.7,-0.126038,0.127873
67.72,-0.110814,0.12257
67.74,-0.0858691,0.110049
67.76,-0.0476293,0.0881601
67.78,-0.0026941,0.0656372
67.8,0.0434767,0.0438958
67.82,0.0547685,0.0497035
67.84,0.0705581,0.0673389
67.86,0.0903333,0.0860578
67.88,0.10516,0.0998817
67.9,0.115422,0.109134
67.92,0.129129,0.119838
67.94,0.124213,0.118061
67.96,0.111757,0.112321
67.98,0.09079,0.100218
68,0.0583144,0.0803445
68.02,0.0173189,0.0569387
68.04,-0.0281949,0.0346176
68.06,-0.0429347,0.0392869
68.08,-0.0580565,0.0581662
68.1,-0.0772987,0.0749768
68.12,-0.095712,0.0914333
68.14,-0.104525,0.0988473
68.16,-0.11434,0.107597
68.18,-0.118578,0.112251
68.2,-0.107031,0.107633
68.22,-0.0865004,0.0962494
68.24,-0.0547601,0.0780558
68.26,-0.0193987,0.0548001
68.28,0.0179318,0.0312991
68.3,0.0371956,0.027644
68.32,0.0484711,0.0469154
68.34,0.0673524,0.0637693
68.36,0.0866559,0.0809793
68.38,0.101122,0.0942239
68.4,0.109916,0.103472
68.42,0.127631,0.117182
68.44,0.119915,0.11607
68.46,0.104495,0.111652
68.48,0.078257,0.103472
68.5,0.0430647,0.0847137
68.52,-0.000286383,0.064265
68.54,-0.0453403,0.0439868
68.56,-0.0567346,0.0536968
68.58,-0.0726776,0.0720815
68.6,-0.091452,0.0906033
68.62,-0.106366,0.103596
68.64,-0.116662,0.113256
68.66,-0.130727,0.123902
68.68,-0.133952,0.128592
68.7,-0.123418,0.124368
68.72,-0.105609,0.115745
68.74,-0.0748633,0.0999214
68.76,-0.0353653,0.0777648
68.78,0.0127349,0.0542695
68.8,0.0542018,0.0373529
68.82,0.059716,0.0578996
68.84,0.0777306,0.0753084
68.86,0.0985382,0.0933502
68.88,0.110197,0.104914
68.899,0.125476,0.116077
68.92,0.131421,0.124857
68.94,0.125085,0.122215
68.96,0.106171,0.114177
68.98,0.0837256,0.100519
69,0.0492734,0.0824064
69.02,0.00319246,0.0634936
69.04,-0.0454886,0.0430997
69.06,-0.0548922,0.0521592
69.08,-0.0704716,0.0705449
69.1,-0.0903803,0.0877173
69.12,-0.105309,0.100717
69.14,-0.103257,0.0996016
69.16,-0.0982472,0.0955795
69.18,-0.0918249,0.08771
69.2,-0.07511,0.0759835
69.22,-0.0523532,0.0638587
69.24,-0.0182705,0.0470051
69.26,0.0234805,0.0282933
69.28,0.0380532,0.0342318
69.3,0.0498341,0.0484832
69.32,0.0594696,0.0556684
69.34,0.0672595,0.0641483
69.36,0.0789511,0.0738074
69.38,0.0922736,0.083977
69.4,0.102966,0.0944865
69.42,0.0977182,0.0927702
69.44,0.0841673,0.0855303
69.46,0.064112,0.0717651
69.48,0.0337874,0.0571749
69.5,-0.00700729,0.0362046
69.52,-0.0299772,0.031808
69.54,-0.0395029,0.0410677
69.56,-0.0525184,0.046613
69.58,-0.057025,0.0539526
69.6,-0.0381053,0.0446915
69.62,-0.0243024,0.026459
69.64,-0.0105077,0.0125641
69.66,0.000274436,-0.000419415
69.68,0.00297962,-0.00147221
69.7,0.00245185,-0.00161808
69.72,0.00221316,-0.00180471
69.74,0.00132684,-0.00092032
69.76,0.00138463,-0.000324042
69.78,0.0017938,-0.000382931
69.8,0.00174843,-0.000856567
69.82,0.00145642,-0.00121235
69.84,0.00138506,-0.00112111
69.86,0.00147397,-0.00079607
69.88,0.00147974,-0.000552508
69.9,0.00136781,-0.000592167
69.92,0.00129798,-0.000796238
69.94,0.00131206,-0.000948827
69.96,0.00129914,-0.000918603
69.98,0.00122976,-0.000791243
70,0.00117583,-0.000688705
70.02,0.00114328,-0.000703423
70.04,0.00111055,-0.000784967
70.06,0.00106211,-0.000840808
70.08,0.00100826,-0.000831422
70.1,0.000962591,-0.000776841
70.12,0.000923293,-0.00073585
70.14,0.000885326,-0.000742478
70.16,0.000847149,-0.000768891
70.18,0.000814688,-0.000781562
70.2,0.000780478,-0.000772979
70.22,0.000740955,-0.000753154
70.24,0.000702364,-0.000739299
70.26,0.000666641,-0.000740194
70.28,0.000631112,-0.000749062
70.3,0.000595917,-0.000753978
70.32,0.000558197,-0.000749079
70.34,0.000521897,-0.00073961
70.36,0.000485015,-0.000733203
70.38,0.000447262,-0.000731078
70.4,0.000411083,-0.000733609
70.42,0.000374043,-0.000734223
70.44,0.000336803,-0.00073128
70.46,0.000298274,-0.000725867
70.48,0.000261685,-0.00072266
70.5,0.000225093,-0.000722056
70.52,0.000187882,-0.000721765
70.54,0.00015475,-0.00072113
70.56,0.000119363,-0.0007145
70.58,8.06014e-05,-0.000709539
70.6,4.38984e-05,-0.000708774
70.62,7.1764e-06,-0.000708861
70.64,-2.92981e-05,-0.000708391
70.66,-6.52617e-05,-0.000702091
70.68,-0.000102129,-0.000696094
70.7,-0.000138029,-0.000690985
70.72,-0.000174132,-0.000690026
70.74,-0.000211718,-0.000690907
70.76,-0.000249683,-0.000689843
70.78,-0.000285777,-0.000685844
70.8,-0.000321963,-0.000682647
70.82,-0.000360389,-0.00068026
70.84,-0.000396419,-0.000677971
70.86,-0.000432576,-0.000677118
70.88,-0.000473452,-0.000674909
70.9,-0.00050848,-0.000672695
70.92,-0.000545925,-0.000669921
70.94,-0.000582788,-0.000667664
70.96,-0.000618963,-0.000666013
70.98,-0.00065588,-0.000664046
71,-0.00069257,-0.000661682
71.02,-0.000726749,-0.000659661
71.04,-0.000761917,-0.000661361
71.06,-0.000797199,-0.000661197
71.08,-0.000833265,-0.000660723
71.1,-0.000869617,-0.000659537
71.12,-0.000902142,-0.000656563
71.14,-0.000938632,-0.000653351
71.16,-0.000975984,-0.000651955
71.18,-0.00101037,-0.000651325
71.2,-0.00104402,-0.000650992
71.22,-0.00107926,-0.000649878
71.24,-0.00111639,-0.000648128
71.26,-0.00114982,-0.000647073
71.28,-0.00116744,-0.000659142
71.3,-0.00118222,-0.000677111
71.32,-0.00119344,-0.000695361
71.34,-0.00120891,-0.000711313
71.36,-0.00122277,-0.000727115
71.38,-0.00123562,-0.000741077
71.4,-0.00125058,-0.000754931
71.42,-0.00126446,-0.000769548
71.44,-0.00127851,-0.000784429
71.46,-0.00129035,-0.000798729
71.48,-0.0012948,-0.000803524
71.5,-0.00129341,-0.000802886
71.52,-0.00129385,-0.000801878
71.54,-0.00129336,-0.000800059
71.56,-0.00129369,-0.000800339
71.58,-0.00129407,-0.000801817
71.6,-0.00129379,-0.000802439
71.62,-0.00129414,-0.00080266
71.64,-0.00129365,-0.000802161
71.66,-0.00129393,-0.000801671
71.68,-0.00129515,-0.000801541
71.7,-0.0012935,-0.00080176
71.72,-0.00129597,-0.00080236
71.74,-0.00129353,-0.000803016
71.76,-0.00129496,-0.000801799
71.78,-0.00129295,-0.000802782
71.8,-0.00129406,-0.000801295
71.82,-0.00129292,-0.000802649
71.84,-0.00129376,-0.000801714
71.86,-0.00129341,-0.000802016
71.88,-0.00129366,-0.000801247
71.9,-0.00129299,-0.000802262
71.92,-0.00129468,-0.000801086
71.94,-0.00129224,-0.000801589
71.96,-0.00129483,-0.000801428
71.98,-0.00129246,-0.000801463
72,-0.00129351,-0.00080013
72.02,-0.00129192,-0.000801483
72.04,-0.00129353,-0.00080017
72.06,-0.00129267,-0.000801004
72.08,-0.00129356,-0.000799882
72.1,-0.00129304,-0.000800924
72.12,-0.00129306,-0.000800329
72.14,-0.00129215,-0.000800987
72.16,-0.0012941,-0.00080004
72.18,-0.00129198,-0.000800478
72.2,-0.0012944,-0.000800109
72.22,-0.0012918,-0.0008005
72.24,-0.00129332,-0.00079956
72.26,-0.00129154,-0.000800317
72.28,-0.00129278,-0.000798977
72.3,-0.00129149,-0.000800038
72.32,-0.0012908,-0.000799902
72.34,-0.00129202,-0.00080002
72.36,-0.0012912,-0.000799524
72.38,-0.00129174,-0.000799487
72.4,-0.00129215,-0.000799698
72.42,-0.00129116,-0.000799635
72.44,-0.00129253,-0.000800531
72.46,-0.00129179,-0.000799462
72.48,-0.00129214,-0.000799621
72.5,-0.00129104,-0.000800286
72.52,-0.00129148,-0.000799449
72.54,-0.00129078,-0.000800053
72.56,-0.00129145,-0.000799863
72.58,-0.00129161,-0.000800997
72.6,-0.00129159,-0.000799995
72.62,-0.00129111,-0.000800898
72.64,-0.00129229,-0.000800934
72.66,-0.00129054,-0.000800806
72.68,-0.00129217,-0.000801795
72.7,-0.00129068,-0.000802044
72.72,-0.00129124,-0.000801633
72.74,-0.00129085,-0.000802195
72.76,-0.00129182,-0.000801594
72.78,-0.00129295,-0.000802659
72.8,-0.00129203,-0.000801759
72.82,-0.00129245,-0.000802427
72.84,-0.00129252,-0.00080199
72.86,-0.00129178,-0.000801671
72.88,-0.00129282,-0.000801983
72.9,-0.00129207,-0.000801903
72.92,-0.00129314,-0.000801972
72.94,-0.00129167,-0.000802288
72.96,-0.00129205,-0.000801593
72.98,-0.00129196,-0.000802215
73,-0.00129248,-0.000801907
73.02,-0.00129352,-0.000802343
73.04,-0.00129252,-0.000801829
73.06,-0.00129286,-0.000802625
73.08,-0.00129334,-0.00080173
73.1,-0.00129245,-0.000801551
73.12,-0.00129353,-0.000801707
73.14,-0.00129253,-0.000801518
73.16,-0.00129329,-0.000801524
73.18,-0.0012918,-0.000801666
73.2,-0.00129214,-0.000801196
73.22,-0.00129116,-0.00080111
73.24,-0.00129145,-0.000800956
73.26,-0.00129239,-0.000802104
73.28,-0.00129098,-0.000801199
73.3,-0.00129109,-0.000801938
73.32,-0.00129168,-0.000801467
73.34,-0.00129104,-0.000801123
73.36,-0.00129218,-0.000801708
73.38,-0.00129063,-0.000802236
73.4,-0.00129177,-0.000802019
73.42,-0.00129076,-0.000802353
73.44,-0.00129147,-0.000802054
73.46,-0.00129164,-0.000802735
73.48,-0.00129109,-0.000802137
73.5,-0.00129244,-0.000803012
73.52,-0.00129173,-0.000802226
73.54,-0.00129148,-0.000802767
73.56,-0.00129183,-0.000802972
73.58,-0.00129152,-0.000802945
73.6,-0.00129191,-0.000802944
73.62,-0.00129091,-0.000803384
73.64,-0.00129261,-0.000803251
73.66,-0.0012913,-0.000802747
73.68,-0.00129228,-0.000803049
73.7,-0.001292,-0.000804359
73.72,-0.00129159,-0.000803314
73.74,-0.00129239,-0.000804528
73.76,-0.0012921,-0.00080413
73.78,-0.00129219,-0.000804543
73.8,-0.0012927,-0.000804334
73.82,-0.00129215,-0.000804641
73.84,-0.00129404,-0.000804558
73.86,-0.00129161,-0.000804849
73.88,-0.00129227,-0.000805127
73.9,-0.00129179,-0.000805083
73.92,-0.00129215,-0.000804677
73.94,-0.00129167,-0.000805733
73.96,-0.0012921,-0.000805232
73.98,-0.00129189,-0.000805851
74,-0.00129158,-0.00080492
74.02,-0.00129119,-0.000805513
74.04,-0.00129138,-0.000804604
74.06,-0.00129037,-0.000805198
74.08,-0.00129229,-0.000805857
74.1,-0.00129033,-0.000804669
74.12,-0.00129068,-0.000805061
74.14,-0.00129091,-0.000805087
74.16,-0.00129099,-0.000804691
74.18,-0.00129163,-0.000805201
74.2,-0.00129097,-0.000805439
74.22,-0.00129162,-0.00080542
74.24,-0.00129053,-0.000805443
74.26,-0.00129105,-0.00080551
74.28,-0.00129247,-0.000805198
74.3,-0.00129024,-0.000805497
74.32,-0.00129302,-0.000804921
74.34,-0.00129081,-0.000805833
74.36,-0.00129208,-0.00080463
74.38,-0.00129044,-0.000805748
74.4,-0.00129148,-0.000805323
74.42,-0.00129139,-0.000806773
74.44,-0.0012912,-0.000805565
74.46,-0.00129106,-0.000806504
74.48,-0.00129209,-0.000805639
74.5,-0.00129055,-0.000806364
74.52,-0.00129202,-0.000806259
74.54,-0.00128995,-0.000806863
74.56,-0.00129195,-0.000806566
74.58,-0.00128981,-0.000807168
74.6,-0.00129161,-0.000806826
74.62,-0.00128994,-0.000807676
74.64,-0.00129115,-0.000807167
74.66,-0.00129125,-0.000808412
74.68,-0.00129044,-0.000806605
74.7,-0.00128991,-0.000807791
74.72,-0.00129128,-0.000807523
74.74,-0.00128979,-0.000807943
74.76,-0.0012915,-0.00080804
74.78,-0.00128969,-0.000808517
74.8,-0.00129175,-0.000807685
74.82,-0.00128953,-0.000808575
74.84,-0.00129174,-0.000807862
74.86,-0.00129153,-0.000808408
74.88,-0.00129088,-0.000808098
74.899,-0.00129208,-0.000809072
74.92,-0.00129184,-0.000808113
74.94,-0.00129141,-0.000808415
74.96,-0.00129126,-0.000808524
74.98,-0.0012911,-0.000808433
75,-0.00129246,-0.000808816
75.02,-0.00129047,-0.000808343
75.04,-0.00129107,-0.00080858
75.06,-0.0012912,-0.00080813
75.08,-0.0012911,-0.000807936
75.1,-0.00129165,-0.000808575
75.12,-0.00129099,-0.000808287
75.14,-0.00129136,-0.00080866
75.16,-0.00129027,-0.000808193
75.18,-0.00129038,-0.000808148
75.2,-0.00129025,-0.000807971
75.22,-0.00128963,-0.00080803
75.24,-0.0012909,-0.000808327
75.26,-0.00128914,-0.00080753
75.28,-0.00128949,-0.000808047
75.3,-0.00128899,-0.000808338
75.32,-0.00128949,-0.000808293
75.34,-0.0012893,-0.000809086
75.36,-0.00128915,-0.000808192
75.38,-0.00129043,-0.000808094
75.4,-0.00128933,-0.000808501
75.42,-0.00129036,-0.000808712
75.44,-0.0012903,-0.000808974
75.46,-0.00128947,-0.000808182
75.48,-0.00128996,-0.000809286
75.5,-0.00128965,-0.000808331
75.52,-0.00128923,-0.000808278
75.54,-0.00128954,-0.000808194
75.56,-0.00128861,-0.000808654
75.58,-0.00129021,-0.000808498
75.6,-0.00128851,-0.000808033
75.62,-0.00128968,-0.000807949
