27.3,-0.0046886,-0.00030361
27.32,-0.000333614,-0.0436794
27.34,-0.000336387,-0.0487503
27.36,-0.000331854,-0.04875
27.38,-0.000331581,-0.0487505
27.399,-0.000328482,-0.0487499
27.42,-0.000331177,-0.0487494
27.44,-0.000329529,-0.0487499
27.46,-0.000330721,-0.0487494
27.48,-0.000330976,-0.0487494
27.5,-0.000330654,-0.0487488
27.52,-0.00033293,-0.0487489
27.54,-0.000332525,-0.0487488
27.56,-0.00033214,-0.048749
27.58,-0.000331844,-0.0487489
27.6,-0.000331979,-0.048749
27.62,-0.000332151,-0.0487491
27.64,-0.000332461,-0.0487493
27.66,-0.000106929,-0.043437
27.68,0.000654764,-0.025619
27.7,0.000115831,-0.0172622
27.72,-0.00275924,-0.0146533
27.74,-0.00206511,-0.0120619
27.76,-0.000723178,-0.00881792
27.78,0.000266725,-0.00527611
27.8,-0.000339514,-0.000376651
27.82,0.00149337,0.000363829
27.84,0.00150994,-0.000454078
27.86,0.000788543,6.87213e-05
27.88,0.00029241,0.000518946
27.9,-0.000447526,-0.00492305
27.92,-0.00142142,-0.00890309
27.94,-0.00233334,-0.0106588
27.96,-0.00369265,-0.0147522
27.98,-0.00399644,-0.0198859
28,-0.00349814,-0.0207282
28.02,-0.000688797,-0.0114764
28.04,-0.00760644,0.00849123
28.06,-0.00867725,0.0335835
28.08,-0.00540611,0.0493684
28.1,-0.00701159,0.0596642
28.12,0.00561127,0.0726521
28.14,0.00951515,0.084435
28.16,0.00453863,0.0846859
28.18,0.00323015,0.0729641
28.2,0.00407467,0.0568706
28.22,0.000479118,0.0400478
28.24,0.00372658,0.0426238
28.26,0.00296196,0.0414393
28.28,0.00218417,0.0333147
28.3,0.00236496,0.0333028
28.32,0.00169054,0.0290733
28.34,0.00184041,0.0263693
28.36,0.00164231,0.0245113
28.38,0.00142339,0.0217263
28.4,0.00127509,0.020154
28.42,0.00118484,0.0182048
28.44,0.00107981,0.016534
28.46,0.000960283,0.0149843
28.48,0.000846893,0.0136234
28.5,0.000774064,0.012427
28.52,0.00069171,0.0112815
28.54,0.000621202,0.0102796
28.56,0.000550786,0.00934482
28.58,0.000483762,0.00840698
28.6,0.000437817,0.00769389
28.62,0.000384395,0.00701682
28.64,0.00033591,0.00632579
28.66,0.000297365,0.00577181
28.68,0.000258535,0.00521765
28.7,0.000223298,0.00473114
28.72,0.00019502,0.00432571
28.74,0.000168499,0.00389465
28.76,0.000143559,0.00355091
28.78,0.000122394,0.00320963
28.8,9.85755e-05,0.0029188
28.82,8.1992e-05,0.00263546
28.84,6.50406e-05,0.00237896
28.86,4.89625e-05,0.00216212
28.88,3.70472e-05,0.00196301
28.9,2.3183e-05,0.00176097
28.92,1.27743e-05,0.00159784
28.94,2.79261e-06,0.00144276
28.96,-7.64228e-06,0.00130076
28.98,-1.35639e-05,0.00116835
29,-2.31866e-05,0.0010558
29.019,-2.79696e-05,0.000946981
29.04,-3.61481e-05,0.000854619
29.06,-3.9353e-05,0.000763106
29.08,-4.48721e-05,0.000687026
29.1,-4.94596e-05,0.000614621
29.119,-5.59171e-05,0.000550997
29.14,-5.58449e-05,0.000488504
29.16,-6.23175e-05,0.000434949
29.18,-6.43854e-05,0.00038594
29.2,-6.70072e-05,0.000344356
29.22,-7.01117e-05,0.000302702
29.24,-7.15029e-05,0.00026502
29.26,-7.3676e-05,0.000232549
29.28,-7.60121e-05,0.000202872
29.3,-7.72842e-05,0.000174941
29.32,-7.84234e-05,0.000149977
29.34,-8.04174e-05,0.000128096
29.36,-7.20655e-05,0.000115833
29.38,-6.34436e-05,0.000106909
29.4,-5.95324e-05,9.74787e-05
29.42,-5.35172e-05,8.95939e-05
29.44,-4.99321e-05,8.11495e-05
29.46,-4.45317e-05,7.15228e-05
29.48,-4.39806e-05,6.66522e-05
29.5,-4.18238e-05,6.31667e-05
29.52,-4.09222e-05,6.10481e-05
29.54,-3.89793e-05,5.63069e-05
29.56,-3.75341e-05,5.41233e-05
29.58,-3.56381e-05,4.94327e-05
29.6,-3.48461e-05,4.69063e-05
29.62,-3.28062e-05,4.45686e-05
29.64,-3.40543e-05,4.19619e-05
29.66,-3.07245e-05,4.02689e-05
29.68,-3.03421e-05,3.82351e-05
29.7,-3.01436e-05,3.50443e-05
29.72,-2.80506e-05,3.45842e-05
29.74,-2.85434e-05,3.21066e-05
29.76,-2.78319e-05,3.10793e-05
29.78,-2.55058e-05,3.03756e-05
29.8,-2.57438e-05,2.87353e-05
29.82,-2.52556e-05,2.70453e-05
29.84,-2.3626e-05,2.66723e-05
29.86,-2.51143e-05,2.43088e-05
29.88,-2.31919e-05,2.51462e-05
29.9,-2.20631e-05,2.36064e-05
29.92,-2.34318e-05,2.19703e-05
29.94,-2.07725e-05,2.21263e-05
29.96,-2.14895e-05,2.14298e-05
29.98,-2.13729e-05,2.03376e-05
30,-2.09621e-05,1.99574e-05
30.02,-2.03498e-05,1.94799e-05
30.04,-1.96473e-05,1.87851e-05
30.06,-1.88063e-05,1.86576e-05
30.08,-2.00103e-05,1.77176e-05
30.1,-1.75771e-05,1.84337e-05
30.12,-1.90946e-05,1.71336e-05
30.14,-1.78489e-05,1.75477e-05
30.16,-1.79112e-05,1.69741e-05
30.18,-1.91869e-05,1.62558e-05
30.2,-1.65478e-05,1.70281e-05
30.22,-1.83002e-05,1.55121e-05
30.24,-1.62767e-05,1.62056e-05
30.26,-1.76938e-05,1.53406e-05
30.28,-1.65287e-05,1.47859e-05
30.3,-1.68319e-05,1.48072e-05
30.32,-1.58973e-05,1.47885e-05
30.34,-1.76603e-05,1.36517e-05
30.36,-1.50658e-05,1.47699e-05
30.38,-1.63375e-05,1.38634e-05
30.4,-1.49844e-05,1.37957e-05
30.42,-1.54559e-05,1.49286e-05
30.44,-1.61622e-05,1.32528e-05
30.46,-1.38942e-05,1.43783e-05
30.48,-1.22837e-05,1.06846e-05
30.5,-1.48676e-05,1.67165e-05
30.52,-9.65164e-06,1.31335e-05
30.54,-1.03705e-05,9.7519e-06
30.56,-8.59204e-06,8.78233e-06
30.58,-9.68624e-06,8.37953e-06
30.6,-7.96414e-06,8.82195e-06
30.62,-7.44994e-06,9.17493e-06
30.64,-8.33528e-06,7.97851e-06
30.66,-6.17863e-06,6.24172e-06
30.68,-6.70344e-06,6.24199e-06
30.7,-6.33797e-06,5.02895e-06
30.72,-5.00609e-06,6.16818e-06
30.74,-6.53379e-06,5.36898e-06
30.76,-4.72173e-06,5.41102e-06
30.78,-5.4499e-06,4.72646e-06
30.8,-5.32154e-06,4.06576e-06
30.82,-3.71955e-06,4.76811e-06
30.84,-5.83471e-06,3.39153e-06
30.86,-3.6563e-06,3.85638e-06
30.88,-4.9209e-06,4.0559e-06
30.9,-4.36344e-06,3.17417e-06
30.92,-3.68161e-06,3.42841e-06
30.94,-5.47045e-06,3.26936e-06
30.96,-2.98571e-06,3.15958e-06
30.98,-4.04492e-06,3.31726e-06
31,-3.0035e-06,2.78813e-06
31.02,-3.48794e-06,2.89476e-06
31.04,-4.47141e-06,2.62462e-06
31.06,-2.91988e-06,2.64058e-06
31.08,-3.78325e-06,3.19515e-06
31.1,-3.48437e-06,2.68788e-06
31.12,-3.01295e-06,3.06106e-06
31.14,-4.14769e-06,2.72067e-06
31.16,-2.03649e-06,3.19429e-06
31.18,-3.74128e-06,2.19558e-06
31.2,-2.94796e-06,3.61337e-06
31.22,-2.73539e-06,2.63866e-06
31.24,-3.55051e-06,2.15044e-06
31.26,-1.87799e-06,3.2847e-06
31.28,-3.11512e-06,2.33722e-06
31.3,-2.53399e-06,2.59699e-06
31.32,-2.08486e-06,3.25525e-06
31.34,-4.03546e-06,2.00801e-06
31.36,-1.40741e-06,3.51354e-06
31.38,-3.48102e-06,2.33831e-06
31.4,-2.4334e-06,3.44221e-06
31.42,-2.49705e-06,3.17829e-06
31.44,-3.62448e-06,2.26662e-06
31.46,-1.79808e-06,3.55144e-06
31.48,-2.76127e-06,2.63934e-06
31.5,-2.22968e-06,2.72088e-06
31.52,-1.99095e-06,3.02387e-06
31.54,-3.75709e-06,2.52971e-06
31.56,-1.6237e-06,2.78883e-06
31.58,-3.8338e-06,2.8027e-06
31.6,-2.59812e-06,2.53469e-06
31.62,-2.50074e-06,3.0651e-06
31.64,-2.22721e-06,2.36471e-06
31.66,-3.36295e-06,1.88818e-06
31.68,-3.03836e-06,2.51442e-06
31.7,-9.79391e-07,2.71461e-06
31.72,-4.82372e-06,2.03992e-06
31.74,-2.71329e-06,2.39393e-06
31.76,-3.11971e-06,2.68319e-06
31.78,-5.4771e-06,2.4462e-06
31.8,-2.58824e-06,4.29416e-06
31.82,-5.97634e-06,3.13196e-06
31.84,-3.82244e-06,4.1573e-06
31.86,-4.87025e-06,3.90889e-06
31.88,-6.03295e-06,3.50904e-06
31.9,-4.44902e-06,4.09223e-06
31.92,-5.79205e-06,4.27844e-06
31.94,-5.12135e-06,3.79995e-06
31.96,-5.06698e-06,3.80971e-06
31.98,-6.21754e-06,3.9834e-06
32,-4.58131e-06,4.53496e-06
32.02,-5.48123e-06,3.83444e-06
32.04,-5.70989e-06,5.07697e-06
32.06,-5.11411e-06,4.90602e-06
32.08,-7.10735e-06,3.97819e-06
32.1,-4.54431e-06,5.40718e-06
32.119,-6.64991e-06,4.44207e-06
32.14,-5.47482e-06,4.54426e-06
32.16,-5.48157e-06,5.23273e-06
32.18,-5.77135e-06,4.55898e-06
32.2,-6.10892e-06,4.8141e-06
32.22,-6.38093e-06,4.44015e-06
32.24,-5.0852e-06,5.52557e-06
32.26,-7.0522e-06,4.48679e-06
32.28,-5.54293e-06,5.12731e-06
32.3,-5.62676e-06,4.93936e-06
32.32,-6.70953e-06,4.93636e-06
32.34,-4.76993e-06,4.57589e-06
32.36,-6.25908e-06,5.31652e-06
32.379,-5.42668e-06,5.00408e-06
32.4,-5.46496e-06,5.24475e-06
32.42,-6.51718e-06,4.19023e-06
32.44,-4.92831e-06,5.50285e-06
32.46,-6.27059e-06,4.84841e-06
32.48,-5.15318e-06,5.21094e-06
32.5,-5.32831e-06,5.37064e-06
32.52,-5.10509e-06,5.10412e-06
32.54,-6.07676e-06,5.02209e-06
32.56,-5.24301e-06,4.71841e-06
32.58,-4.42958e-06,5.67933e-06
32.6,-5.52081e-06,5.01553e-06
32.62,-5.52794e-06,4.69961e-06
32.64,-4.40437e-06,4.88836e-06
32.66,-6.24398e-06,4.99228e-06
32.68,-3.34008e-06,5.32721e-06
32.7,-5.56808e-06,4.46795e-06
32.72,-4.43997e-06,4.73285e-06
32.74,-4.40417e-06,4.967e-06
32.76,-4.15967e-06,4.4344e-06
32.78,-5.09306e-06,4.7593e-06
32.8,-5.40781e-06,4.49994e-06
32.82,-3.80496e-06,4.90811e-06
32.84,-5.16033e-06,4.64984e-06
32.86,-4.97073e-06,3.61662e-06
32.88,-4.92936e-06,4.71779e-06
32.9,-5.90178e-06,3.69376e-06
32.92,-3.95244e-06,4.57582e-06
32.94,-5.60792e-06,3.94307e-06
32.96,-4.60638e-06,3.93871e-06
32.98,-4.59684e-06,4.50738e-06
33,-4.65966e-06,3.92459e-06
33.02,-4.83382e-06,4.42969e-06
33.04,-5.58255e-06,3.92964e-06
33.06,-3.44585e-06,4.81987e-06
33.08,-4.94927e-06,4.56934e-06
33.1,-5.11907e-06,3.6411e-06
33.12,-4.42303e-06,4.86046e-06
33.14,-6.34564e-06,3.61504e-06
33.16,-3.52679e-06,4.29507e-06
33.18,-6.23869e-06,4.06905e-06
33.2,-4.42091e-06,3.88365e-06
33.22,-5.25025e-06,4.12279e-06
33.24,-4.40627e-06,3.98743e-06
33.26,-4.4062e-06,4.30823e-06
33.28,-5.89085e-06,3.12485e-06
33.3,-3.54812e-06,5.10311e-06
33.32,-5.21914e-06,3.99038e-06
33.34,-4.49248e-06,3.95836e-06
33.36,-3.85427e-06,4.03394e-06
33.38,-6.20542e-06,2.74908e-06
33.4,-3.28169e-06,4.23435e-06
33.42,-5.68445e-06,3.47953e-06
33.44,-2.89249e-06,3.90997e-06
33.46,-4.88735e-06,3.72356e-06
33.48,-4.33187e-06,3.48053e-06
33.5,-4.28209e-06,4.08061e-06
33.52,-5.08767e-06,3.28204e-06
33.54,-3.60489e-06,3.95806e-06
33.56,-5.30293e-06,3.77891e-06
33.58,-4.04553e-06,3.3774e-06
33.6,-4.92919e-06,4.34991e-06
33.62,-4.15995e-06,3.47488e-06
33.64,-3.94264e-06,4.28935e-06
33.66,-5.12251e-06,3.46901e-06
33.68,-3.93985e-06,3.87472e-06
33.7,-4.65811e-06,3.20809e-06
33.72,-4.3569e-06,3.54506e-06
33.74,-3.72912e-06,4.12453e-06
33.76,-3.92885e-06,3.48609e-06
33.78,-4.34714e-06,3.0991e-06
33.8,-4.81824e-06,3.76583e-06
33.82,-2.83896e-06,3.55322e-06
33.84,-4.40248e-06,3.53292e-06
33.86,-3.49365e-06,3.28128e-06
33.88,-3.78469e-06,3.42956e-06
33.9,-5.20663e-06,3.35312e-06
33.92,-3.26456e-06,3.69703e-06
33.94,-5.0587e-06,3.08522e-06
33.96,-2.57798e-06,3.88808e-06
33.98,-4.79457e-06,3.50947e-06
34,-4.22853e-06,2.81307e-06
34.02,-3.3634e-06,4.49487e-06
34.04,-5.34894e-06,2.9621e-06
34.06,-2.46042e-06,3.84321e-06
34.08,-5.49114e-06,3.41567e-06
34.1,-3.38951e-06,2.88167e-06
34.12,-4.12271e-06,3.50437e-06
34.14,-3.74383e-06,2.64674e-06
34.16,-3.20169e-06,3.59925e-06
34.18,-4.67552e-06,2.9115e-06
34.2,-2.65566e-06,3.73185e-06
34.22,-4.68043e-06,3.12795e-06
34.24,-4.06274e-06,2.66412e-06
34.26,-3.74623e-06,3.44023e-06
34.28,-3.45495e-06,3.13202e-06
34.3,-3.18652e-06,3.53248e-06
34.32,-4.51297e-06,2.94503e-06
34.34,-3.02362e-06,3.26548e-06
34.36,-3.70243e-06,3.36e-06
34.38,-3.9325e-06,3.02414e-06
34.4,-3.32385e-06,3.57031e-06
34.42,-3.76361e-06,3.24566e-06
34.44,-2.8277e-06,3.97927e-06
34.46,-4.55359e-06,2.92694e-06
34.48,-2.45035e-06,3.50044e-06
34.5,-4.02104e-06,3.59218e-06
34.52,-3.58827e-06,2.87596e-06
34.54,-3.26585e-06,3.74201e-06
34.56,-3.17567e-06,3.006e-06
34.58,-2.89422e-06,3.41107e-06
34.6,-5.00003e-06,1.93021e-06
34.62,-1.75877e-06,3.34395e-06
34.64,-4.41888e-06,2.77658e-06
34.66,-3.31905e-06,2.57689e-06
34.68,-3.49132e-06,3.40536e-06
34.7,-3.22517e-06,2.9393e-06
34.72,-2.90546e-06,3.40384e-06
34.74,-4.53893e-06,2.14009e-06
34.76,-2.15889e-06,3.58913e-06
34.78,-3.95392e-06,2.88313e-06
34.8,-3.06771e-06,3.16364e-06
34.82,-2.64713e-06,3.50366e-06
34.84,-3.76411e-06,3.02096e-06
34.86,-2.47371e-06,3.74375e-06
34.88,-4.85176e-06,2.22269e-06
34.9,-2.04755e-06,3.92466e-06
34.92,-3.75555e-06,2.73994e-06
34.94,-3.14969e-06,3.20766e-06
34.96,-2.85736e-06,3.031e-06
34.98,-2.95975e-06,2.77412e-06
35,-2.46567e-06,3.02711e-06
35.02,-5.08499e-06,1.61159e-06
35.04,-1.94006e-06,3.63506e-06
35.06,-3.37987e-06,3.0573e-06
35.08,-3.32117e-06,2.82022e-06
35.1,-2.70098e-06,3.12309e-06
35.12,-3.11317e-06,3.00393e-06
35.14,-2.27838e-06,3.00464e-06
35.16,-4.56964e-06,2.3207e-06
35.18,-1.55787e-06,3.37413e-06
35.2,-3.74464e-06,2.61473e-06
35.22,-2.39508e-06,2.92524e-06
35.24,-3.12057e-06,2.7855e-06
35.26,-2.69068e-06,2.63398e-06
35.28,-2.2277e-06,2.69356e-06
35.3,-3.28087e-06,1.77262e-06
35.32,-1.80184e-06,2.12356e-06
35.34,-2.65738e-06,2.52156e-06
35.36,-2.57093e-06,1.90259e-06
35.38,-1.90952e-06,2.26162e-06
35.4,-2.43091e-06,2.16085e-06
35.42,-1.82455e-06,2.54441e-06
35.44,-3.21467e-06,1.86269e-06
35.46,-1.16868e-06,2.12313e-06
35.48,-3.2142e-06,1.58727e-06
35.5,-2.08981e-06,2.17914e-06
35.52,-2.35274e-06,1.82883e-06
35.54,-1.52007e-06,1.82427e-06
35.56,-1.21796e-06,2.17594e-06
35.58,-2.77816e-06,1.51511e-06
35.6,-9.32789e-07,2.27028e-06
35.62,-2.68029e-06,1.86297e-06
35.64,-1.58821e-06,1.21252e-06
35.66,-1.89088e-06,1.94324e-06
35.68,-1.51055e-06,1.61213e-06
35.7,-1.00935e-06,2.21709e-06
35.72,-2.99735e-06,1.50561e-06
35.74,-1.00103e-06,2.17345e-06
35.76,-2.73304e-06,1.83159e-06
35.78,-1.62502e-06,1.80773e-06
35.8,-2.21239e-06,1.7933e-06
35.82,-2.0122e-06,1.93792e-06
35.84,-9.15807e-07,2.26365e-06
35.86,-3.56679e-06,1.60731e-06
35.88,-8.48976e-07,2.2689e-06
35.9,-3.71103e-06,1.22343e-06
35.92,-6.12621e-07,2.13283e-06
35.94,-2.84066e-06,1.841e-06
35.96,-2.52476e-06,6.931e-07
35.98,-1.71938e-06,2.36313e-06
36,-3.33398e-06,5.42761e-07
36.02,-1.06961e-06,2.20978e-06
36.04,-3.20639e-06,1.74812e-06
36.06,-9.322e-07,1.94906e-06
36.08,-2.97358e-06,1.92575e-06
36.1,-1.76326e-06,1.81214e-06
36.12,-1.69802e-06,2.05169e-06
36.14,-3.75549e-06,1.07966e-06
36.16,-6.73659e-07,1.97138e-06
36.18,-3.45936e-06,1.02686e-06
36.2,-8.18521e-07,2.14846e-06
36.22,-2.79404e-06,1.86676e-06
36.24,-1.90242e-06,1.6112e-06
36.26,-2.28604e-06,2.03353e-06
36.28,-1.95477e-06,1.84026e-06
36.3,-2.30238e-06,1.27796e-06
36.32,-2.34996e-06,1.79658e-06
36.34,-1.05924e-06,1.97533e-06
36.36,-2.81759e-06,1.57637e-06
36.38,-1.83137e-06,1.74896e-06
36.4,-1.65825e-06,1.82616e-06
36.42,-1.8428e-06,1.4794e-06
36.44,-9.30806e-07,1.87772e-06
36.46,-2.85437e-06,1.15615e-06
36.48,-5.3406e-07,1.76803e-06
36.5,-2.32025e-06,1.65029e-06
36.52,-1.70941e-06,1.55476e-06
36.54,-1.42393e-06,1.39074e-06
36.56,-1.76182e-06,1.40217e-06
36.58,-1.28846e-06,1.6316e-06
36.6,-2.92715e-06,1.13434e-06
36.62,-5.90634e-07,1.95835e-06
36.64,-2.97428e-06,1.4333e-06
36.66,-1.40032e-06,1.71689e-06
36.68,-1.8014e-06,1.61219e-06
36.7,-1.803e-06,1.57552e-06
36.72,-7.73769e-07,1.90794e-06
36.74,-2.89466e-06,1.35736e-06
36.76,-6.40128e-07,1.47099e-06
36.78,-3.01636e-06,1.22943e-06
36.8,2.20184e-09,1.95235e-06
36.82,-2.31322e-06,1.74399e-06
36.84,-1.45154e-06,1.48007e-06
36.86,-1.55814e-06,1.31477e-06
36.88,-2.93199e-06,8.30981e-07
36.9,-5.94875e-07,1.71517e-06
36.92,-2.61492e-06,1.09083e-06
36.94,-4.11517e-07,1.84753e-06
36.96,-2.34231e-06,1.45734e-06
36.98,-1.45092e-06,1.8104e-06
37,-1.71864e-06,1.53787e-06
37.02,-1.60782e-06,2.05334e-06
37.04,-1.96614e-06,9.65286e-07
37.06,-2.2838e-06,1.52059e-06
37.08,-3.68243e-07,1.67365e-06
37.1,-1.86608e-06,1.20793e-06
37.12,-1.15277e-06,1.4349e-06
37.14,-1.4901e-06,1.29379e-06
37.16,-1.20225e-06,1.30038e-06
37.18,-9.26227e-07,1.70985e-06
37.2,-1.91918e-06,1.19929e-06
37.22,-3.27672e-07,1.77306e-06
37.24,-2.16697e-06,6.74191e-07
37.26,-1.36982e-06,1.61639e-06
37.28,-1.1003e-06,1.4738e-06
37.3,-1.88811e-06,1.39241e-06
37.32,-1.33014e-06,1.92361e-06
37.34,-3.24402e-06,1.37624e-06
37.36,-1.02705e-06,1.90462e-06
37.38,-2.6053e-06,1.3829e-06
37.4,8.07522e-08,2.0809e-06
37.42,-3.0221e-06,8.03053e-07
37.44,-2.63669e-07,1.10923e-06
37.46,-1.52813e-06,1.31956e-06
37.48,-2.09379e-06,8.43716e-07
37.5,9.12138e-08,1.59292e-06
37.52,-2.3536e-06,7.42145e-07
37.54,4.82478e-07,1.70305e-06
37.56,-1.54898e-06,1.0318e-06
37.58,-6.76829e-07,1.06696e-06
37.6,-7.77558e-07,9.59227e-07
37.62,-1.84429e-06,3.94681e-07
37.64,-4.42554e-08,3.30841e-07
37.66,-2.18483e-06,1.00199e-07
37.68,5.54248e-07,1.14193e-06
37.7,-1.08369e-06,6.30404e-07
37.72,-6.52308e-07,5.80593e-07
37.74,-6.01887e-07,8.9008e-07
37.76,-1.23579e-06,7.04258e-07
37.78,-8.65193e-08,1.02911e-06
37.8,-2.20446e-06,9.1625e-07
37.82,1.04779e-07,1.11352e-06
37.84,-1.53038e-06,7.86208e-07
37.86,-6.5459e-07,8.30459e-07
37.88,-7.81673e-07,9.18557e-07
37.9,-1.18972e-07,4.82787e-07
37.92,3.03278e-07,9.15195e-07
37.94,-1.33511e-06,4.43855e-07
37.96,6.29108e-07,1.24349e-06
37.98,-1.57433e-06,6.04152e-07
38,9.2488e-07,1.56036e-06
38.02,-1.03512e-06,1.00475e-06
38.04,-4.34885e-07,3.12844e-08
38.06,1.38907e-08,1.35662e-06
38.08,-1.71627e-06,1.01117e-07
38.1,5.87107e-07,1.33926e-06
38.12,-1.90652e-06,1.88612e-07
38.14,8.98983e-07,1.13902e-06
38.16,-9.55544e-07,7.82551e-07
38.18,-6.5372e-07,1.57129e-07
38.2,-6.84042e-07,1.16678e-06
38.22,-4.6743e-07,6.12544e-07
38.24,-1.21102e-06,6.02469e-07
38.26,-1.11016e-06,3.552e-07
38.28,4.78231e-07,1.2541e-06
38.3,-1.03869e-06,4.37896e-07
38.32,-7.06268e-07,6.8648e-07
38.34,-4.06506e-07,1.22653e-06
38.36,-9.66614e-07,6.12586e-07
38.38,-1.05322e-07,8.29622e-07
38.4,-2.15796e-06,1.44734e-07
38.42,5.99383e-07,1.08529e-06
38.44,-1.87613e-06,5.78385e-07
38.46,-3.62844e-07,3.60178e-07
38.48,-2.18449e-07,9.23985e-07
38.5,-8.27917e-07,8.53083e-07
38.52,2.79536e-07,1.26991e-06
38.54,-1.83566e-06,4.10733e-07
38.56,8.62306e-07,1.19861e-06
38.58,-2.032e-06,1.60374e-07
38.6,9.70623e-07,1.28021e-06
38.62,-1.35626e-06,4.83706e-07
38.64,-8.22596e-08,9.21409e-07
38.66,-5.77591e-07,9.52238e-07
38.68,-1.44291e-06,-2.32332e-07
38.7,1.17653e-07,1.2426e-06
38.72,-1.7697e-06,8.24109e-08
38.74,3.70096e-07,1.2236e-06
38.76,-1.42167e-06,9.54775e-07
38.78,-8.98171e-07,3.70428e-07
38.8,-5.91485e-07,1.25528e-06
38.82,-7.3838e-07,9.00259e-07
38.84,2.07413e-07,1.23163e-06
38.86,-1.79939e-06,1.27618e-06
38.88,3.58936e-07,7.74451e-07
38.9,-1.04277e-06,1.37268e-06
38.92,-8.24634e-07,1.19526e-06
38.94,-5.46315e-07,1.77325e-06
38.96,-7.33474e-07,1.47218e-06
38.98,-5.78539e-07,1.78657e-06
39,-1.73259e-06,1.31621e-06
39.02,5.44052e-07,1.64493e-06
39.04,-1.6191e-06,7.39678e-07
39.06,5.51356e-07,1.81433e-06
39.08,-9.3387e-07,1.19824e-06
39.1,-9.67571e-07,3.67197e-07
39.12,-2.25213e-08,1.083e-06
39.14,-2.37951e-06,1.68008e-07
39.16,6.38715e-07,8.74427e-07
39.18,-2.35894e-06,-6.39342e-08
39.2,6.85963e-07,1.40944e-06
39.22,-1.07766e-06,4.0628e-07
39.24,-3.84795e-07,5.91371e-07
39.26,-3.42771e-07,4.3745e-07
39.28,-1.15164e-07,1.89705e-08
39.3,3.65292e-07,7.69353e-07
39.32,-1.71846e-06,-5.38081e-07
39.34,9.55346e-07,1.00782e-06
39.36,-8.7922e-07,7.46786e-08
39.38,1.09493e-07,6.68428e-07
39.4,-3.74693e-07,3.91033e-07
39.42,1.88075e-07,-1.15663e-07
39.44,3.63924e-07,4.17902e-07
39.46,-1.22264e-06,-3.86824e-07
39.48,6.68583e-07,6.23855e-07
39.5,-1.53979e-06,-5.31083e-07
39.52,1.00882e-06,6.82605e-07
39.54,-1.48184e-06,-7.50107e-07
39.56,1.59874e-07,2.68542e-07
39.58,-7.21266e-09,2.60931e-07
39.6,-1.46429e-06,-4.54894e-07
39.62,3.33991e-07,3.7227e-07
39.64,-1.7065e-06,-5.29821e-08
39.66,1.34388e-06,9.98218e-07
39.68,-1.37001e-06,-1.41342e-07
39.7,1.23471e-08,2.08936e-07
39.72,-5.417e-07,2.14146e-07
39.74,-2.54178e-09,3.21811e-07
39.76,-8.82435e-07,-3.47582e-07
39.78,-6.77614e-07,3.76112e-08
39.8,5.8553e-07,7.94211e-07
39.82,-5.83175e-07,-8.42005e-08
39.84,-4.46542e-07,5.80823e-07
39.86,-3.3414e-07,3.68124e-07
39.88,-8.16953e-08,6.22805e-07
39.9,4.44353e-07,9.39266e-07
39.92,-4.82649e-07,3.88803e-07
39.94,6.03602e-09,1.08658e-06
39.96,-6.5174e-07,9.38449e-07
39.98,-8.7793e-07,7.24562e-07
40,-0.00141315,-0.00102129
40.02,-3.87335e-05,-0.00252692
40.04,-0.00574264,-0.00548347
40.06,-0.011761,-0.00938611
40.08,-0.0123604,-0.0127231
40.1,-0.0177031,-0.01583
40.12,-0.0183005,-0.0154088
40.14,-0.00130476,-0.00213914
40.16,0.0193374,0.018345
40.18,0.000365888,0.015896
40.2,-0.0121201,0.00596887
40.22,0.000424914,0.00624156
40.24,0.00115472,0.0127004
40.26,-0.0108575,0.0133387
40.28,-0.0119827,0.016998
40.3,-0.012868,0.017762
40.32,-0.0158332,0.0190104
40.34,-0.0210166,0.0231884
40.36,-0.0148812,0.0211519
40.38,0.00351886,0.00889222
40.4,0.0195189,-0.00683813
40.42,0.0281096,-0.0172758
40.44,0.00674522,0.00123781
40.46,0.0160282,0.000834487
40.48,0.0133041,-0.00895744
40.5,-0.00504218,-0.0123389
40.52,-0.00336406,-0.0145934
40.54,-0.00217971,-0.0111752
40.56,-0.00434292,-0.0123154
40.58,-0.00638384,-0.0132954
40.6,-0.00986067,-0.0138926
40.62,-0.00266936,-0.00973293
40.64,0.00872579,0.00396868
40.66,0.00815632,0.0135576
40.68,-0.00465859,0.00571526
40.7,-0.00120254,0.00393575
40.72,0.000175856,0.0109006
40.74,-0.0135734,0.0150029
40.76,-0.0140649,0.0183856
40.78,-0.0159562,0.0193389
40.8,-0.0239662,0.0242346
40.82,-0.02313,0.0269637
40.84,-0.0311031,0.0296908
40.86,-0.0108198,0.0237372
40.88,0.00744732,0.0157207
40.9,0.0209781,0.00237946
40.92,0.0337698,-0.0144652
40.94,0.0290386,-0.0145435
40.96,0.0154546,-0.00470528
40.98,0.0173231,-0.0109926
41,0.00926179,-0.0152371
41.02,0.00451952,-0.0140137
41.04,0.00624611,-0.0126626
41.06,0.00586397,-0.011733
41.08,0.00194221,-0.0115607
41.1,-0.00209084,-0.0136152
41.12,0.00198863,-0.010288
41.14,0.0120686,-0.00015107
41.16,0.00564561,0.00351392
41.18,-0.0069333,-0.00203101
41.2,0.00235128,-0.00485277
41.22,0.0031445,0.00122618
41.24,-0.0113893,0.00787775
41.26,-0.0178096,0.0135656
41.28,-0.0156289,0.013814
41.3,-0.0194856,0.0165513
41.32,-0.0213555,0.0195233
41.34,-0.0323686,0.0258572
41.36,-0.0178587,0.0240256
41.38,-0.00254326,0.0177768
41.4,0.0110807,0.00595461
41.42,0.031228,-0.0104366
41.44,0.0376736,-0.0194515
41.46,0.0140026,-0.00640755
41.48,0.0114562,-0.00816562
41.5,0.0110645,-0.0177867
41.52,0.000208771,-0.0170662
41.54,-8.63525e-05,-0.0169846
41.56,-0.000298639,-0.0161332
41.58,-8.09981e-05,-0.014352
41.6,-0.00914567,-0.018693
41.62,-0.00491121,-0.0166846
41.64,0.00834505,-0.00397784
41.66,0.0116637,0.00845649
41.68,-0.00600803,0.00237553
41.7,-0.00266443,-0.000321531
41.72,-0.000439885,0.00636809
41.74,-0.0109402,0.0104386
41.76,-0.0135793,0.0127769
41.78,-0.013643,0.0143756
41.8,-0.0196176,0.0185247
41.82,-0.0192046,0.0192805
41.84,-0.0292937,0.0250589
41.86,-0.0143938,0.021769
41.88,0.00472069,0.0107984
41.9,0.0207797,-0.00475752
41.92,0.0363088,-0.021579
41.94,0.0191726,-0.0136033
41.96,0.00798403,-0.00719706
41.98,0.0117443,-0.015664
42,0.00323536,-0.0181475
42.02,0.000145394,-0.0169353
42.04,-0.000438298,-0.0168783
42.06,-0.00239146,-0.0176662
42.08,-0.00639548,-0.0170188
42.1,-0.00889508,-0.0194065
42.12,-0.00321609,-0.0139152
42.14,0.0122001,0.00101483
42.16,0.0109521,0.0104013
42.18,-0.00141302,0.00144434
42.2,0.00134652,-0.00186105
42.22,0.00840498,0.00437194
42.24,-0.00597255,0.00733597
42.26,-0.00950526,0.0128986
42.28,-0.0113726,0.014547
42.3,-0.014693,0.0170743
42.32,-0.0149873,0.0180028
42.34,-0.0252015,0.0233768
42.36,-0.0168764,0.0239195
42.38,0.00158345,0.016301
42.4,0.0175999,0.00355335
42.42,0.0367746,-0.0119997
42.44,0.0274259,-0.00743006
42.46,0.0184962,0.00397046
42.48,0.0209573,-0.00193175
42.5,0.015768,-0.00727631
42.52,0.00623181,-0.00565857
42.54,0.0106926,-0.0059374
42.56,0.010329,-0.00284095
42.58,0.0107588,-0.00212688
42.6,0.00822474,-0.000821479
42.62,0.0057789,-0.00208215
42.64,-0.0110302,-0.0149593
42.66,-0.00843226,-0.011476
42.679,0.00159143,0.00234543
42.7,-0.0125166,0.00067013
42.72,-0.0112471,5.84966e-05
42.74,-0.00866822,0.00529033
42.76,-0.0145177,0.00669678
42.78,-0.0176183,0.010717
42.8,-0.0204411,0.0139087
42.82,-0.0230777,0.0169856
42.84,-0.0264358,0.0201018
42.86,-0.0169023,0.0175431
42.88,-0.00343213,0.00930066
42.9,0.0137005,-0.00621559
42.92,0.0315655,-0.0240039
42.94,0.0175623,-0.0180801
42.96,0.00326784,-0.0101579
42.98,0.00295982,-0.0192939
43,-0.00383915,-0.0241214
43.02,-0.0067103,-0.0216032
43.04,-0.00656046,-0.0220408
43.06,-0.0109626,-0.0238149
43.08,-0.0184891,-0.0265848
43.1,-0.0188584,-0.028107
43.12,-0.00481183,-0.0160474
43.14,0.0137768,0.00299918
43.16,0.0214873,0.0191827
43.18,0.00338476,0.0100803
43.2,-0.000885026,0.00337564
43.22,0.00227227,0.0100015
43.24,-0.00602898,0.0160268
43.26,-0.00917655,0.015765
43.28,-0.00822185,0.0175292
43.3,-0.0136099,0.0203294
43.32,-0.0242097,0.0271422
43.34,-0.027436,0.0315608
43.36,-0.00925531,0.0241889
43.38,0.00450462,0.0135528
43.4,0.0144964,-0.00117966
43.42,0.030566,-0.0206675
43.44,0.0205772,-0.0205519
43.46,0.000620177,-0.0151022
43.48,0.00139526,-0.0254923
43.5,-0.00728736,-0.0289864
43.52,-0.011966,-0.0284002
43.54,-0.0129114,-0.0291936
43.56,-0.0174303,-0.0318525
43.58,-0.0238289,-0.034219
43.6,-0.0183793,-0.0307689
43.62,-0.00520798,-0.0156416
43.64,0.0157522,0.00371453
43.66,0.0393246,0.0260813
43.679,0.0154908,0.0199777
43.7,0.00120526,0.0052509
43.72,0.00932768,0.00174974
43.74,0.0207968,0.00830691
43.76,0.0064651,0.0092645
43.78,0.00290836,0.00859354
43.8,0.00684516,0.00998305
43.82,-0.00191191,0.0117757
43.84,-0.00459382,0.0143659
43.86,-0.00536982,0.0140737
43.88,0.00268163,0.00689226
43.9,0.0123579,-0.00617323
43.92,0.0137118,-0.0127281
43.94,-0.000806255,-0.00548788
43.96,0.0017573,-0.0111088
43.98,-0.00438561,-0.0159043
44,-0.0115882,-0.0175048
44.02,-0.0117146,-0.0182077
44.04,-0.0143728,-0.0193256
44.06,-0.0154613,-0.0199199
44.08,-0.0215298,-0.0242828
44.1,-0.0170818,-0.0219346
44.12,-0.00441353,-0.00704802
44.14,0.0130248,0.0101065
44.16,0.0309614,0.0299642
44.18,0.00906173,0.0209912
44.2,-0.00172617,0.00990853
44.22,0.00833661,0.0124051
44.24,0.00778739,0.0170068
44.26,-0.00352519,0.0155722
44.28,-0.00276697,0.0189327
44.3,-0.00680766,0.020688
44.32,-0.00517719,0.0183313
44.34,-0.0151157,0.0227186
44.36,-0.0132972,0.0243455
44.38,0.0024832,0.0127268
44.4,0.0159519,-0.00294653
44.42,0.027547,-0.0185292
44.44,0.00908353,-0.0107799
44.46,0.00416205,-0.0068036
44.48,0.00688942,-0.0143169
44.5,-0.00374245,-0.0168943
44.52,-0.00792122,-0.0183259
44.54,-0.00759884,-0.0186533
44.56,-0.00849495,-0.0176401
44.58,-0.0157333,-0.0219436
44.6,-0.0191865,-0.0244331
44.62,-0.00484754,-0.0135519
44.64,0.01507,0.00598595
44.66,0.0281871,0.0256016
44.68,0.0105288,0.0174527
44.7,-0.000375072,0.00590739
44.72,0.00116609,0.00921782
44.74,0.00446657,0.0183563
44.76,-0.00754855,0.0167395
44.78,-0.00587886,0.0184054
44.8,-0.0118353,0.0225542
44.82,-0.0188464,0.0259656
44.84,-0.0192123,0.0275095
44.86,-0.0119215,0.0246194
44.88,0.000804217,0.0178928
44.9,0.0190878,0.00168376
44.92,0.0384042,-0.0168726
44.94,0.0198011,-0.0126205
44.96,0.00456353,-0.00617298
44.98,0.00883911,-0.0156772
45,0.000597207,-0.0184595
45.02,-0.00401394,-0.0185153
45.04,-0.00558935,-0.0196056
45.06,-0.0104991,-0.0218255
45.08,-0.0114615,-0.0219465
45.1,-0.0164685,-0.0237688
45.12,-0.00414532,-0.0146015
45.14,0.0158543,0.00397513
45.16,0.0237713,0.0187417
45.18,0.00470622,0.00877603
45.2,0.00241059,0.00202075
45.22,0.00697739,0.00741401
45.24,-0.000573954,0.0126037
45.26,-0.00353292,0.0110508
45.28,-0.00184667,0.0125936
45.3,-0.00947138,0.0160846
45.32,-0.0142877,0.0192973
45.34,-0.0137189,0.0199765
45.36,-0.00905042,0.0162004
45.38,-9.456e-05,0.00981814
45.4,0.0160096,-0.00346972
45.42,0.0307806,-0.018862
45.44,0.00895112,-0.00641048
45.46,0.00554349,-0.00295161
45.48,0.00855222,-0.013271
45.5,-0.00216057,-0.0165345
45.52,-0.00549098,-0.0160845
45.54,-0.00423777,-0.015762
45.56,-0.00981452,-0.0178075
45.58,-0.0131874,-0.0201541
45.6,-0.0116542,-0.0188881
45.619,-0.00194698,-0.00897063
45.64,0.0132014,0.00768165
45.66,0.0170483,0.0192365
45.68,-0.00296738,0.00894503
45.7,0.0023646,0.00301802
45.72,0.00576969,0.0108059
45.74,-0.00756523,0.0160322
45.76,-0.00930705,0.0168497
45.78,-0.00703967,0.016483
45.8,-0.015349,0.0205866
45.82,-0.0197808,0.0247197
45.84,-0.0203353,0.0253475
45.86,-0.00990562,0.0195708
45.88,0.00224962,0.0118105
45.9,0.0168417,-0.00319617
45.92,0.0334285,-0.0205437
45.94,0.0186781,-0.0130546
45.96,0.0057782,-0.00719177
45.98,0.00349063,-0.018363
46,-0.00323122,-0.022638
46.02,-0.00513137,-0.0201434
46.04,-0.00645453,-0.0207105
46.06,-0.00991119,-0.0222913
46.08,-0.018676,-0.0260851
46.1,-0.018657,-0.0276829
46.12,-0.00294499,-0.0138432
46.14,0.0133517,0.00394901
46.16,0.025748,0.0227764
46.18,0.00763135,0.0148867
46.2,-0.000560526,0.00404075
46.22,0.00495386,0.00771295
46.24,0.00227839,0.0154765
46.26,-0.00748376,0.0143666
46.28,-0.00453705,0.0167015
46.3,-0.0118032,0.0201342
46.32,-0.0188282,0.0248107
46.34,-0.0200561,0.0262093
46.36,-0.00810181,0.0197001
46.38,0.00353023,0.0118819
46.4,0.0212466,-0.00561807
46.42,0.033884,-0.0199963
46.44,0.018095,-0.0113424
46.46,0.00809999,-0.00461287
46.48,0.00569402,-0.0145309
46.5,-0.00158528,-0.0192024
46.52,-0.00305355,-0.017827
46.54,-0.00459279,-0.0181589
46.56,-0.00872421,-0.0208399
46.58,-0.0162613,-0.0225285
46.6,-0.0180592,-0.0259912
46.62,-0.0033911,-0.0136558
46.64,0.01488,0.00605489
46.66,0.0210196,0.0204521
46.68,0.00258013,0.0115537
46.7,-0.00065625,0.0039161
46.72,0.00543113,0.00865196
46.74,-0.000517934,0.0138698
46.76,-0.00919552,0.0151628
46.78,-0.00706531,0.0180483
46.8,-0.0143499,0.0211668
46.82,-0.0165329,0.0230713
46.84,-0.0255425,0.0284454
46.86,-0.010191,0.0252001
46.88,0.00373014,0.0176804
46.9,0.0146911,0.00397854
46.92,0.0333027,-0.0131681
46.94,0.0266607,-0.0122528
46.96,0.00889166,-0.00715899
46.98,0.00478809,-0.0179243
47,-0.00167649,-0.0216578
47.02,-0.00127962,-0.0171388
47.04,-0.00159322,-0.0169482
47.06,-0.00605532,-0.0199386
47.08,-0.0120202,-0.021628
47.1,-0.0124667,-0.0224124
47.12,-0.00199709,-0.0138819
47.14,0.0117906,0.00168927
47.16,0.0213962,0.0175625
47.18,-0.00184708,0.0110943
47.2,-0.00375685,0.00601208
47.22,0.000814757,0.0137464
47.24,-0.0111631,0.0200851
47.26,-0.0145014,0.020501
47.28,-0.0134274,0.0222038
47.3,-0.0230904,0.027634
47.32,-0.0261968,0.0313027
47.34,-0.0252495,0.0320792
47.36,-0.00720407,0.0221084
47.38,0.00877585,0.00971408
47.4,0.0194618,-0.00638005
47.42,0.0369897,-0.0260286
47.44,0.0218796,-0.0219552
47.46,0.00482827,-0.0143775
47.48,0.00352293,-0.023459
47.5,-0.00305124,-0.0291524
47.52,-0.00896949,-0.0276439
47.54,-0.00970462,-0.0287934
47.56,-0.0145018,-0.0313902
47.58,-0.0224486,-0.0337094
47.6,-0.0178428,-0.0318128
47.62,-0.00362261,-0.0158022
47.64,0.0137493,0.00211714
47.66,0.0344789,0.0235461
47.68,0.0162519,0.0154952
47.7,0.00284684,0.00338359
47.72,0.00834055,0.00921822
47.74,0.00550614,0.0147838
47.76,-0.00224527,0.0113981
47.78,0.00217023,0.0126288
47.8,-0.00340664,0.0151019
47.82,-0.0086617,0.0169287
47.84,-0.00879415,0.0182446
47.86,-0.00688939,0.0159533
47.88,0.000878338,0.0100602
47.9,0.0170547,-0.00439411
47.92,0.0274195,-0.0168086
47.94,0.00896884,-0.00669631
47.96,0.00452621,-0.00539762
47.98,0.00550265,-0.0146899
48,-0.00321167,-0.0154279
48.02,-0.00474487,-0.015143
48.04,-0.00596611,-0.016332
48.06,-0.0116526,-0.0189661
48.08,-0.0128383,-0.0200247
48.1,-0.012195,-0.018769
48.12,-0.00211208,-0.00887542
48.14,0.0137731,0.0064795
48.16,0.0213914,0.0214422
48.18,0.00298337,0.0110711
48.2,0.00082166,0.0060132
48.22,0.00395756,0.0135662
48.24,-0.00530605,0.0164613
48.26,-0.00694522,0.0167267
48.28,-0.00708193,0.0177773
48.3,-0.00971671,0.0187815
48.32,-0.021657,0.0250679
48.34,-0.0251082,0.0304331
48.36,-0.00929338,0.0232068
48.38,0.00413407,0.0119775
48.4,0.0186717,-0.00611051
48.42,0.0363842,-0.0260555
48.44,0.0137938,-0.0142959
48.46,0.00173613,-0.00913915
48.48,0.000811058,-0.0209606
48.5,-0.00724626,-0.0265565
48.52,-0.0115737,-0.0259018
48.54,-0.0123547,-0.0266453
48.56,-0.0155319,-0.028622
48.58,-0.0249207,-0.0319146
48.6,-0.0225814,-0.032121
48.62,-0.0071713,-0.0168647
48.64,0.011333,0.00407924
48.66,0.0356247,0.0297456
48.68,0.0116718,0.0247431
48.7,-0.00464751,0.011177
48.72,0.00742501,0.0129767
48.74,0.00514676,0.0190245
48.76,-0.00676049,0.0187072
48.78,-0.00616655,0.021163
48.8,-0.00803005,0.0214031
48.82,-0.00748974,0.0209932
48.84,-0.019503,0.0257019
48.86,-0.0138785,0.028526
48.88,0.0041051,0.0182264
48.9,0.0213194,0.00285704
48.92,0.0418107,-0.0164411
48.94,0.0266797,-0.0106459
48.96,0.0125947,-0.000987736
48.98,0.0145619,-0.00709717
49,0.0100656,-0.0129763
49.02,0.00271164,-0.0107693
49.04,0.00443984,-0.0112601
49.06,0.00436854,-0.0105482
49.08,-0.00176882,-0.0109775
49.1,-0.00504043,-0.0144133
49.12,0.000685895,-0.00886442
49.14,0.013641,0.00281414
49.16,0.00859839,0.00618942
49.18,-0.00299617,-0.00150953
49.2,0.00517998,-0.00168672
49.22,0.00228143,0.0058463
49.24,-0.0116893,0.00971997
49.26,-0.0103414,0.0135501
49.28,-0.0134818,0.0136422
49.3,-0.017734,0.0185431
49.32,-0.0179255,0.0193535
49.34,-0.0281248,0.0245485
49.36,-0.0163089,0.0258223
49.38,0.000888222,0.01646
49.4,0.0163944,0.000335119
49.42,0.0354155,-0.0175383
49.44,0.0238213,-0.0139071
49.46,0.00791523,-0.0065149
49.48,0.00756011,-0.0144588
49.5,0.0027664,-0.0183443
49.52,-0.000312287,-0.014693
49.54,0.00107485,-0.0146175
49.56,-0.00184153,-0.0151235
49.58,-0.00739201,-0.0165681
49.6,-0.00734005,-0.0171767
49.62,-0.000723185,-0.0108324
49.64,0.0111653,0.000880586
49.66,0.0105965,0.00858437
49.68,-0.00360659,-0.000145544
49.7,0.0024052,-0.000970973
49.72,0.00464932,0.00646823
49.74,-0.0101398,0.00954853
49.76,-0.0105484,0.0141475
49.78,-0.0131464,0.0155994
49.8,-0.0192179,0.0202307
49.82,-0.0234244,0.0243057
49.84,-0.0208424,0.0232237
49.86,-0.0157246,0.0221063
49.88,0.000203677,0.0154234
49.9,0.0201956,0.00248046
49.92,0.0410494,-0.0164007
49.94,0.0265928,-0.0115342
49.96,0.0108625,-0.00282966
49.98,0.0124392,-0.0095334
50,0.010213,-0.0125228
50.02,0.00640656,-0.00829809
50.04,0.00842836,-0.00773897
50.06,0.00765206,-0.00751303
50.08,0.00357683,-0.00636712
50.1,0.00187828,-0.00785706
50.12,0.00540169,-0.00445152
50.14,0.00946018,-0.00164647
50.16,-0.00449033,-0.00461541
50.18,-0.00258853,-0.00392272
50.2,0.003318,-0.0027717
50.22,-0.0061669,0.00178729
50.24,-0.0141406,0.00721469
50.26,-0.0131587,0.0100324
50.28,-0.0138779,0.00962846
50.3,-0.0144003,0.0131477
50.32,-0.0227557,0.0163579
50.34,-0.0293434,0.0241052
50.36,-0.0182203,0.0205119
50.38,-0.00336086,0.00857667
50.4,0.0134243,-0.0111246
50.42,0.0291069,-0.0287107
50.44,0.0115593,-0.0240129
50.46,-0.00527668,-0.0145835
50.48,0.000482151,-0.0209139
50.5,-0.00573794,-0.0268146
50.52,-0.016492,-0.0280328
50.54,-0.0152487,-0.029519
50.56,-0.0198519,-0.0306803
50.58,-0.0225403,-0.0316922
50.6,-0.0224565,-0.0307007
50.62,-0.00807611,-0.0167421
50.64,0.0107812,0.00231968
50.66,0.0382056,0.0260872
50.68,0.0186915,0.0214385
50.7,1.86261e-05,0.00574707
50.72,0.00989903,-0.00121109
50.74,0.0220232,0.00246506
50.76,0.013522,0.00605488
50.78,0.00417283,0.00551086
50.8,0.00471387,0.00881859
50.82,0.00207756,0.00880168
50.84,0.000886952,0.00823265
50.86,-0.00361662,0.0111285
50.88,0.000492301,0.0075509
50.9,0.012215,-0.00570961
50.92,0.00851755,-0.00565505
50.94,0.000416913,-0.00209173
50.96,0.000625794,-0.00849767
50.98,-0.0061895,-0.0107886
51,-0.00724205,-0.0108989
51.02,-0.00868834,-0.0120673
51.04,-0.0119742,-0.0151202
51.06,-0.0135238,-0.0148017
51.08,-0.016642,-0.0178167
51.1,-0.0159127,-0.0173579
51.12,-0.00371752,-0.00579791
51.14,0.0133493,0.0104273
51.16,0.0249701,0.0256541
51.18,0.00222556,0.0178428
51.2,-0.00177268,0.0104389
51.22,0.00432992,0.0159588
51.24,-0.00512526,0.0205775
51.26,-0.0102726,0.0206729
51.28,-0.00904248,0.0222861
51.3,-0.0129461,0.0240658
51.32,-0.022103,0.0283784
51.34,-0.0283539,0.0346198
51.36,-0.0118184,0.0299719
51.38,0.00166446,0.01621
51.4,0.0138771,-0.00287073
51.42,0.0304717,-0.0248928
51.44,0.0179698,-0.0227755
51.46,0.000248986,-0.012892
51.48,0.0048556,-0.0187457
51.5,-0.00367052,-0.0255589
51.52,-0.0141065,-0.027489
51.539,-0.0124699,-0.0282405
51.56,-0.0146653,-0.0286001
51.58,-0.0226192,-0.0315471
51.6,-0.0222987,-0.0328697
51.62,-0.00767047,-0.0195748
51.64,0.01097,0.0022361
51.66,0.0374048,0.0301499
51.68,0.0177236,0.0283665
51.7,-0.00186714,0.0128819
51.72,0.0072404,0.00572495
51.74,0.0136563,0.0108326
51.76,0.00187959,0.0159153
51.78,-0.00790807,0.0179109
51.8,-0.0028558,0.0184873
51.82,-0.00496334,0.017517
51.84,-0.0141979,0.021316
51.86,-0.0157823,0.0259614
51.88,0.00254721,0.0159614
51.9,0.02203,0.00116877
51.92,0.0351135,-0.0159258
51.94,0.0157971,-0.00867373
51.96,0.00785762,-0.00245288
51.98,0.0122212,-0.0090417
52,0.00632834,-0.0104125
52.02,0.00142537,-0.0100279
52.04,0.000659076,-0.0119326
52.06,0.00112551,-0.0097826
52.08,-0.00356188,-0.0113677
52.1,-0.00562208,-0.0130517
52.12,-7.42886e-05,-0.0077569
52.14,0.0132265,0.00399771
52.16,0.0155653,0.0116793
52.18,-0.000996663,0.00169201
52.2,0.003156,-0.00129507
52.22,0.00593499,0.00633767
52.24,-0.00734003,0.0106724
52.26,-0.00879654,0.0126834
52.28,-0.00848726,0.0136607
52.3,-0.0106718,0.0150085
52.32,-0.0201447,0.0202633
52.34,-0.024314,0.0253389
52.36,-0.0130569,0.0202621
52.38,-0.000996151,0.00989728
52.4,0.0159297,-0.0100618
52.42,0.0244719,-0.0248293
52.44,0.0066754,-0.020476
52.46,-0.00470961,-0.0132285
52.48,0.000392806,-0.0206011
52.5,-0.00741539,-0.0243049
52.52,-0.0142948,-0.0256499
52.54,-0.016053,-0.0277008
52.56,-0.0161955,-0.0280448
52.58,-0.0247907,-0.0307154
52.6,-0.0237184,-0.0308767
52.62,-0.00760321,-0.017313
52.64,0.0124021,0.00456215
52.66,0.0369783,0.0293002
52.68,0.0190496,0.022954
52.7,0.00128885,0.00803569
52.72,0.00994243,0.00349509
52.74,0.0157474,0.0100925
52.76,0.00178068,0.0139537
52.78,-0.0024663,0.0157422
52.8,0.00105531,0.0152706
52.82,-0.000136959,0.0140644
52.84,-0.0115226,0.0185774
52.86,-0.0145493,0.0244936
52.88,0.000905959,0.0147752
52.9,0.0171622,-2.79697e-05
52.92,0.0262276,-0.015138
52.94,0.00847407,-0.00911489
52.96,0.00246574,-0.00430253
52.98,0.00763586,-0.0104598
53,-0.000759517,-0.0116718
53.02,-0.00476973,-0.0127479
53.04,-0.00537625,-0.0148103
53.06,-0.00691763,-0.0129101
53.08,-0.0125773,-0.0173798
53.1,-0.0138641,-0.0182294
53.12,-0.0016822,-0.00850862
53.14,0.0155711,0.00801204
53.16,0.0181929,0.0185692
53.18,0.000792202,0.00820263
53.2,0.00408133,0.00243722
53.22,0.00910871,0.00927104
53.24,-0.00434763,0.0140023
53.26,-0.00775627,0.016092
53.28,-0.00715467,0.0168716
53.3,-0.0127419,0.0197699
53.32,-0.0132236,0.0204637
53.34,-0.0226051,0.0253445
53.36,-0.0147435,0.0251687
53.38,-0.00103079,0.0168307
53.4,0.0122356,0.00406904
53.42,0.0302895,-0.0141506
53.44,0.0244846,-0.0144591
53.46,0.0045439,-0.00746219
53.48,0.00449221,-0.0151474
53.5,-0.000193683,-0.0198619
53.52,-0.00568719,-0.017977
53.54,-0.0043873,-0.0177243
53.56,-0.00647301,-0.0185236
53.58,-0.0130978,-0.021103
53.6,-0.0167618,-0.0242838
53.62,-0.00565345,-0.0158457
53.64,0.00719629,-0.00109357
53.66,0.0269586,0.0191316
53.68,0.00734463,0.0148662
53.7,-0.00648143,0.00622873
53.72,0.00190732,0.0102142
53.74,-0.000750358,0.0151615
53.76,-0.0125507,0.0170629
53.78,-0.0129473,0.0219304
53.8,-0.0122657,0.0215198
53.82,-0.0211708,0.0245154
53.84,-0.0306141,0.0329999
53.86,-0.0151258,0.0303046
53.88,-0.00413,0.0187403
53.9,0.00932869,-0.000344224
53.92,0.0279705,-0.0224272
53.94,0.0255805,-0.0266745
53.96,0.00530656,-0.0173609
53.98,-0.000745841,-0.0216888
54,-0.00320664,-0.0304776
54.02,-0.012666,-0.0291933
54.04,-0.011642,-0.0297825
54.06,-0.0137367,-0.0308705
54.08,-0.0236878,-0.0337802
54.1,-0.0211061,-0.0337037
54.12,-0.00635255,-0.0194849
54.14,0.00986723,-0.00148659
54.16,0.0388636,0.023999
54.18,0.0222801,0.0257364
54.2,0.000513942,0.0112157
54.22,0.00991122,0.00959038
54.24,0.0113736,0.0170871
54.26,-0.00125921,0.0163855
54.28,-0.000671007,0.0167456
54.3,-0.00197043,0.0176279
54.32,-0.0072922,0.0192658
54.34,-0.0056553,0.0184465
54.36,-0.0152531,0.0219896
54.38,0.000322621,0.0130269
54.4,0.0178812,-0.000153489
54.42,0.0333999,-0.0162826
54.44,0.0176063,-0.0105322
54.46,0.0078103,-0.00170069
54.48,0.0113535,-0.00760031
54.5,0.00539932,-0.012039
54.52,-0.00127808,-0.0111506
54.54,0.000698037,-0.0120202
54.56,-0.000242983,-0.0105048
54.58,-0.00614541,-0.0134878
54.6,-0.010744,-0.016293
54.62,-0.00317591,-0.010605
54.64,0.00972227,0.00127573
54.66,0.0226953,0.0163469
54.68,0.00157727,0.006596
54.7,-0.00143229,0.00211486
54.72,0.00373925,0.00880463
54.74,-0.00585629,0.0140583
54.76,-0.010094,0.0145239
54.78,-0.00900904,0.0168461
54.8,-0.0125648,0.0188143
54.82,-0.0224488,0.0236163
54.84,-0.0270404,0.0294321
54.86,-0.0162159,0.025371
54.88,-0.00262323,0.0123887
54.9,0.0113691,-0.00571523
54.92,0.0254657,-0.0269558
54.94,0.012408,-0.0244362
54.96,-0.00487787,-0.0166208
54.98,-0.00125405,-0.0243485
55,-0.00943678,-0.0297091
55.02,-0.0174847,-0.0312913
55.04,-0.0176446,-0.0325711
55.06,-0.0207669,-0.0343053
55.08,-0.029995,-0.0376266
55.1,-0.0203387,-0.0331385
55.12,-0.00619489,-0.0158124
55.14,0.0108132,0.00194975
55.16,0.0427296,0.024777
55.18,0.0320729,0.0227482
55.2,0.0118115,0.00601722
55.22,0.0163231,0.00186624
55.24,0.0198839,0.0104934
55.26,0.00854149,0.0116435
55.28,0.008921,0.00709807
55.3,0.0124367,0.00701319
55.32,0.00800643,0.00712022
55.34,0.00348107,0.00814687
55.36,0.00204605,0.00937252
55.38,0.00525642,0.00596754
55.4,0.0131696,-0.00284151
55.42,0.00264407,-0.00123148
55.44,0.00228704,-0.000947154
55.46,0.00259645,-0.00409819
55.48,-0.00384115,-0.00554941
55.5,-0.00539877,-0.00774777
55.52,-0.00691863,-0.00863877
55.54,-0.00753047,-0.00951175
55.56,-0.0123042,-0.0121153
55.58,-0.015013,-0.0142297
55.6,-0.0127883,-0.0130338
55.62,-0.00543371,-0.00690342
55.64,0.0076134,0.00659724
55.66,0.0252924,0.0234961
55.68,0.00194909,0.0186378
55.7,-0.00526864,0.010605
55.72,0.00375973,0.0145983
55.74,-0.00269501,0.0191997
55.76,-0.0133078,0.0211248
55.78,-0.012368,0.0247067
55.8,-0.0120933,0.0233767
55.82,-0.0235078,0.0292661
55.84,-0.0321356,0.0368377
55.86,-0.015788,0.0326596
55.88,-0.00383811,0.0189304
55.9,0.00988385,-0.000182706
55.92,0.0262655,-0.0223421
55.94,0.0205389,-0.0263968
55.96,-0.000854824,-0.0174839
55.98,-0.000531946,-0.0228411
56,-0.00544195,-0.0302984
56.02,-0.0169173,-0.0315777
56.04,-0.0147306,-0.031738
56.06,-0.0153212,-0.0317273
56.08,-0.0263997,-0.035777
56.1,-0.0251474,-0.0373657
56.12,-0.0105176,-0.0237653
56.14,0.00400606,-0.00553919
56.16,0.029081,0.0176809
56.18,0.0357926,0.0318029
56.2,0.0107755,0.020493
56.22,0.00440535,0.00963251
56.239,0.0131035,0.0153444
56.26,0.00575777,0.018421
56.28,-0.00104852,0.0162944
56.3,0.0012352,0.018396
56.32,-0.0032065,0.0185988
56.34,-0.00533254,0.0192395
56.36,-0.0133709,0.022938
56.38,-0.00244782,0.0188686
56.4,0.0145392,0.00392518
56.42,0.0333349,-0.014051
56.44,0.0183867,-0.0113454
56.46,0.00517662,-0.00374135
56.48,0.00760543,-0.0100272
56.5,0.00307248,-0.0143266
56.52,-0.00297452,-0.0132788
56.54,-0.00306564,-0.0146196
56.56,-0.00462555,-0.0144425
56.579,-0.0120837,-0.0185655
56.6,-0.0165195,-0.0213508
56.62,-0.00776198,-0.0153679
56.64,0.00736258,-0.00200975
56.66,0.0288542,0.019171
56.68,0.00974725,0.0185766
56.7,-0.00674845,0.00781686
56.72,0.000541774,0.0104721
56.74,0.00267738,0.0164163
56.76,-0.0109595,0.0169569
56.78,-0.010496,0.0210764
56.8,-0.0136662,0.0225815
56.82,-0.0141784,0.0230391
56.84,-0.0262874,0.0294397
56.86,-0.024363,0.0336976
56.88,-0.0105141,0.0280652
56.9,0.00455241,0.0112919
56.92,0.0233491,-0.00966752
56.94,0.0371158,-0.0269494
56.96,0.0191202,-0.0221163
56.98,0.00146209,-0.0120943
57,0.00860467,-0.0165569
57.02,0.00386555,-0.0221113
57.04,-0.00806517,-0.0228076
57.06,-0.00865651,-0.0250124
57.08,-0.0101452,-0.0244239
57.1,-0.0126676,-0.023615
57.12,-0.0139328,-0.0248544
57.14,0.000587182,-0.0125865
57.16,0.0229981,0.00801732
57.18,0.0253234,0.0175356
57.2,0.010992,0.00509935
57.22,0.00943558,-0.00271245
57.24,0.0129773,0.00276472
57.26,0.00539993,0.0081789
57.28,0.000796481,0.00689571
57.3,0.00456225,0.00720499
57.32,-0.000827949,0.00964884
57.34,-0.00672497,0.0115545
57.36,-0.00896757,0.0140767
57.38,-0.00225934,0.0103806
57.4,0.00956249,-0.001799
57.42,0.0170991,-0.0136478
57.44,7.24433e-05,-0.00483568
57.46,0.00209562,-0.00493461
57.48,0.00216691,-0.0126884
57.5,-0.00974237,-0.0143122
57.52,-0.00829562,-0.0153398
57.54,-0.00789134,-0.0150876
57.56,-0.014222,-0.0165072
57.58,-0.0183675,-0.0217005
57.6,-0.01905,-0.021278
57.62,-0.00952646,-0.0141531
57.64,0.00514414,0.000689672
57.66,0.0276198,0.0220039
57.68,0.0137789,0.0238294
57.7,-0.00585722,0.0128455
57.72,0.00134752,0.0155081
57.74,-0.00271085,0.022959
57.76,-0.0139922,0.0235243
57.78,-0.0119867,0.0253221
57.8,-0.0139252,0.0259957
57.82,-0.01955,0.027921
57.84,-0.0323227,0.0377656
57.86,-0.0199368,0.0361321
57.88,-0.00821438,0.0228451
57.9,0.00166834,0.00490376
57.92,0.0197635,-0.0182531
57.94,0.0295375,-0.0343563
57.96,0.0114473,-0.0299664
57.98,-0.00798347,-0.0222887
58,5.94871e-05,-0.0293329
58.02,-0.00853576,-0.0337493
58.04,-0.0218682,-0.0371112
58.06,-0.0235697,-0.0405907
58.08,-0.0236362,-0.0398921
58.1,-0.015831,-0.0312683
58.12,-0.00886845,-0.0156489
58.14,0.00761497,-0.00147459
58.16,0.038263,0.02001
58.18,0.0374824,0.0252257
58.2,0.0155671,0.00960018
58.22,0.0148318,0.0031492
58.24,0.0181096,0.0133164
58.26,0.00661905,0.0153468
58.28,0.00595755,0.0110096
58.3,0.00919304,0.0114589
58.32,0.00455312,0.0123844
58.34,-0.000833964,0.0138519
58.36,-0.00418428,0.0160416
58.38,0.000680069,0.0124944
58.4,0.0108785,0.00071551
58.42,0.0199906,-0.0131782
58.44,0.00341519,-0.00786981
58.46,-0.000173937,-0.00676283
58.48,-0.000280884,-0.0147253
58.5,-0.0104558,-0.0156738
58.52,-0.0106444,-0.0175939
58.54,-0.015038,-0.0198486
58.56,-0.0201054,-0.0237437
58.58,-0.0220309,-0.0258051
58.6,-0.0198909,-0.0230958
58.62,-0.0114084,-0.0133162
58.64,0.00405965,0.00311782
58.66,0.0308212,0.0270798
58.68,0.0210541,0.0287309
58.7,-0.0015252,0.0147798
58.72,0.00453178,0.0127581
58.74,0.00655747,0.0217569
58.76,-0.00557121,0.0219874
58.78,-0.00425413,0.0201277
58.8,-0.00411076,0.0212387
58.82,-0.0105274,0.0232275
58.84,-0.0108181,0.0239645
58.86,-0.0179119,0.0269028
58.88,-0.00483551,0.0208432
58.9,0.0141399,0.00434713
58.92,0.0356692,-0.0192406
58.94,0.0239083,-0.018245
58.96,0.00274713,-0.00657023
58.98,0.00470708,-0.00910066
59,0.00567822,-0.0176084
59.02,-0.00575009,-0.0186608
59.04,-0.00777467,-0.019187
59.06,-0.00800333,-0.0199655
59.08,-0.014674,-0.0222628
59.1,-0.0173906,-0.0248542
59.12,-0.00874528,-0.0174447
59.14,0.0067896,-0.00225758
59.16,0.029368,0.0202639
59.18,0.0123443,0.0222439
59.2,-0.00525178,0.0095245
59.22,0.00464701,0.00635493
59.24,0.0102227,0.0129349
59.26,-0.00505771,0.0167084
59.28,-0.0100723,0.0203141
59.3,-0.00879066,0.0210505
59.32,-0.0151475,0.0230782
59.34,-0.0211074,0.0286644
59.36,-0.0157218,0.0259976
59.38,-0.00656506,0.0180746
59.4,0.00815309,0.00471708
59.42,0.0263632,-0.0142993
59.44,0.0285672,-0.0217924
59.46,0.00733551,-0.0134734
59.48,0.00168068,-0.0152758
59.5,0.00119021,-0.0234677
59.52,-0.00808104,-0.0226905
59.54,-0.00798377,-0.0233916
59.56,-0.00875616,-0.0239658
59.58,-0.017965,-0.0268086
59.6,-0.0236153,-0.0321739
59.62,-0.0109291,-0.0229629
59.64,0.00171957,-0.00844138
59.66,0.0259239,0.0143294
59.68,0.0278186,0.0248423
59.7,0.00449758,0.0146691
59.72,0.00402282,0.0078653
59.74,0.00850804,0.0142633
59.76,-0.000660514,0.0168467
59.78,-0.00509884,0.0170619
59.8,-0.00532128,0.0192542
59.82,-0.0112987,0.0214013
59.84,-0.0166549,0.025275
59.86,-0.0138086,0.0251286
59.88,-0.00595613,0.0165303
59.9,0.00765553,0.00251099
59.92,0.0239236,-0.0164301
59.94,0.0212886,-0.0198117
59.96,0.00199599,-0.0115086
59.98,0.000420943,-0.0186729
60,-0.00575797,-0.0260873
60.02,-0.0133559,-0.026025
60.04,-0.0123111,-0.0258991
60.06,-0.0141334,-0.0270551
60.08,-0.0237188,-0.0309448
60.1,-0.0292815,-0.0364918
60.12,-0.0127378,-0.025183
60.14,-0.00167456,-0.00760474
60.16,0.0189735,0.0114864
60.18,0.0406075,0.0331077
60.2,0.0204404,0.0250091
60.22,0.00314013,0.00773359
60.24,0.00945469,0.0106349
60.26,0.00840082,0.0205994
60.28,-0.0046548,0.0203021
60.3,-0.00150362,0.0185252
60.32,-0.00363291,0.0194376
60.34,-0.00756891,0.0216712
60.36,-0.0160222,0.0248263
60.38,-0.00656627,0.023025
60.4,0.00848022,0.00976487
60.42,0.026016,-0.00890931
60.44,0.0259658,-0.015972
60.46,0.00504223,-0.00750194
60.48,0.00677724,-0.00847248
60.5,0.00715183,-0.0137096
60.52,-0.00193608,-0.0141915
60.54,-0.00438551,-0.0151663
60.56,-0.00153629,-0.0143313
60.58,-0.00947741,-0.016298
60.6,-0.016088,-0.0218016
60.62,-0.0112345,-0.0180863
60.64,0.00238498,-0.00604968
60.66,0.0215586,0.0131661
60.68,0.0159235,0.0196574
60.7,-0.0016059,0.00960732
60.72,0.0035611,0.0062902
60.74,0.0043025,0.0144868
60.76,-0.00850462,0.0191476
60.78,-0.0116979,0.0203568
60.8,-0.010539,0.0212319
60.82,-0.0190755,0.0252481
60.84,-0.0241549,0.0303859
60.86,-0.0207737,0.0296904
60.88,-0.00929598,0.0226462
60.9,0.00704021,0.00740899
60.92,0.0262636,-0.0112708
60.94,0.0352129,-0.0241689
60.96,0.0156789,-0.0156789
60.98,0.00570136,-0.0108043
61,0.00335926,-0.0204568
61.02,-0.00503645,-0.0245617
61.04,-0.00560393,-0.0225161
61.06,-0.00810073,-0.0233032
61.08,-0.0134509,-0.0263282
61.1,-0.0213128,-0.0298895
61.12,-0.0151679,-0.0270117
61.14,-0.000935628,-0.0116756
61.16,0.0173711,0.0080714
61.18,0.0277585,0.0253666
61.2,0.00677348,0.015537
61.22,0.000349543,0.00717027
61.24,0.00344184,0.0160836
61.26,-0.00541873,0.0202829
61.28,-0.00898399,0.0190841
61.3,-0.00746733,0.0204936
61.32,-0.0151789,0.0240482
61.34,-0.021463,0.02846
61.36,-0.0173326,0.0289013
61.38,-0.0110108,0.0203358
61.4,-0.00106385,0.00555444
61.42,0.0144141,-0.0162018
61.44,0.0248544,-0.0335601
61.46,0.00812843,-0.0286783
61.48,-0.0107269,-0.0207738
61.5,-0.000924593,-0.0281969
61.52,-0.00992474,-0.0331424
61.54,-0.0242939,-0.0373425
61.56,-0.0261581,-0.0415853
61.58,-0.0298843,-0.0417053
61.6,-0.0201472,-0.0369323
61.62,-0.00874288,-0.0176841
61.64,0.00513874,-0.00434099
61.66,0.0302715,0.0108668
61.68,0.0493616,0.0252967
61.7,0.0323807,0.0122598
61.72,0.0224761,0.001674
61.74,0.0221202,0.00776669
61.76,0.0143945,0.0130223
61.78,0.0110012,0.00836786
61.8,0.0177677,0.0058743
61.82,0.0105542,0.00785073
61.84,0.00690871,0.00915341
61.86,0.00368139,0.00961935
61.88,0.00526215,0.00801163
61.9,0.0073621,0.00559492
61.92,0.00800531,-0.00358359
61.94,-0.00118778,0.000621798
61.96,0.00351477,0.00175595
61.98,0.00571634,0.000731404
62,-0.00178634,-0.00207276
62.02,-0.00548254,-0.00547876
62.04,-0.00445017,-0.00497218
62.06,-0.00270041,-0.00442209
62.08,-0.00751781,-0.00530078
62.1,-0.0124456,-0.00993994
62.12,-0.0113537,-0.00938725
62.14,-0.00107797,-0.00181906
62.16,0.0131493,0.0110603
62.18,0.0140776,0.0192415
62.2,-0.00479987,0.0102858
62.22,0.00107871,0.00810224
62.24,0.00353836,0.0154361
62.26,-0.0116259,0.0179637
62.28,-0.0104262,0.0208818
62.3,-0.0123761,0.0208654
62.32,-0.0145502,0.0228073
62.34,-0.0255197,0.0287819
62.36,-0.0294358,0.0339808
62.38,-0.0141592,0.0279425
62.4,0.000732116,0.0133997
62.42,0.0163472,-0.00564709
62.44,0.0323008,-0.0272611
62.46,0.0161899,-0.0231015
62.48,-0.00370313,-0.0118359
62.5,-0.000662736,-0.0169565
62.52,-0.00220214,-0.0260824
62.54,-0.0169397,-0.0282923
62.56,-0.0161492,-0.0300614
62.58,-0.0175329,-0.029334
62.6,-0.0196935,-0.030263
62.62,-0.0260043,-0.0325291
62.64,-0.0139335,-0.0196975
62.66,0.00426165,0.000410418
62.679,0.0348783,0.0297148
62.7,0.0213366,0.0319723
62.72,-0.00216393,0.0168934
62.74,-0.000657978,0.015516
62.76,0.00260424,0.025464
62.78,-0.0076395,0.0245215
62.8,-0.00828455,0.0227417
62.82,-0.00861058,0.0248504
62.84,-0.0156352,0.0271005
62.86,-0.0193337,0.0299929
62.88,-0.00794304,0.0265053
62.9,0.00360907,0.0139293
62.92,0.0185905,-0.00460724
62.94,0.0352979,-0.0267759
62.96,0.0173966,-0.023577
62.98,0.0011874,-0.0140666
63,0.00565312,-0.0222791
63.02,-0.00633594,-0.0282871
63.04,-0.0147865,-0.0308741
63.06,-0.0139063,-0.0315414
63.08,-0.0160858,-0.03186
63.1,-0.0266173,-0.0370624
63.12,-0.0195849,-0.0337519
63.14,-0.00559314,-0.0182445
63.16,0.0100255,0.00178912
63.18,0.0415481,0.0288756
63.2,0.0252469,0.0293173
63.22,0.0021025,0.0148885
63.24,0.00601824,0.0108467
63.26,0.009784,0.0203779
63.28,-0.00490141,0.022029
63.3,-0.00382612,0.0198949
63.32,-0.000451808,0.0192118
63.34,-0.00371483,0.019772
63.36,-0.0132695,0.0226118
63.38,-0.0145779,0.0275431
63.4,-0.00172667,0.0188199
63.42,0.0137488,0.00245308
63.44,0.0332372,-0.020477
63.46,0.0168521,-0.0168169
63.48,0.000593871,-0.0102083
63.5,0.00612793,-0.017229
63.52,-0.0013078,-0.0205898
63.54,-0.0093695,-0.0214304
63.56,-0.0087575,-0.0232333
63.58,-0.00769247,-0.0217615
63.6,-0.0163378,-0.0241854
63.62,-0.0204632,-0.0289897
63.64,-0.00765135,-0.0185939
63.66,0.0103095,0.000232225
63.68,0.0365518,0.0253517
63.7,0.0141582,0.0242293
63.72,-0.00271401,0.0118046
63.74,0.00719037,0.00902105
63.76,0.00946301,0.0155539
63.78,-0.0039958,0.0189306
63.8,-0.00890738,0.0212391
63.82,-0.00860964,0.0226666
63.84,-0.0136399,0.0244125
63.86,-0.0206463,0.0290813
63.88,-0.0121548,0.0268578
63.9,-0.00341719,0.0183191
63.92,0.00919813,0.00175563
63.94,0.0294599,-0.0202778
63.96,0.0217601,-0.0220475
63.98,-0.000475406,-0.014445
64,0.00177035,-0.0212167
64.02,-0.00328077,-0.0263061
64.04,-0.0129281,-0.0268015
64.06,-0.0112636,-0.0271571
64.08,-0.0120834,-0.0268481
64.1,-0.0222796,-0.0311352
64.12,-0.023802,-0.0340732
64.139,-0.00919824,-0.0214441
64.16,0.00611852,-0.00365255
64.18,0.0320322,0.0231462
64.2,0.0246562,0.0308336
64.22,0.00357903,0.0181084
64.24,0.00387634,0.00853193
64.26,0.0130763,0.0117753
64.28,0.00573245,0.0166144
64.3,-0.00703898,0.0180213
64.32,-0.00434861,0.021259
64.34,-0.00475649,0.019277
64.36,-0.0145719,0.0230174
64.38,-0.0225339,0.031777
64.4,-0.00450095,0.022135
64.42,0.0140239,0.00521079
64.44,0.0346677,-0.0178846
64.46,0.0232027,-0.0190664
64.48,-0.00122794,-0.0101735
64.5,0.00571709,-0.0128256
64.52,0.00678666,-0.0169976
64.54,-0.00505171,-0.017985
64.56,-0.00446005,-0.0189321
64.58,-0.008877,-0.0196985
64.6,-0.0136845,-0.0226055
64.62,-0.0159638,-0.0237061
64.64,-0.00715748,-0.0168349
64.66,0.00848091,-0.00195645
64.68,0.0304857,0.0196197
64.7,0.0158467,0.0218243
64.72,-0.00332569,0.00965062
64.74,0.00429534,0.00843025
64.76,0.00584656,0.0163621
64.78,-0.00773148,0.0190127
64.8,-0.0108859,0.0218371
64.82,-0.0130945,0.0238509
64.84,-0.0192431,0.0278853
64.86,-0.0195626,0.0289853
64.88,-0.0192172,0.0289671
64.9,-0.00366821,0.0224857
64.92,0.0121836,0.00914934
64.94,0.0366062,-0.0111748
64.96,0.0378229,-0.0156385
64.98,0.0159637,-0.00666106
65,0.00834353,-0.00966284
65.02,0.00842644,-0.0178856
65.04,0.00198526,-0.0157696
65.06,0.00270863,-0.0144306
65.08,0.00395083,-0.0140388
65.1,-0.00273094,-0.0143522
65.12,-0.00969015,-0.0195509
65.14,-0.00638205,-0.016544
65.16,0.00599813,-0.00694899
65.18,0.021584,0.00929542
65.2,0.00283003,0.00663297
65.22,-0.00645567,0.00229755
65.24,0.00195023,0.00828751
65.26,-0.00545627,0.0119227
65.28,-0.0117512,0.0135194
65.3,-0.0123448,0.0171459
65.32,-0.0135448,0.0178952
65.34,-0.0235153,0.0233584
65.36,-0.0285983,0.0300769
65.38,-0.0201037,0.0269924
65.4,-0.0102154,0.0188773
65.42,0.00309632,0.000418797
65.44,0.0214575,-0.0236285
65.46,0.0249626,-0.0344567
65.48,0.00483032,-0.0235087
65.5,-0.00369107,-0.0204851
65.52,-0.000270394,-0.0302889
65.54,-0.0117164,-0.0329283
65.56,-0.0180143,-0.0340432
65.58,-0.0203297,-0.0364291
65.6,-0.0272961,-0.0395421
65.62,-0.0228205,-0.0369096
65.64,-0.00920815,-0.0199719
65.66,0.00790167,-0.00494535
65.68,0.0377404,0.0146945
65.7,0.0404493,0.0216264
65.72,0.0230986,0.007471
65.74,0.0161459,0.000698446
65.76,0.0150237,0.0111543
65.78,0.00884186,0.0128267
65.8,0.0092367,0.00791138
65.82,0.0110524,0.00801978
65.84,0.00634687,0.00958385
65.86,0.00369135,0.0096066
65.88,-0.0023809,0.0122078
65.9,0.000357253,0.0114215
65.92,0.0123789,0.00035762
65.94,0.0107315,-0.00502955
65.96,-0.00282161,-0.00548409
65.98,-0.00241921,-0.00875813
66,-0.00306122,-0.00855879
66.02,-0.00899316,-0.0115356
66.04,-0.0122463,-0.0146288
66.06,-0.0117055,-0.0159613
66.08,-0.0151438,-0.0153892
66.1,-0.021232,-0.021972
66.12,-0.0265677,-0.0245703
66.14,-0.0114484,-0.01435
66.161,0.00618061,0.00230096
66.18,0.0307536,0.0260115
66.2,0.0206549,0.0298149
66.22,-0.00305857,0.0175803
66.24,-0.00199804,0.0179305
66.26,-0.00517142,0.0280524
66.28,-0.0162403,0.0299542
66.3,-0.0127003,0.0277211
66.32,-0.0124793,0.0275552
66.34,-0.0214599,0.031872
66.36,-0.0331302,0.0396239
66.38,-0.0173065,0.0372401
66.4,-0.00563885,0.0256705
66.42,0.0063203,0.00510913
66.44,0.0224491,-0.0208256
66.46,0.0276556,-0.0356261
66.48,0.00324606,-0.0292431
66.5,-0.00732909,-0.0255321
66.52,-0.00145283,-0.0330995
66.54,-0.0139899,-0.0346423
66.56,-0.0203326,-0.0379047
66.58,-0.024386,-0.0415475
66.6,-0.0261631,-0.0415435
66.62,-0.0136462,-0.0293798
66.64,-2.1381e-05,-0.0102789
66.66,0.0190255,0.0034569
66.68,0.0493483,0.0237037
66.7,0.0404,0.0222155
66.72,0.0129623,0.0031022
66.74,0.0171605,-0.000198923
66.76,0.0229567,0.00771604
66.78,0.0120974,0.0127067
66.8,0.00728367,0.00714757
66.82,0.0108578,0.0083764
66.84,0.00816419,0.010011
66.86,0.00302835,0.00961277
66.88,0.00244758,0.0108256
66.9,0.00168637,0.0100163
66.92,0.0102712,-0.000777845
66.94,0.00680651,-0.00595944
66.96,-0.00282777,-0.00544176
66.98,-0.00208652,-0.00877211
67,-0.00447396,-0.00906844
67.02,-0.00935295,-0.0120514
67.04,-0.0136594,-0.0156397
67.06,-0.0135842,-0.0170745
67.08,-0.0150932,-0.0157721
67.1,-0.0216268,-0.0223475
67.12,-0.0273829,-0.0255093
67.14,-0.0116369,-0.0150331
67.16,0.00519627,0.00176324
67.18,0.0273723,0.0236016
67.2,0.0202863,0.0308982
67.22,0.00183144,0.0195926
67.24,0.00344341,0.01358
67.26,0.00559817,0.0201808
67.28,-0.00415541,0.023438
67.3,-0.00916405,0.0241131
67.32,-0.00934575,0.025689
67.34,-0.0153566,0.0281144
67.36,-0.0159393,0.0290886
67.38,-0.019549,0.0309242
67.4,-0.00459889,0.0260455
67.42,0.0134053,0.01139
67.44,0.0356044,-0.0107464
67.46,0.0328526,-0.0147599
67.48,0.0105606,-0.00539458
67.5,0.011538,-0.00590828
67.52,0.0147434,-0.0106057
67.54,0.00763767,-0.00943439
67.56,0.00446043,-0.00902312
67.58,0.00229542,-0.0112033
67.6,-0.000902002,-0.0111732
67.62,-0.000447309,-0.0104418
67.64,-0.00124563,-0.00956227
67.66,0.00535602,-0.00443183
67.68,0.0143359,0.00784355
67.7,-0.00337274,0.00335254
67.72,-0.00143187,0.00103239
67.74,0.00560167,0.00561692
67.76,-0.00650361,0.00747925
67.78,-0.010075,0.0126354
67.8,-0.0119721,0.0136738
67.82,-0.0135276,0.0160499
67.84,-0.0148503,0.0161084
67.86,-0.0233379,0.0218775
67.88,-0.0240319,0.0254808
67.9,-0.00716472,0.0173384
67.92,0.00790914,0.00598959
67.94,0.03108,-0.0144829
67.96,0.0303844,-0.0190476
67.98,0.00972603,-0.0122337
68,-0.00155534,-0.0172103
68.02,-0.000638871,-0.0225163
68.04,-0.000223141,-0.0167985
68.06,0.00341176,-0.0136067
68.08,0.0018732,-0.0109284
68.1,0.00777008,-0.00714764
68.12,0.00501565,-0.00648345
68.14,0.00198965,-0.00754959
68.16,0.00717516,-0.00322085
68.18,0.012649,0.00768
68.2,0.0067564,-0.0019839
68.22,0.00327885,-0.00469527
68.24,0.00676878,0.00097489
68.26,0.00392231,-0.00257916
68.28,0.00487672,-0.000860142
68.3,0.0037375,-0.000781864
68.32,0.00364352,-0.0012002
68.34,0.0032301,-0.000824571
68.36,0.00302181,-0.00103724
68.38,0.00268755,-0.000826501
68.4,0.00244252,-0.000714547
68.42,0.00222318,-0.000652589
68.44,0.00203939,-0.000621228
68.46,0.00183141,-0.000628071
68.48,0.00167191,-0.000600332
68.5,0.00151057,-0.000537438
68.52,0.00137087,-0.000476387
68.54,0.00124775,-0.000431505
68.56,0.00112865,-0.000408375
68.58,0.00102224,-0.000396486
68.6,0.000928,-0.000371423
68.62,0.000838287,-0.00034176
68.64,0.000757927,-0.00030805
68.66,0.000687974,-0.000286969
68.68,0.000617255,-0.0002718
68.7,0.000563342,-0.000259782
68.72,0.000505233,-0.00024698
68.74,0.000458313,-0.000228035
68.76,0.000410683,-0.000213073
68.78,0.000373239,-0.000198937
68.8,0.000332832,-0.000191161
68.82,0.000303829,-0.000182458
68.84,0.000270569,-0.000175572
68.86,0.000243815,-0.000162974
68.88,0.000217609,-0.00015599
68.9,0.000197293,-0.000148295
68.92,0.000174123,-0.000143991
68.94,0.000158179,-0.000137621
68.96,0.000138013,-0.000134182
68.98,0.000126026,-0.000127022
69,0.000109876,-0.000123319
69.02,9.64123e-05,-0.000120686
69.04,8.81256e-05,-0.000114644
69.06,7.40992e-05,-0.000114208
69.08,6.86018e-05,-0.000109984
69.1,5.65479e-05,-0.00010707
69.12,4.70174e-05,-0.000102382
69.14,4.1751e-05,-9.8822e-05
69.16,2.81724e-05,-9.43584e-05
69.18,2.48808e-05,-9.14406e-05
69.2,1.71733e-05,-9.10918e-05
69.22,1.35884e-05,-8.58219e-05
69.24,7.4381e-06,-8.12339e-05
69.26,1.37176e-06,-8.01577e-05
69.28,3.09102e-06,-7.82187e-05
69.3,-8.92226e-06,-7.6656e-05
69.32,-8.21077e-06,-7.62775e-05
69.34,-1.3048e-05,-7.66397e-05
69.36,-1.13023e-05,-7.29603e-05
69.38,-2.0452e-05,-7.0612e-05
69.4,-1.89486e-05,-7.08436e-05
69.42,-2.14857e-05,-7.16557e-05
69.44,-2.27799e-05,-6.85834e-05
69.46,-2.66023e-05,-6.70189e-05
69.48,-2.79457e-05,-6.78479e-05
69.5,-2.45899e-05,-6.7709e-05
69.52,-3.27067e-05,-6.48154e-05
69.54,-3.29953e-05,-6.60837e-05
69.56,-3.29078e-05,-6.66577e-05
69.58,-3.19373e-05,-6.50151e-05
69.6,-3.58865e-05,-6.34764e-05
69.62,-3.6402e-05,-6.37189e-05
69.64,-3.59377e-05,-6.50115e-05
69.66,-3.51083e-05,-6.28833e-05
69.68,-3.8119e-05,-6.19462e-05
69.7,-3.89112e-05,-6.32471e-05
69.72,-3.70897e-05,-6.35507e-05
69.74,-3.73267e-05,-6.18509e-05
69.76,-3.95992e-05,-6.08919e-05
69.78,-3.98767e-05,-6.2164e-05
69.8,-3.84064e-05,-6.27231e-05
69.82,-3.80556e-05,-6.05626e-05
69.84,-4.15119e-05,-6.04693e-05
69.86,-4.04741e-05,-6.09341e-05
69.88,-3.90854e-05,-6.26637e-05
69.9,-3.87246e-05,-5.96102e-05
69.92,-4.15238e-05,-6.01101e-05
69.94,-4.10071e-05,-5.98468e-05
69.96,-3.99261e-05,-6.24966e-05
69.98,-3.82299e-05,-5.85276e-05
70,-4.12449e-05,-5.84086e-05
70.02,-4.18732e-05,-5.89944e-05
70.04,-3.95807e-05,-6.03119e-05
70.06,-3.82992e-05,-5.87883e-05
70.08,-4.17991e-05,-5.82029e-05
70.1,-4.06944e-05,-5.84233e-05
70.12,-3.98484e-05,-6.00547e-05
70.14,-3.67752e-05,-5.81212e-05
70.16,-4.12819e-05,-5.67591e-05
70.18,-3.99402e-05,-5.82626e-05
70.2,-3.80753e-05,-5.96044e-05
70.22,-3.88434e-05,-5.74901e-05
70.24,-4.08849e-05,-5.59833e-05
70.26,-3.53608e-05,-6.01527e-05
70.279,-4.06635e-05,-5.4245e-05
70.3,-3.96119e-05,-6.02077e-05
70.32,-3.8384e-05,-5.55176e-05
70.34,-3.8274e-05,-5.99502e-05
70.36,-4.02664e-05,-5.28982e-05
70.38,-3.68941e-05,-6.01381e-05
70.4,-4.32324e-05,-5.37386e-05
70.42,-3.63681e-05,-5.71736e-05
70.44,-3.86735e-05,-5.82599e-05
70.46,-4.02153e-05,-5.16456e-05
70.48,-3.7147e-05,-5.84438e-05
70.5,-3.67194e-05,-5.50114e-05
70.52,-3.57129e-05,-5.76281e-05
70.54,-3.94946e-05,-4.94585e-05
70.56,-2.81917e-05,-5.03897e-05
70.58,-2.61389e-05,-4.45146e-05
70.6,-2.25665e-05,-4.15144e-05
70.62,-2.33658e-05,-3.31462e-05
70.64,-1.74125e-05,-3.76532e-05
70.66,-1.56107e-05,-3.31243e-05
70.68,-1.34712e-05,-3.18238e-05
70.7,-1.49704e-05,-2.58887e-05
70.72,-8.72868e-06,-2.77293e-05
70.74,-7.76609e-06,-2.57389e-05
70.76,-9.60357e-06,-2.2142e-05
70.78,-3.68411e-06,-2.08875e-05
70.8,-5.25881e-06,-2.22831e-05
70.82,-3.66734e-07,-1.98955e-05
70.84,-6.20806e-06,-1.54826e-05
70.86,2.35446e-06,-1.94878e-05
70.88,-7.36115e-07,-1.73912e-05
70.9,3.03986e-07,-1.63719e-05
70.92,1.07431e-06,-1.19432e-05
70.94,1.76618e-06,-1.78347e-05
70.96,4.68649e-06,-1.31152e-05
70.98,-8.37003e-07,-9.70846e-06
71,4.83347e-06,-1.53364e-05
71.02,4.20113e-06,-1.20111e-05
71.04,7.72985e-07,-1.00672e-05
71.06,6.36318e-06,-1.19515e-05
71.08,3.76348e-06,-1.24873e-05
71.1,4.10113e-06,-1.0438e-05
71.12,5.48518e-06,-8.02102e-06
71.14,5.89493e-06,-1.296e-05
71.16,5.56441e-06,-9.84792e-06
71.18,4.30774e-06,-7.8016e-06
71.2,6.9135e-06,-1.27759e-05
71.22,4.64826e-06,-8.97138e-06
71.24,6.45824e-06,-7.69815e-06
71.26,7.26806e-06,-1.19154e-05
71.28,4.05002e-06,-7.20174e-06
71.3,8.42634e-06,-8.72258e-06
71.32,7.24753e-06,-1.1309e-05
71.34,4.21321e-06,-4.80885e-06
71.36,7.7435e-06,-1.18247e-05
71.38,7.48836e-06,-9.49294e-06
71.4,5.17909e-06,-4.86844e-06
71.42,9.49117e-06,-1.25239e-05
71.44,3.18044e-06,-6.13183e-06
71.46,9.91298e-06,-8.5713e-06
71.48,7.71765e-06,-1.02295e-05
71.5,4.69467e-06,-4.84348e-06
71.52,9.07085e-06,-1.19833e-05
71.54,3.58949e-06,-4.70698e-06
71.56,9.18432e-06,-1.05463e-05
71.58,5.2796e-06,-8.02788e-06
71.6,6.96621e-06,-6.9132e-06
71.62,8.48704e-06,-1.08003e-05
71.64,4.53693e-06,-4.34984e-06
71.66,9.11475e-06,-1.12956e-05
71.68,3.54171e-06,-3.40457e-06
71.7,8.21451e-06,-9.9514e-06
71.72,1.47449e-06,-3.09492e-06
71.74,9.85267e-06,-8.31076e-06
71.76,-2.55228e-06,-2.30735e-06
71.78,7.71399e-06,-9.44066e-07
71.8,2.53388e-06,-3.23921e-06
71.82,8.15416e-06,-5.26404e-06
71.84,2.34222e-06,-2.65377e-06
71.86,6.97414e-06,-9.92782e-06
71.88,3.08022e-06,-4.30893e-06
71.9,7.02622e-06,-3.29819e-06
71.92,6.8888e-06,-8.12182e-06
71.94,5.05307e-06,-5.6839e-06
71.96,7.49422e-06,-6.07249e-06
71.98,7.11367e-06,-9.92961e-06
72,4.83113e-06,-2.93631e-06
72.02,8.96763e-06,-9.4171e-06
72.04,7.48755e-06,-9.3441e-06
72.06,5.94351e-06,-3.63824e-06
72.08,8.44546e-06,-1.20595e-05
72.1,3.8151e-06,-5.53063e-06
72.12,1.02193e-05,-8.22347e-06
72.14,7.51338e-06,-1.07951e-05
72.16,5.51556e-06,-3.79432e-06
72.18,1.05769e-05,-1.1759e-05
72.2,3.93952e-06,-4.97392e-06
72.22,1.13152e-05,-9.87418e-06
72.24,3.57027e-06,-6.93667e-06
72.26,1.01918e-05,-7.82409e-06
72.28,8.14699e-06,-1.09263e-05
72.3,6.95987e-06,-4.41618e-06
72.32,1.00338e-05,-1.26709e-05
72.34,6.08232e-06,-3.98218e-06
72.36,1.01855e-05,-1.23791e-05
72.38,6.0456e-06,-4.68118e-06
72.4,1.09533e-05,-1.18544e-05
72.42,5.00172e-06,-4.88116e-06
72.44,1.11037e-05,-1.22567e-05
72.46,5.55354e-06,-5.58378e-06
72.48,9.85365e-06,-1.19193e-05
72.5,6.54938e-06,-6.49632e-06
72.52,6.90092e-06,-9.76934e-06
72.54,9.75209e-06,-8.82696e-06
72.56,5.33347e-06,-6.68466e-06
72.58,1.06164e-05,-1.19867e-05
72.6,6.05422e-06,-4.69609e-06
72.62,6.82787e-06,-1.18556e-05
72.64,1.00626e-05,-7.22743e-06
72.66,4.44699e-06,-7.70424e-06
72.68,1.35928e-05,-1.20049e-05
72.7,3.81202e-06,-5.53437e-06
72.72,7.95816e-06,-8.7686e-06
72.74,1.14038e-05,-1.07288e-05
72.76,6.5469e-06,-5.20479e-06
72.78,7.07505e-06,-9.1782e-06
72.8,1.11871e-05,-1.00204e-05
72.82,7.56054e-06,-6.02614e-06
72.84,6.10573e-06,-8.57496e-06
72.86,9.67716e-06,-9.43707e-06
72.88,9.59167e-06,-7.86003e-06
72.9,6.96399e-06,-7.41253e-06
72.92,7.45689e-06,-8.23597e-06
72.94,1.06006e-05,-1.04026e-05
72.96,8.14536e-06,-6.39319e-06
72.98,7.18336e-06,-8.75423e-06
73,6.58922e-06,-9.37078e-06
73.02,1.23158e-05,-8.95968e-06
73.04,6.41135e-06,-7.54873e-06
73.06,7.36014e-06,-7.62227e-06
73.08,7.99786e-06,-8.75152e-06
73.1,1.18068e-05,-9.83128e-06
73.12,5.65288e-06,-7.47897e-06
73.14,8.26293e-06,-7.75194e-06
73.16,6.52884e-06,-9.35559e-06
73.18,1.20631e-05,-9.9306e-06
73.2,5.92555e-06,-6.95162e-06
73.22,7.76643e-06,-8.20062e-06
73.24,6.84254e-06,-9.28161e-06
73.26,1.18486e-05,-9.57001e-06
73.28,5.03286e-06,-6.71863e-06
73.3,6.79045e-06,-8.29589e-06
73.32,6.69477e-06,-8.24854e-06
73.34,1.13849e-05,-1.03296e-05
73.36,4.81958e-06,-6.94591e-06
73.38,7.78724e-06,-8.2053e-06
73.4,5.76362e-06,-8.28061e-06
73.42,1.10419e-05,-1.06827e-05
73.44,5.45273e-06,-6.692e-06
73.46,6.18001e-06,-8.63317e-06
73.48,7.10746e-06,-8.00503e-06
73.5,1.09092e-05,-9.60006e-06
73.52,5.26922e-06,-6.92588e-06
73.54,7.06481e-06,-7.97055e-06
73.56,6.0115e-06,-8.76993e-06
