27.22,-0.00394314,0.000400169
27.24,-0.00394336,0.000292911
27.26,-0.00392822,0.000134002
27.28,-0.00390709,-6.75275e-05
27.3,-0.00388394,-0.000307612
27.32,0.000468963,-0.04365
27.34,0.000466034,-0.0487172
27.369,0.000470471,-0.0487166
27.38,0.000470243,-0.0487165
27.4,0.000470369,-0.048717
27.42,0.000470205,-0.0487171
27.44,0.000470356,-0.0487169
27.46,0.000470321,-0.048717
27.479,0.00107786,-0.0376576
27.5,0.00128287,-0.0245939
27.52,7.59461e-05,-0.0165061
27.54,0.000244291,-0.0140846
27.56,0.00149858,-0.00954736
27.58,0.000337442,-0.00879532
27.6,-0.00274196,-0.0101845
27.62,-0.00131101,-0.00891693
27.64,-9.28174e-05,-0.00819634
27.66,4.17656e-05,-0.00683414
27.68,-0.00219112,-0.00317474
27.7,-0.00237608,-0.00518422
27.72,-0.00187994,-0.0108958
27.74,-0.00313318,-0.014423
27.76,-0.00473989,-0.0190567
27.78,-0.00516456,-0.0239106
27.8,-0.00748786,-0.0285652
27.82,-0.00979077,-0.0353668
27.84,-0.00886308,-0.0346651
27.86,-0.0168972,-0.0248359
27.88,-0.0236846,-9.07343e-05
27.9,-0.0348219,0.0199761
27.92,-0.0339289,0.0254896
27.94,-0.0325221,0.0289784
27.96,-0.017862,0.036539
27.98,0.00612026,0.0524062
28,0.0239509,0.0671327
28.02,0.0339402,0.0642892
28.04,0.0185648,0.0412048
28.06,0.00348926,0.0243057
28.08,0.0128623,0.0373852
28.1,0.0142769,0.0325585
28.12,0.00826122,0.0237924
28.14,0.00982107,0.0263268
28.16,0.00822903,0.0229069
28.18,0.00772418,0.0199552
28.2,0.00688977,0.0192953
28.22,0.00624723,0.0166716
28.24,0.00567416,0.0155047
28.26,0.00518837,0.0140446
28.28,0.00468688,0.0127201
28.299,0.00424813,0.0116984
28.32,0.00384221,0.0105354
28.34,0.00349604,0.00957491
28.36,0.00318494,0.00873028
28.38,0.00286332,0.00787336
28.4,0.00260358,0.00719963
28.42,0.00235811,0.00653246
28.44,0.00214157,0.00593757
28.46,0.00193608,0.00537996
28.48,0.00175149,0.00487068
28.5,0.00158663,0.00443301
28.52,0.00143272,0.00401842
28.54,0.00130649,0.00367671
28.56,0.0011638,0.00329686
28.58,0.00105887,0.00300918
28.6,0.000952073,0.00272617
28.62,0.000858036,0.0024625
28.64,0.000771567,0.00224303
28.66,0.000692882,0.00202641
28.68,0.000623298,0.0018438
28.7,0.000556199,0.00165463
28.72,0.000499687,0.00150388
28.74,0.000446946,0.00136465
28.76,0.000395586,0.00122022
28.78,0.000352946,0.00111226
28.8,0.000311536,0.00100436
28.82,0.000273738,0.000899207
28.84,0.000243194,0.000812504
28.86,0.000212996,0.000728573
28.88,0.000186641,0.000659228
28.9,0.000161492,0.000586159
28.92,0.000138201,0.000529008
28.94,0.000116956,0.00047319
28.96,9.93555e-05,0.00042181
28.98,8.30272e-05,0.000376154
29,7.1455e-05,0.000334652
29.02,5.73111e-05,0.00029999
29.04,4.18431e-05,0.000268803
29.06,3.29599e-05,0.000232451
29.08,2.3623e-05,0.000204662
29.1,1.56646e-05,0.00017828
29.12,5.7866e-06,0.000156787
29.14,-4.53773e-06,0.000138101
29.16,-6.86904e-06,0.000114845
29.18,-1.44427e-05,9.80483e-05
29.2,-1.86988e-05,8.16284e-05
29.22,-2.72228e-05,7.06886e-05
29.24,-2.98429e-05,5.46892e-05
29.26,-3.16099e-05,4.30136e-05
29.28,-3.65604e-05,3.26499e-05
29.3,-4.50195e-05,2.55747e-05
29.32,-4.19214e-05,1.28769e-05
29.34,-4.53061e-05,5.84442e-06
29.36,-4.85876e-05,-1.12457e-06
29.38,-5.24251e-05,-5.38473e-06
29.4,-5.05759e-05,-1.43922e-05
29.42,-5.34869e-05,-2.05051e-05
29.44,-5.79219e-05,-1.97652e-05
29.46,-5.63502e-05,-2.90656e-05
29.48,-5.5913e-05,-3.20944e-05
29.5,-5.83524e-05,-3.36745e-05
29.52,-6.26419e-05,-3.55427e-05
29.54,-5.66952e-05,-4.1159e-05
29.56,-6.15833e-05,-4.41185e-05
29.58,-6.34586e-05,-4.1966e-05
29.6,-5.94613e-05,-4.87369e-05
29.62,-6.09076e-05,-4.90592e-05
29.64,-6.59101e-05,-4.71943e-05
29.66,-5.95941e-05,-5.26564e-05
29.68,-6.5248e-05,-5.06584e-05
29.7,-6.85743e-05,-4.94036e-05
29.72,-6.44652e-05,-5.17558e-05
29.74,-7.23581e-05,-4.6932e-05
29.76,-7.09171e-05,-4.8116e-05
29.78,-7.13083e-05,-4.95293e-05
29.8,-8.08617e-05,-4.25884e-05
29.82,-7.3918e-05,-4.66314e-05
29.84,-7.98626e-05,-4.39705e-05
29.86,-8.34603e-05,-3.99718e-05
29.88,-7.89114e-05,-4.32157e-05
29.9,-7.76729e-05,-2.54304e-05
29.92,-6.81375e-05,-2.70812e-05
29.94,-6.63568e-05,-1.97659e-05
29.96,-6.81428e-05,-1.07823e-05
29.98,-5.84438e-05,-1.38913e-05
30,-6.09528e-05,-6.65319e-06
30.02,-5.5033e-05,-4.55248e-06
30.04,-5.07271e-05,-5.31538e-06
30.06,-5.35981e-05,4.79315e-06
30.08,-4.48694e-05,-7.05928e-08
30.1,-4.26674e-05,8.87672e-07
30.12,-4.63022e-05,1.2628e-05
30.14,-3.35137e-05,1.94527e-06
30.16,-4.10437e-05,9.46119e-06
30.18,-3.09742e-05,3.10582e-06
30.2,-3.28755e-05,4.20959e-06
30.22,-3.39916e-05,1.21465e-05
30.24,-2.61347e-05,5.76434e-06
30.26,-3.15313e-05,1.32167e-05
30.28,-2.61176e-05,8.0488e-06
30.3,-2.50239e-05,6.81369e-06
30.32,-2.97522e-05,1.40115e-05
30.34,-2.32859e-05,7.84337e-06
30.36,-2.52348e-05,1.32448e-05
30.38,-2.60596e-05,1.39714e-05
30.4,-2.08955e-05,8.92699e-06
30.42,-2.83849e-05,1.70281e-05
30.44,-2.17557e-05,1.05048e-05
30.46,-2.18966e-05,1.33366e-05
30.48,-2.7032e-05,1.75669e-05
30.5,-1.98438e-05,1.14155e-05
30.52,-2.52366e-05,1.74545e-05
30.54,-2.39704e-05,1.53482e-05
30.56,-2.04009e-05,1.39003e-05
30.58,-2.73481e-05,1.95387e-05
30.6,-2.12421e-05,1.50581e-05
30.62,-2.18043e-05,1.55253e-05
30.64,-2.80221e-05,2.06286e-05
30.66,-2.03622e-05,1.58437e-05
30.68,-2.34168e-05,1.70431e-05
30.7,-2.6944e-05,2.16647e-05
30.72,-2.12322e-05,1.59579e-05
30.74,-2.40176e-05,1.94337e-05
30.76,-2.65749e-05,2.15648e-05
30.78,-2.19358e-05,1.77721e-05
30.8,-2.45872e-05,2.08087e-05
30.82,-2.68716e-05,2.25583e-05
30.84,-2.21313e-05,1.85324e-05
30.86,-2.59e-05,2.14059e-05
30.88,-2.81881e-05,2.37135e-05
30.9,-2.29098e-05,1.83677e-05
30.92,-2.59808e-05,2.28759e-05
30.94,-2.87671e-05,2.28861e-05
30.96,-2.34791e-05,2.05337e-05
30.98,-2.6366e-05,2.17212e-05
31,-2.90648e-05,2.5086e-05
31.02,-2.3903e-05,2.00987e-05
31.04,-2.66242e-05,2.21187e-05
31.06,-2.95494e-05,2.58637e-05
31.08,-2.61288e-05,2.14078e-05
31.1,-2.48861e-05,2.15952e-05
31.12,-3.09839e-05,2.62302e-05
31.14,-2.60664e-05,2.27272e-05
31.16,-2.58583e-05,2.21412e-05
31.18,-2.76342e-05,2.43258e-05
31.2,-2.94364e-05,2.46691e-05
31.22,-2.50076e-05,2.21022e-05
31.24,-2.65737e-05,2.25903e-05
31.26,-3.0399e-05,2.63815e-05
31.28,-2.39052e-05,2.1574e-05
31.3,-2.55498e-05,2.21591e-05
31.32,-2.76631e-05,2.46534e-05
31.34,-2.60295e-05,2.19229e-05
31.36,-2.3926e-05,2.10163e-05
31.38,-2.4314e-05,2.15534e-05
31.4,-2.72033e-05,2.3806e-05
31.42,-2.20597e-05,1.88205e-05
31.44,-2.1913e-05,1.93058e-05
31.46,-2.38202e-05,2.19124e-05
31.48,-2.25276e-05,1.89344e-05
31.5,-1.86644e-05,1.69866e-05
31.52,-1.85574e-05,1.71673e-05
31.54,-2.18197e-05,1.83697e-05
31.56,-1.47479e-05,1.41667e-05
31.58,-1.48894e-05,1.34832e-05
31.6,-1.63886e-05,1.39495e-05
31.62,-1.4353e-05,1.35761e-05
31.64,-1.12746e-05,1.04491e-05
31.66,-1.19552e-05,1.04525e-05
31.68,-1.4635e-05,1.3666e-05
31.7,-8.18434e-06,8.0257e-06
31.72,-9.89888e-06,7.60108e-06
31.74,-8.81547e-06,9.21732e-06
31.76,-1.02615e-05,8.79586e-06
31.78,-6.74961e-06,5.37832e-06
31.8,-6.03747e-06,6.0209e-06
31.82,-9.63002e-06,8.81135e-06
31.84,-6.49552e-06,4.64312e-06
31.86,-4.96892e-06,4.84157e-06
31.88,-5.08207e-06,4.93884e-06
31.9,-8.59095e-06,6.79239e-06
31.92,-2.76319e-06,3.16059e-06
31.94,-3.75387e-06,3.20737e-06
31.96,-6.64682e-06,5.97926e-06
31.98,-3.76526e-06,3.53817e-06
32,-2.43182e-06,2.33978e-06
32.02,-3.50763e-06,2.65661e-06
32.04,-6.11625e-06,6.18365e-06
32.06,-1.30084e-06,1.16764e-06
32.08,-2.62752e-06,1.29264e-06
32.1,-2.45665e-06,3.68131e-06
32.12,-4.22988e-06,3.54136e-06
32.14,-9.56235e-07,3.52457e-07
32.16,-6.88707e-07,1.25995e-06
32.18,-4.57102e-06,4.58611e-06
32.2,-1.15817e-06,4.57736e-07
32.22,-3.93892e-07,4.31071e-07
32.24,-1.14618e-06,2.27219e-06
32.26,-4.86779e-06,3.2305e-06
32.28,1.04314e-06,-2.68259e-07
32.3,-2.17289e-07,6.20105e-07
32.32,-3.26233e-06,2.884e-06
32.34,-6.8872e-07,1.09063e-06
32.36,1.49815e-07,-6.02855e-08
32.38,-3.5351e-07,-3.22476e-08
32.4,-3.67564e-06,4.02126e-06
32.42,1.69106e-06,-9.39061e-08
32.44,-1.35178e-07,-5.1887e-07
32.46,-7.61254e-07,2.04395e-06
32.48,-1.97001e-06,2.1216e-06
32.5,6.08837e-07,-7.9266e-07
32.52,5.8046e-07,1.15877e-08
32.54,-3.16376e-06,3.5102e-06
32.56,-1.77733e-07,-6.80525e-09
32.58,8.17352e-07,-9.19102e-07
32.6,-8.86652e-09,1.3818e-06
32.62,-3.50033e-06,2.20801e-06
32.64,1.4289e-06,-1.18356e-06
32.66,9.92451e-08,-6.98161e-07
32.68,-2.53417e-06,2.51107e-06
32.7,-4.67293e-07,1.70884e-07
32.72,1.09558e-07,-1.2179e-06
32.74,9.02614e-07,-4.56224e-07
32.76,-3.93968e-06,2.45519e-06
32.78,7.80835e-07,-1.42747e-06
32.8,4.75289e-07,-6.52125e-07
32.82,-5.6405e-07,3.68268e-07
32.84,-2.29175e-06,1.80349e-06
32.86,1.23849e-06,-8.52828e-07
32.88,4.87266e-07,-9.83646e-07
32.9,-3.08362e-06,3.14208e-06
32.92,3.75551e-07,-9.25986e-07
32.94,9.67868e-07,-1.14212e-06
32.96,2.43944e-07,3.54897e-07
32.98,-3.12216e-06,2.20708e-06
33,1.4457e-06,-1.09218e-06
33.02,1.2528e-06,-1.39606e-06
33.04,-1.22139e-06,1.83717e-06
33.06,-7.35064e-07,4.59432e-07
33.08,1.1738e-06,-1.23706e-06
33.1,9.58384e-07,-2.51775e-07
33.12,-3.69197e-06,3.39488e-06
33.14,2.403e-06,-1.4169e-06
33.16,7.47078e-07,-8.73215e-07
33.18,-6.49154e-08,6.157e-07
33.2,-1.25495e-06,9.14447e-07
33.22,1.89472e-06,-1.15219e-06
33.24,1.76128e-06,-1.59274e-06
33.26,-2.67666e-06,2.93048e-06
33.28,2.03526e-06,-8.3289e-07
33.3,8.05336e-07,-4.97559e-07
33.32,1.30109e-06,-4.31398e-07
33.34,-2.78845e-06,2.54935e-06
33.36,7.89075e-07,-1.65163e-06
33.38,2.18286e-06,-7.67456e-07
33.4,-1.33802e-06,1.41997e-06
33.42,-1.06975e-06,7.007e-07
33.44,2.30311e-06,-1.20408e-06
33.46,5.69594e-07,-5.63144e-07
33.48,-4.13032e-06,3.23822e-06
33.5,2.73666e-06,-1.03917e-06
33.52,5.50787e-07,-1.36536e-06
33.54,-2.71583e-08,3.25192e-07
33.56,-1.55659e-06,1.63843e-06
33.58,1.24673e-06,-1.63737e-06
33.6,6.37968e-07,-1.01947e-06
33.62,-1.41745e-06,1.33413e-06
33.64,-5.58452e-07,3.40827e-08
33.66,8.28089e-07,-2.1142e-06
33.68,1.45762e-06,3.21083e-08
33.7,-3.58793e-06,1.90019e-06
33.72,1.40695e-06,-1.9353e-06
33.74,1.38287e-06,-6.48279e-07
33.76,-1.29928e-06,1.06771e-06
33.78,-1.40049e-06,1.14271e-07
33.8,1.91291e-06,-1.24635e-06
33.82,8.21904e-07,-1.42887e-06
33.84,-4.44433e-06,3.12066e-06
33.86,3.26988e-06,-1.33775e-06
33.88,-4.4295e-07,-1.18483e-06
33.9,4.22563e-07,-6.78633e-08
33.92,-2.08261e-06,1.97701e-06
33.94,1.53467e-06,-1.87668e-06
33.96,1.63223e-07,-9.62391e-07
33.98,-8.80936e-07,1.94545e-06
34,-1.13728e-06,-8.90243e-08
34.02,8.7899e-07,-1.73973e-06
34.04,1.18131e-06,3.06385e-07
34.06,-3.85031e-06,2.35809e-06
34.08,9.50487e-07,-1.11272e-06
34.1,9.71474e-07,-9.34689e-07
34.12,-1.99101e-06,1.56114e-06
34.14,-1.68727e-06,7.75187e-07
34.16,3.76911e-07,-1.3072e-06
34.18,1.32762e-06,-5.31835e-07
34.2,-5.26763e-06,3.23714e-06
34.22,2.32758e-06,-1.54917e-06
34.24,1.866e-07,-7.08263e-07
34.26,2.25401e-07,-1.70035e-07
34.28,-2.90129e-06,1.42461e-06
34.3,1.93256e-06,-1.20344e-06
34.32,-3.63045e-07,-1.44211e-06
34.34,-1.16041e-06,2.21765e-06
34.36,-3.23224e-07,-2.61388e-08
34.38,4.11854e-07,-1.70386e-06
34.4,1.10113e-06,1.48674e-07
34.42,-3.09346e-06,1.94055e-06
34.44,1.06466e-06,-1.71624e-06
34.46,1.25902e-06,-1.15516e-06
34.48,9.87194e-08,8.94556e-07
34.5,-2.60954e-06,1.57658e-06
34.52,2.33822e-06,-1.44238e-06
34.54,1.27442e-06,-3.87262e-07
34.56,-3.24598e-06,2.13823e-06
34.58,1.61617e-06,-5.48693e-07
34.6,1.14351e-06,-6.89339e-07
34.62,-4.23109e-07,2.95608e-07
34.64,-2.13855e-06,2.11349e-06
34.66,1.55905e-06,-9.43269e-07
34.68,7.71966e-07,-1.31553e-06
34.7,-2.07818e-06,2.6391e-06
34.72,-1.36242e-07,5.77878e-08
34.74,2.44084e-07,-1.48432e-06
34.76,1.39812e-06,1.75312e-07
34.78,-3.24991e-06,2.58823e-06
34.8,1.01197e-06,-1.64312e-06
34.82,7.19867e-07,-9.62279e-07
34.84,-4.33268e-07,9.68301e-07
34.86,-2.77467e-06,1.11292e-06
34.88,1.87729e-06,-1.13622e-06
34.9,6.29657e-07,-6.59489e-07
34.92,-3.59561e-06,2.36458e-06
34.94,8.86399e-07,-5.35947e-07
34.96,6.20047e-07,-6.99976e-07
34.98,-4.28731e-07,-3.43987e-07
35,-2.52488e-06,2.70088e-06
35.02,2.00113e-06,-1.00057e-06
35.04,4.2123e-07,-1.24371e-06
35.06,-1.30155e-06,2.20279e-06
35.08,-1.82367e-07,-7.48876e-07
35.1,1.60732e-06,-6.1635e-07
35.12,1.38347e-06,-7.12019e-07
35.14,-3.58936e-06,2.72302e-06
35.16,2.14623e-06,-1.05023e-06
35.18,8.443e-07,-7.56464e-07
35.2,-3.89253e-08,5.31512e-07
35.22,-2.115e-06,1.4049e-06
35.24,1.23717e-06,-1.3795e-06
35.26,1.2962e-06,-1.01911e-06
35.28,-3.04865e-06,2.62675e-06
35.3,8.15032e-07,-1.76233e-06
35.32,7.08117e-07,-1.5634e-06
35.34,5.65257e-07,-5.66238e-07
35.36,-3.16694e-06,1.2994e-06
35.38,1.70458e-06,-1.58333e-06
35.4,9.28951e-07,-1.85008e-06
35.42,-2.53837e-06,1.98823e-06
35.44,3.29905e-07,-4.47345e-07
35.46,1.00478e-06,-1.17626e-06
35.48,1.13245e-06,-6.46415e-07
35.5,-3.0771e-06,2.28624e-06
35.52,1.87078e-06,-1.64516e-06
35.54,1.25423e-06,-1.41511e-06
35.56,5.37086e-08,5.90611e-07
35.58,-1.71451e-06,9.33604e-07
35.6,2.09215e-06,-1.65049e-06
35.62,1.23665e-06,-1.15971e-06
35.64,-3.02706e-06,2.11158e-06
35.66,7.21385e-07,-8.73486e-07
35.68,8.90873e-07,-1.52193e-06
35.7,5.72558e-07,-3.15272e-07
35.72,-3.68077e-06,1.13735e-06
35.74,2.7579e-06,-1.01416e-06
35.76,7.73338e-07,-1.99943e-06
35.78,-1.76671e-06,9.77549e-07
35.8,-4.02244e-07,8.69316e-07
35.82,7.09241e-07,-2.18305e-06
35.84,1.08444e-06,-8.69729e-07
35.86,-3.52542e-06,3.1096e-06
35.88,1.22848e-06,-2.07582e-06
35.9,2.84099e-07,-1.07447e-06
35.92,5.08432e-08,1.02211e-06
35.94,-2.25493e-06,9.19594e-07
35.96,1.16516e-06,-1.93405e-06
35.98,1.45133e-06,-1.19569e-06
36,-3.43794e-06,2.23736e-06
36.02,5.09997e-07,-1.37137e-06
36.04,1.78186e-06,-1.57721e-06
36.06,7.23326e-08,-5.17533e-07
36.08,-3.01285e-06,1.86476e-06
36.1,2.39743e-06,-1.47505e-06
36.12,8.83062e-07,-1.17122e-06
36.14,-1.3378e-06,1.09553e-06
36.16,-2.29049e-07,5.42275e-07
36.18,1.27626e-06,-1.71255e-06
36.2,5.0742e-07,-9.56673e-07
36.22,-2.90051e-06,3.16804e-06
36.24,1.97252e-06,-1.97485e-06
36.26,4.9913e-07,-1.34252e-06
36.28,6.73949e-07,1.16932e-06
36.3,-2.53751e-06,8.62504e-07
36.32,1.50382e-06,-1.4048e-06
36.34,1.85709e-06,-7.95856e-07
36.36,-3.23041e-06,2.54171e-06
36.38,9.81203e-07,-1.16811e-06
36.4,1.76877e-07,-1.32334e-06
36.42,1.78155e-06,3.01391e-09
36.44,-3.12249e-06,1.94075e-06
36.46,2.04057e-06,-1.63835e-06
36.48,1.7425e-06,-1.20633e-07
36.5,-1.48332e-06,2.95356e-07
36.52,-2.47489e-07,1.41999e-06
36.54,1.87756e-06,-1.54162e-06
36.56,2.47362e-07,-1.6934e-06
36.58,-2.85124e-06,3.62727e-06
36.6,2.23472e-06,-2.51586e-06
36.62,1.49519e-07,-1.65831e-06
36.64,3.70916e-07,8.15811e-07
36.66,-1.90859e-06,1.06222e-06
36.68,9.74246e-07,-1.85019e-06
36.7,1.53292e-06,-9.95112e-07
36.72,-3.15428e-06,2.68013e-06
36.74,6.75551e-07,-9.66542e-07
36.76,1.04244e-06,-6.81498e-07
36.78,1.28549e-06,1.73996e-07
36.8,-3.78469e-06,1.95729e-06
36.82,2.66528e-06,-8.02323e-07
36.84,9.76522e-07,-5.51988e-07
36.86,-1.30014e-06,1.57787e-06
36.88,-3.83439e-07,1.35445e-06
36.9,2.30152e-06,-9.09653e-07
36.92,1.02594e-06,-6.46958e-07
36.94,-3.05399e-06,3.78377e-06
36.96,2.42688e-06,-9.61382e-07
36.98,3.69008e-07,-1.27686e-06
37,9.46019e-07,6.63957e-07
37.02,-2.86002e-06,1.42218e-06
37.04,1.95378e-06,-1.20816e-06
37.06,1.17307e-06,-1.01802e-06
37.08,-2.24158e-06,1.82188e-06
37.1,3.41286e-07,4.50057e-07
37.12,5.9694e-07,-1.56574e-06
37.14,8.0262e-07,2.08944e-07
37.16,-2.73623e-06,2.31239e-06
37.18,1.89716e-06,-1.7339e-06
37.2,1.54442e-06,-1.10259e-06
37.22,-7.77726e-07,7.81881e-07
37.24,-8.46861e-07,4.24653e-07
37.26,1.66022e-06,-1.50125e-06
37.28,1.70436e-06,-1.04984e-06
37.3,-3.71555e-06,3.06685e-06
37.32,3.06376e-06,-1.73926e-06
37.34,1.01677e-06,-1.04978e-06
37.36,1.48889e-06,4.05558e-07
37.38,-1.83634e-06,1.4121e-06
37.4,2.45014e-06,-1.44217e-06
37.42,1.30923e-06,-8.56798e-07
37.44,-1.33627e-06,1.55051e-06
37.46,2.65018e-07,-2.89699e-07
37.48,1.74681e-06,-1.52255e-06
37.5,1.05769e-06,-5.39593e-07
37.52,-2.39328e-06,2.1988e-06
37.54,1.98164e-06,-2.07192e-06
37.56,7.32344e-07,-1.48418e-06
37.58,-8.3598e-07,1.10475e-06
37.6,-2.26453e-06,-1.99877e-07
37.62,2.40883e-06,-1.03473e-06
37.64,7.06895e-07,-1.49861e-06
37.66,-5.12699e-06,2.3123e-06
37.68,3.03315e-06,-1.31935e-06
37.7,-4.76757e-07,-1.63416e-06
37.72,6.26688e-07,-3.0941e-10
37.74,-2.12564e-06,1.81661e-06
37.76,9.77261e-07,-2.28157e-06
37.78,1.96619e-07,-1.323e-06
37.8,-1.6502e-06,1.77385e-06
37.82,-9.46268e-07,-5.59127e-07
37.84,9.39133e-07,-1.60306e-06
37.86,1.10733e-06,-9.55184e-08
37.88,-3.55557e-06,2.20561e-06
37.9,1.49221e-06,-2.06714e-06
37.92,1.99244e-06,-9.27644e-07
37.94,-1.28072e-06,8.29165e-07
37.96,-1.33032e-06,3.30694e-07
37.98,2.10908e-06,-4.31088e-07
38,9.66423e-07,-8.03884e-07
38.02,-4.30679e-06,3.29479e-06
38.04,2.96256e-06,-1.3378e-06
38.06,2.46789e-07,-5.91344e-07
38.08,1.02233e-06,2.90673e-07
38.1,-1.5745e-06,1.9107e-06
38.12,1.43878e-06,-1.46745e-06
38.14,1.39829e-06,-1.21122e-06
38.16,-8.10495e-07,2.06443e-06
38.18,-2.25935e-07,-7.65656e-07
38.2,1.54737e-06,-1.88016e-06
38.22,1.56952e-06,-2.89172e-07
38.24,-3.38637e-06,2.29212e-06
38.26,1.5914e-06,-1.56497e-06
38.28,1.22134e-06,-1.80469e-06
38.3,-4.36196e-07,1.34412e-06
38.32,-1.0748e-06,-5.07652e-08
38.34,1.69859e-06,-1.67339e-06
38.36,1.9035e-06,-7.46591e-07
38.38,-4.82176e-06,2.43368e-06
38.4,3.22093e-06,-1.15094e-06
38.42,9.52944e-07,-9.49428e-07
38.44,-1.67752e-07,-3.48599e-07
38.46,-1.9577e-06,1.94076e-06
38.48,2.37914e-06,-1.25778e-06
38.5,3.45946e-07,-1.10527e-06
38.52,-1.4563e-06,2.03165e-06
38.54,-3.57067e-08,2.05342e-07
38.56,5.03213e-07,-1.93277e-06
38.58,1.72262e-06,-6.55982e-08
38.6,-2.89309e-06,2.29404e-06
38.62,1.23071e-06,-1.96184e-06
38.64,1.51905e-06,-1.31004e-06
38.66,-9.98713e-07,2.27173e-06
38.68,-1.95549e-06,1.05798e-07
38.7,1.91798e-06,-9.67392e-07
38.72,1.39218e-06,-3.14115e-08
38.74,-4.42236e-06,3.24786e-06
38.76,2.3594e-06,-9.84786e-07
38.78,1.06301e-06,-6.5017e-07
38.8,-5.97187e-07,1.52849e-07
38.82,-1.87015e-06,2.34536e-06
38.84,2.21136e-06,-1.35869e-06
38.86,2.48806e-07,-9.69128e-07
38.88,-1.62894e-06,2.64156e-06
38.9,-1.85035e-07,3.62099e-07
38.92,6.47043e-07,-9.31263e-07
38.94,1.47114e-06,3.33521e-07
38.96,-3.13481e-06,3.29438e-06
38.98,1.71144e-06,-7.8131e-07
39,1.45932e-06,-7.2745e-07
39.02,-2.19512e-07,1.33077e-06
39.04,-1.81154e-06,1.72799e-06
39.06,2.17272e-06,-8.64932e-07
39.08,5.81249e-07,-6.76175e-07
39.1,-3.40493e-06,4.59632e-06
39.12,1.78437e-06,-1.7078e-06
39.14,7.44878e-07,2.23784e-08
39.16,5.32585e-07,8.38181e-07
39.18,-2.80501e-06,1.76593e-06
39.2,1.98424e-06,-6.42784e-07
39.22,8.44776e-07,-9.71896e-07
39.24,-1.72239e-06,2.45077e-06
39.26,-2.96987e-07,7.28599e-07
39.28,1.12973e-06,-1.44165e-06
39.3,5.24027e-07,-6.82291e-08
39.32,-3.21869e-06,2.42499e-06
39.34,1.66932e-06,-1.17471e-06
39.36,4.34175e-07,-1.33776e-06
39.38,-6.91286e-07,9.60474e-07
39.4,-2.10174e-06,1.24963e-06
39.42,1.56914e-06,-1.72201e-06
39.44,6.29816e-07,-6.47349e-07
39.46,-4.12103e-06,3.40921e-06
39.48,2.27525e-06,-1.95054e-06
39.5,1.25964e-07,-6.12585e-07
39.52,1.16681e-06,-2.80872e-07
39.54,-2.52485e-06,2.05644e-06
39.56,2.00468e-06,-1.39848e-06
39.58,1.13673e-06,-1.11385e-06
39.6,-2.63669e-06,1.89402e-06
39.62,5.0004e-07,4.8543e-07
39.64,6.84807e-07,-1.2421e-06
39.66,-5.78982e-08,-1.0605e-06
39.68,-2.83681e-06,3.17099e-06
39.7,5.21417e-07,-2.10299e-06
39.72,4.14094e-07,-7.18945e-07
39.74,5.27834e-07,1.13376e-06
39.76,-2.55262e-06,4.82666e-07
39.78,1.23306e-06,-1.52188e-06
39.8,1.15507e-06,-6.65412e-07
39.82,-4.83088e-06,3.23116e-06
39.84,1.6108e-06,-2.16563e-06
39.86,4.89329e-07,-6.37711e-07
39.88,2.49685e-07,5.15421e-07
39.9,-3.19946e-06,1.01746e-06
39.92,2.6463e-06,-7.87644e-07
39.94,-2.17804e-07,-7.13255e-07
39.96,-1.67854e-06,1.99726e-06
39.98,2.98551e-07,7.50026e-07
40,8.0942e-07,-1.11991e-06
40.02,2.80979e-07,-2.3428e-07
40.04,-2.61429e-06,2.9041e-06
40.06,1.44606e-06,-1.2741e-06
40.08,5.11455e-07,-1.18748e-06
40.1,-4.28024e-07,2.11487e-06
40.12,-1.93438e-06,5.39712e-07
40.14,1.59117e-06,-1.15068e-06
40.16,1.72209e-06,-6.7685e-07
40.18,-4.35544e-06,3.63876e-06
40.2,2.09728e-06,-1.92422e-06
40.22,-3.16461e-07,-1.19731e-06
40.24,1.45132e-06,3.76234e-07
40.26,-3.48311e-06,1.27749e-06
40.28,2.2937e-06,-1.44468e-06
40.3,1.01134e-06,-6.82006e-07
40.32,-2.2694e-06,9.72144e-07
40.34,6.76118e-07,4.00239e-07
40.36,1.4352e-06,-1.39156e-06
40.38,-1.45003e-07,-2.66711e-07
40.4,-2.37679e-06,2.00599e-06
40.42,1.7112e-06,-1.69393e-06
40.44,-1.07584e-07,-1.12389e-06
40.46,-8.70304e-07,1.44111e-06
40.48,-1.30086e-06,8.88729e-07
40.5,8.91735e-08,-2.09946e-06
40.52,1.33044e-06,-3.61055e-07
40.54,-5.08071e-06,3.51305e-06
40.56,1.31737e-06,-1.83907e-06
40.58,9.47013e-07,-4.4116e-07
40.6,1.53765e-07,1.54549e-08
40.62,-3.23844e-06,1.62346e-06
40.64,1.8498e-06,-1.21613e-06
40.66,1.0307e-06,-1.20669e-06
40.68,-2.43562e-06,1.59414e-06
40.7,-1.51952e-08,-5.27839e-07
40.72,1.10172e-06,-1.10276e-06
40.74,7.57426e-10,-6.75813e-07
40.76,-2.78686e-06,2.44992e-06
40.78,7.35754e-07,-2.1169e-06
40.8,1.18488e-06,-8.10166e-07
40.82,-1.17268e-06,1.41704e-06
40.84,-1.53341e-06,4.29255e-07
40.86,1.50266e-06,-8.54795e-07
40.88,4.34662e-07,-1.23455e-06
40.9,-4.02454e-06,3.52337e-06
40.92,2.1442e-06,-2.0719e-06
40.94,5.47181e-07,-1.32799e-06
40.96,5.12612e-07,5.53791e-07
40.98,-2.78474e-06,1.74709e-06
41,1.84756e-06,-9.74625e-07
41.02,8.54992e-07,-1.21439e-06
41.04,-2.70512e-06,1.92375e-06
41.06,-6.31359e-07,-4.46415e-07
41.08,9.54573e-07,-1.47078e-06
41.1,-6.40383e-09,-1.65128e-07
41.12,-3.29653e-06,1.8206e-06
41.14,1.26925e-06,-1.61429e-06
41.16,6.03827e-07,-1.15092e-06
41.18,-1.55909e-06,9.78389e-07
41.2,-1.62343e-06,5.04569e-07
41.22,9.70617e-07,-1.5067e-06
41.24,-2.11975e-07,-1.61679e-06
41.26,-3.38878e-06,3.31944e-06
41.28,4.90099e-07,-1.97159e-06
41.3,-3.46374e-08,-1.82783e-06
41.32,1.41175e-06,2.29884e-07
41.34,-3.3618e-06,1.05728e-06
41.36,1.73904e-06,-1.44213e-06
41.38,1.84256e-06,-1.77065e-06
41.4,-3.40192e-06,2.50944e-06
41.42,1.17282e-06,-1.28573e-06
41.44,1.72925e-06,-1.35743e-06
41.46,5.93784e-07,-5.49075e-07
41.48,-3.21757e-06,1.38641e-06
41.5,2.80197e-06,-1.66095e-06
41.52,2.35469e-07,-1.09263e-06
41.54,-6.7083e-07,7.20215e-07
41.56,-3.87659e-07,8.15144e-07
41.58,1.57913e-06,-1.97038e-06
41.6,6.31812e-07,-1.05712e-06
41.62,-2.49843e-06,3.34421e-06
41.64,1.54598e-06,-1.81512e-06
41.66,7.46331e-07,-1.65492e-06
41.68,6.3829e-07,1.39139e-06
41.7,-2.60234e-06,7.19767e-07
41.72,1.44304e-06,-1.60558e-06
41.74,1.81971e-06,-8.31198e-07
41.76,-3.22419e-06,2.23251e-06
41.78,5.40954e-07,-1.0523e-06
41.8,2.56975e-07,-1.66551e-06
41.82,1.08169e-06,1.52737e-07
41.84,-4.10637e-06,2.02821e-06
41.86,2.37526e-06,-1.57222e-06
41.88,9.1144e-07,-1.05704e-06
41.9,-1.55835e-06,8.66436e-07
41.92,-5.9657e-07,8.05168e-07
41.94,2.43587e-06,-1.62297e-06
41.96,-1.45167e-07,-8.81768e-07
41.98,-2.5799e-06,3.26389e-06
42,2.56901e-06,-1.75234e-06
42.02,5.28699e-07,-1.24564e-06
42.04,7.6216e-07,8.68697e-07
42.06,-8.9468e-07,1.69263e-06
42.08,1.2131e-06,-1.89787e-06
42.1,1.81856e-06,-5.07157e-07
42.12,-2.53353e-06,2.44844e-06
42.14,2.21881e-07,-1.39712e-06
42.16,1.64974e-06,-5.27664e-07
42.18,1.08497e-06,-4.67148e-08
42.2,-3.78737e-06,2.08363e-06
42.22,2.43386e-06,-1.17835e-06
42.24,1.16635e-06,-1.17424e-07
42.26,-1.15425e-06,1.42818e-06
42.28,-7.49908e-07,1.27508e-06
42.3,1.42151e-06,-1.24947e-06
42.32,1.0097e-06,3.5141e-07
42.34,-3.5917e-06,3.6725e-06
42.36,1.47884e-06,-1.49429e-06
42.38,8.21319e-07,-3.72979e-07
42.4,-6.56548e-07,5.95052e-07
42.42,-1.98231e-06,1.83391e-06
42.44,1.24643e-06,-1.52775e-06
42.46,6.09729e-07,-1.2017e-06
42.48,-2.91376e-06,3.02795e-06
42.5,4.42974e-07,-1.38167e-06
42.52,9.30132e-07,-8.38253e-07
42.54,9.97804e-07,-7.26473e-07
42.56,-3.44279e-06,2.27014e-06
42.58,1.77056e-06,-1.79535e-06
42.6,6.87285e-07,-1.69318e-06
42.62,-1.41672e-06,1.55973e-06
42.64,-9.77295e-07,-1.05459e-07
42.66,1.32563e-06,-1.56767e-06
42.68,4.59122e-07,-7.83105e-07
42.7,-4.29073e-06,2.1939e-06
42.72,1.88359e-06,-2.16093e-06
42.74,1.23374e-07,-1.37641e-06
42.76,-1.33633e-06,-3.97408e-07
42.78,-1.12591e-06,1.33059e-06
42.8,1.13274e-06,-1.59916e-06
42.82,2.86636e-07,-1.26303e-06
42.84,-2.00408e-06,2.68327e-06
42.86,3.79611e-08,-1.60712e-06
42.88,4.75511e-07,-1.1695e-06
42.9,1.79738e-06,-7.57989e-07
42.92,-4.0304e-06,1.46911e-06
42.94,1.48484e-06,-1.48306e-06
42.96,8.13722e-07,-1.29326e-06
42.98,-1.74279e-06,9.01609e-07
43,-1.55222e-06,-1.6596e-07
43.02,1.82823e-06,-1.61233e-06
43.04,-2.71807e-07,-5.2609e-07
43.06,-4.19291e-06,2.32437e-06
43.08,1.99556e-06,-1.24194e-06
43.1,-8.91002e-08,-1.82074e-06
43.12,-1.20751e-06,4.75462e-07
43.14,-1.97822e-06,1.15894e-06
43.16,4.73477e-07,-2.15182e-06
43.18,1.69943e-07,-1.37267e-06
43.2,-2.7873e-06,2.71062e-06
43.22,-2.4924e-07,-1.90202e-06
43.24,-4.60244e-07,-1.65241e-06
43.26,1.14435e-06,-4.75707e-07
43.28,-4.20953e-06,2.15661e-06
43.3,8.46299e-07,-2.2582e-06
43.32,9.51855e-08,-1.85388e-06
43.34,-9.32248e-07,1.48362e-06
43.36,-2.00074e-06,8.6343e-09
43.38,8.00118e-07,-1.54834e-06
43.4,5.9438e-07,-2.89711e-07
43.42,-5.51655e-06,2.16281e-06
43.44,2.54906e-06,-9.77821e-07
43.46,3.46198e-07,-9.72954e-07
43.48,-1.28525e-06,6.11608e-07
43.5,-1.53843e-06,1.52446e-06
43.52,1.57852e-06,-1.17408e-06
43.54,2.46076e-07,-1.02771e-06
43.56,-2.78935e-06,2.48233e-06
43.58,1.27329e-06,-5.8675e-07
43.6,-2.8598e-07,-1.5913e-06
43.62,1.05784e-06,1.16823e-07
43.64,-2.9235e-06,2.51027e-06
43.66,1.29523e-06,-1.91929e-06
43.68,4.47679e-06,-4.33419e-06
43.7,3.72909e-06,-2.28853e-06
43.72,1.89689e-06,-1.44078e-06
43.74,4.63487e-06,-2.77482e-06
43.76,6.38275e-06,-2.94189e-06
43.78,1.61789e-06,3.88329e-07
43.8,8.23699e-05,-0.000562141
43.82,-0.000676436,-0.00157114
43.84,0.0014502,0.000477842
43.86,0.00385715,0.00162572
43.88,0.00319317,0.00483586
43.9,0.00259063,0.000249277
43.919,0.000577418,-0.000466952
43.94,-0.00176348,-0.00257808
43.96,-9.02913e-05,0.00123579
43.98,-0.00770347,0.00520605
44,-0.00894749,0.00691157
44.02,-0.00958168,0.0102546
44.04,-0.00772703,0.00777416
44.06,-0.00683113,0.00833638
44.08,-0.0127509,0.0112994
44.1,-0.0146238,0.0154838
44.12,-0.0156726,0.0165861
44.14,-0.0182806,0.0195699
44.16,-0.0130065,0.0185924
44.18,0.00590792,0.00775088
44.2,0.0243818,-0.00552488
44.22,0.0266746,-0.00423823
44.24,0.014744,0.0103659
44.26,0.0244099,0.00518178
44.28,0.0183533,0.00055953
44.3,0.0110239,0.00192135
44.32,0.0200686,0.00414261
44.34,0.0214257,0.00898427
44.36,0.0217874,0.00932572
44.38,0.0207361,0.0115226
44.4,0.0243906,0.0124256
44.42,0.0136745,0.00572822
44.44,-0.00156707,-0.0085783
44.46,-0.0197354,-0.0283885
44.48,-0.0126842,-0.0274998
44.5,0.00141761,-0.0206932
44.52,-0.0053592,-0.00933605
44.54,-0.0181555,-0.00228333
44.56,-0.014766,-0.00113052
44.58,-0.00679468,-0.0041149
44.6,-0.00836926,-0.00318924
44.62,-0.0136238,0.00232807
44.64,-0.0144701,0.00365152
44.66,-0.0106387,0.00339741
44.68,0.000800425,-0.00304606
44.7,0.015307,-0.00909745
44.72,-0.00229081,0.0027174
44.74,0.0052161,-0.00134323
44.76,0.00303525,-0.00614866
44.78,-0.00544043,-0.00622029
44.8,-0.000329762,-0.00461523
44.82,0.00311225,-0.00256075
44.84,-0.00211784,-0.00457662
44.86,-0.0023876,-0.00607007
44.88,-3.35191e-05,-0.00714111
44.9,0.00178178,-0.00183417
44.92,0.00294089,-0.000309396
44.94,-0.00306879,-0.00654108
44.96,-0.00476924,-0.00787166
44.98,-0.00183779,-0.000306055
45,-0.00878171,0.00203427
45.02,-0.00848268,0.00296898
45.04,-0.00639938,0.00358693
45.06,-0.00870592,0.00541258
45.08,-0.0112821,0.00811925
45.1,-0.0123628,0.0100563
45.12,-0.0135159,0.0117329
45.14,-0.0165895,0.014899
45.16,-0.0191759,0.0177557
45.18,-0.00505355,0.00745014
45.2,0.0120579,-0.0131308
45.22,0.00854941,-0.0223004
45.24,-0.00777711,-0.0134039
45.26,0.0029763,-0.0085438
45.28,0.0089879,-0.00856912
45.3,-0.000275469,-0.00864386
45.32,-0.00346511,-0.0109602
45.34,-0.00065018,-0.0101517
45.36,0.000260638,-0.00833299
45.38,-0.000774112,-0.00719312
45.4,-0.00277033,-0.0108799
45.42,-0.00220228,-0.00902897
45.44,0.0100973,0.00220938
45.46,0.00655282,0.00940183
45.48,-0.00960725,0.00647277
45.5,0.00257347,0.00473574
45.52,-0.000262218,0.00753246
45.54,-0.00970233,0.0115142
45.56,-0.0101752,0.0143539
45.58,-0.00727791,0.0112772
45.6,-0.00869654,0.01376
45.62,-0.0166282,0.0192955
45.64,-0.0191659,0.0219191
45.66,-0.00901052,0.0176749
45.68,0.0104452,0.00552911
45.7,0.0268699,-0.00923463
45.72,0.0254475,-0.00832049
45.74,0.0108938,0.00678771
45.76,0.0224338,0.00119779
45.78,0.0161101,-0.00365135
45.8,0.0064886,-0.00303322
45.82,0.0147063,-0.00173466
45.84,0.0162866,0.0026858
45.86,0.0155191,0.00323015
45.88,0.0164848,0.00632585
45.9,0.0220294,0.00905253
45.92,0.0163591,0.00801476
45.94,0.00124616,0.000291245
45.96,-0.0182632,-0.0122725
45.98,-0.0152527,-0.0152366
46,-0.00236352,-0.00943002
46.02,-0.00624062,-0.0025337
46.04,-0.0170955,-0.00154376
46.06,-0.007113,0.000217365
46.08,-0.00688948,-4.06913e-05
46.1,-0.0137768,0.0050768
46.12,-0.0151451,0.00770364
46.14,-0.012364,0.00635563
46.16,-0.0135137,0.00947264
46.18,0.00237227,0.00171496
46.2,0.0215358,-0.00980445
46.22,0.018299,-0.00348667
46.24,0.00782483,0.00901462
46.26,0.0210039,0.00271478
46.28,0.0121212,-0.00166235
46.3,0.00231727,-0.00160686
46.32,0.0133081,0.00133768
46.34,0.0142836,0.00588158
46.36,0.0116602,0.00425735
46.38,0.0105496,0.000694034
46.4,0.0171467,0.00857619
46.42,0.015976,0.00985115
46.44,0.000878484,-0.0031306
46.46,-0.0174428,-0.0211361
46.48,-0.0126569,-0.0229183
46.5,0.00153458,-0.0151659
46.52,-0.0066904,-0.00783431
46.54,-0.0126989,-0.00737655
46.56,0.000952386,-0.00905489
46.58,0.00138324,-0.0118317
46.6,-0.00408826,-0.00652367
46.62,-0.00682496,-0.00348568
46.64,-0.00253264,-0.00550081
46.66,-0.00092101,-0.00535632
46.68,-0.00494896,-0.000967254
46.7,-0.00214855,0.00679326
46.72,0.00602806,0.00143708
46.74,-0.00183291,0.00239801
46.76,0.00340194,0.0046793
46.78,0.0126936,0.0100039
46.8,0.0122681,0.0126065
46.82,0.00864731,0.00981704
46.84,0.0106963,0.00972528
46.86,0.0167161,0.0148436
46.88,0.0259947,0.0225562
46.9,0.0203885,0.0206063
46.92,0.00850114,0.00816354
46.94,-0.00564622,-0.00838927
46.96,-0.0240535,-0.0308228
46.98,-0.00777546,-0.0271763
47,0.0041478,-0.0172921
47.02,-0.00645681,-0.0129352
47.04,-0.00635894,-0.0140669
47.06,0.00357129,-0.0149649
47.08,0.00168328,-0.0167544
47.1,0.000387528,-0.0125418
47.12,-0.000388566,-0.0114515
47.14,0.00354208,-0.0128448
47.16,0.00486954,-0.0129708
47.18,-0.00964044,-0.0017979
47.2,-0.0279544,0.0126198
47.22,-0.0060837,0.00562072
47.24,0.00233961,0.00320298
47.26,-0.0106872,0.00594332
47.28,-0.00425422,0.00449692
47.3,0.00138277,0.00708043
47.32,0.00206771,0.00851296
47.34,0.00314843,0.00834273
47.36,0.00594488,0.0107878
47.38,0.0112758,0.015776
47.4,0.0157112,0.0168022
47.42,0.00952508,0.0132421
47.44,-0.00498223,-0.000982904
47.46,-0.0204917,-0.019549
47.48,-0.009421,-0.0167094
47.5,0.00189054,-0.00826782
47.52,-0.0102952,-0.000517975
47.54,-0.0154563,0.00153312
47.56,-0.00721914,2.24084e-05
47.58,-0.00497466,-0.00108608
47.6,-0.0098858,0.00265405
47.62,-0.0105351,0.0037209
47.64,-0.0068229,0.00201254
47.66,-0.00672418,0.00315508
47.68,-0.00633958,0.00315524
47.7,0.0162761,-0.00215867
47.72,0.00739112,0.0105087
47.74,0.00963952,0.00966384
47.76,0.0078856,0.00316647
47.78,0.00125468,0.00286008
47.8,0.00791983,0.00545932
47.82,0.0110445,0.00817703
47.84,0.00714044,0.00654457
47.86,0.00787885,0.00615448
47.88,0.014464,0.00778015
47.9,0.0187585,0.0142838
47.92,-0.00118218,0.010928
47.94,-0.0180769,0.00174674
47.96,-0.0352514,-0.00826142
47.98,-0.0251672,0.00179924
48,-0.0212969,0.0110301
48.02,-0.0248365,0.00420786
48.04,-0.0146645,0.00110217
48.06,-0.0130185,0.00389522
48.08,-0.020494,0.0066739
48.1,-0.0181665,0.00907795
48.12,-0.0171357,0.0093099
48.14,-0.020395,0.012419
48.16,-0.0173653,0.0128788
48.18,-0.00337217,0.000642283
48.2,0.0111493,-0.0196189
48.22,0.0120286,-0.0304623
48.24,-0.00444376,-0.0253011
48.26,-0.00654294,-0.0221038
48.28,0.00104866,-0.0247458
48.3,-0.0064008,-0.0206928
48.32,-0.00890514,-0.0219622
48.34,-0.0110672,-0.024133
48.36,-0.0125222,-0.0247542
48.38,-0.0121513,-0.0220008
48.4,-0.0118444,-0.0246506
48.42,-0.00368467,-0.0143229
48.44,0.0114779,0.00350892
48.46,0.0231313,0.0218877
48.48,0.00494656,0.0129738
48.5,0.00364882,0.00175907
48.52,0.0185509,-0.00261308
48.54,0.0190711,0.000656859
48.56,0.00498418,0.00402899
48.58,0.00405535,0.00604393
48.6,0.00720943,0.00376581
48.62,0.00559182,0.00433319
48.64,0.000102459,0.00831143
48.66,-0.00118978,0.0090153
48.68,0.00455972,0.00542088
48.7,0.0221084,0.00168294
48.72,0.0131502,0.0155132
48.74,0.0202188,0.0161559
48.76,0.0210641,0.0123256
48.78,0.0153021,0.0152763
48.8,0.0230337,0.0154663
48.82,0.0218749,0.0174374
48.84,0.0234237,0.0186952
48.86,0.0256986,0.0203488
48.88,0.0338596,0.0282507
48.9,0.0354649,0.0311821
48.92,0.0227309,0.0187398
48.94,0.00753339,0.000839486
48.96,-0.0129712,-0.0214942
48.98,-0.0221918,-0.0343841
49,-0.00954053,-0.0365391
49.02,0.00158657,-0.0331156
49.04,0.009339,-0.0249085
49.06,-0.00606677,-0.0213197
49.08,-0.0011881,-0.0193176
49.1,0.00809268,-0.021314
49.12,0.00718679,-0.023686
49.14,0.00533493,-0.0206242
49.16,0.000177088,-0.0144277
49.18,-0.0148488,0.00307304
49.2,-0.0357685,0.0251685
49.22,-0.00874946,0.0208461
49.24,0.0136995,0.0140722
49.26,0.00039793,0.0114984
49.28,-0.00874577,0.00910989
49.3,0.000743526,0.00863253
49.32,0.00573971,0.0150677
49.34,0.00359026,0.0123574
49.36,-0.000828939,0.00765846
49.38,0.00240177,0.00651293
49.4,0.00823726,0.0123434
49.42,0.00781892,0.0132338
49.44,-0.00659366,0.000768702
49.46,-0.0240637,-0.0154583
49.48,-0.0158822,-0.0177574
49.5,-0.00150873,-0.0121102
49.52,-0.00769039,-0.00631571
49.54,-0.0132034,-0.00602168
49.56,-0.00113326,-0.00781398
49.58,0.00111148,-0.0114523
49.6,-0.00232336,-0.00767416
49.62,-0.00540506,-0.00481463
49.64,-0.000773138,-0.00703821
49.66,0.00235331,-0.00845115
49.679,-0.00306135,-0.00266788
49.7,-0.0134172,0.00783644
49.72,-0.000912038,0.00649765
49.74,0.00211704,0.00336392
49.76,-0.00844556,0.0032464
49.78,-0.0022626,0.00266893
49.8,0.00392688,0.00698909
49.82,0.00397185,0.00790242
49.84,-0.000246292,0.00399832
49.86,0.00139207,0.00386233
49.88,0.00973623,0.0114286
49.9,0.0129311,0.0127872
49.92,0.00468466,0.00819814
49.94,-0.00336992,-0.00162432
49.96,-0.0193688,-0.0170814
49.98,-0.0055808,-0.010208
50,-0.00291313,-0.00148324
50.02,-0.0125097,-0.00302638
50.04,-0.00869536,0.000821388
50.06,-0.00849219,0.00104782
50.08,-0.00730862,-0.000434721
50.1,-0.00735411,0.00196166
50.12,-0.0114152,0.00533635
50.14,-0.0126072,0.00756401
50.16,-0.0108014,0.00767953
50.18,-0.00400353,0.00461876
50.2,0.016268,-0.00730437
50.22,0.0106793,-0.000746197
50.24,0.00252859,0.0100192
50.26,0.0138385,0.00382262
50.28,0.0071341,0.00410175
50.3,0.00625232,0.0048043
50.32,0.0132645,0.00621693
50.34,0.0133847,0.00957736
50.36,0.0143663,0.00990453
50.38,0.0173307,0.0131354
50.4,0.0236232,0.01774
50.42,0.0198814,0.0168922
50.44,0.00857272,0.00883321
50.46,-0.0127497,-0.00714487
50.48,-0.0296118,-0.0228495
50.5,-0.0120343,-0.020013
50.52,-0.00185629,-0.0119196
50.54,-0.0142143,-0.00449803
50.56,-0.0165396,-0.00397677
50.58,-0.00409087,-0.00664558
50.6,-0.00334724,-0.0087204
50.62,-0.00846738,-0.00423052
50.64,-0.00813584,-0.00325704
50.66,-0.00407191,-0.00515554
50.68,-0.00288644,-0.00734646
50.7,-9.05419e-05,-0.00595312
50.72,0.0067825,0.00361977
50.74,0.00987128,0.0109221
50.76,0.0139134,0.0118326
50.78,0.0101763,0.00768222
50.8,0.0113237,0.00936546
50.82,0.0170211,0.0136011
50.84,0.0146817,0.0129153
50.86,0.0146978,0.0131119
50.88,0.0223384,0.016858
50.9,0.0303316,0.0244089
50.92,0.0170031,0.0227016
50.94,0.00540135,0.01601
50.96,-0.0086477,0.00589813
50.98,-0.032263,-0.0112105
51,-0.0337867,-0.0211732
51.02,-0.012141,-0.0175213
51.04,-0.00834598,-0.0157114
51.06,-0.0106683,-0.0197488
51.08,-0.000312668,-0.0201321
51.1,0.00177991,-0.0200225
51.12,0.000264014,-0.0188111
51.14,0.00336776,-0.0185135
51.16,0.00570367,-0.0201699
51.18,0.00451187,-0.0159943
51.2,-0.00521648,-0.000554355
51.22,-0.0150927,0.0166132
51.24,0.0054784,0.00767691
51.26,-0.000654994,-0.0042025
51.28,-0.0220199,-0.0091382
51.3,-0.0188885,-0.01044
51.32,-0.00716601,-0.00490308
51.34,-0.00379854,-0.000483873
51.36,-0.0111065,-0.00645733
51.38,-0.0137323,-0.00856985
51.4,-0.00815987,-0.00735248
51.42,-0.00557239,-0.00435711
51.44,-0.00439798,-0.00300658
51.46,0.00615698,0.00494538
51.48,-0.0064424,-0.00154887
51.5,-0.00177475,-0.000263869
51.52,0.00504681,0.000677556
51.54,0.00181017,-0.00400994
51.56,0.00446642,-0.00285584
51.58,0.000847888,-0.0014953
51.6,-0.00123215,0.000468552
51.62,0.000618085,0.000576266
51.64,0.000896374,0.000792206
51.66,-0.000669625,0.00171581
51.68,-0.00114495,0.000211098
51.7,-0.00366592,0.00445067
51.72,0.00830345,0.00630116
51.74,0.00808736,0.00957065
51.76,0.0052581,0.0103689
51.78,0.00970704,0.0104875
51.8,0.00954745,0.0102892
51.82,0.0113844,0.0110055
51.84,0.015767,0.0151581
51.86,0.0198788,0.0181641
51.88,0.0228082,0.021861
51.9,0.0269869,0.0247769
51.92,0.015962,0.0174414
51.94,0.00205157,0.00233841
51.96,-0.0149278,-0.018688
51.98,-0.0188453,-0.0273938
52,-0.00341382,-0.0240366
52.02,0.000787204,-0.0157896
52.04,-0.0116209,-0.00651902
52.06,-0.0159602,-0.000719509
52.08,-0.0101232,-0.00361278
52.1,-0.00249303,-0.00714504
52.12,-0.00799192,-0.00345717
52.14,-0.0112467,0.000248285
52.16,-0.00751986,-0.000967953
52.18,-0.00494337,-0.00368015
52.2,0.000176074,-0.00113046
52.22,0.00847843,0.0067832
52.24,0.00991372,0.0134308
52.26,0.0091974,0.0101006
52.28,0.00683756,0.00635167
52.3,0.00773144,0.00933285
52.32,0.0142606,0.0124723
52.34,0.0126778,0.0129942
52.36,0.0120368,0.0120462
52.38,0.0176957,0.0146409
52.4,0.0248717,0.0202023
52.42,0.0133676,0.0194
52.44,0.000165637,0.00890681
52.46,-0.0145973,-0.00852647
52.48,-0.0316858,-0.0291436
52.5,-0.00820824,-0.0248109
52.52,-0.00141268,-0.0168
52.54,-0.0151585,-0.0122047
52.56,-0.00649436,-0.0140879
52.58,0.00717937,-0.0216578
52.6,0.00711436,-0.0222461
52.62,0.00179075,-0.017615
52.64,0.00469048,-0.0185281
52.66,0.0130467,-0.0237925
52.68,0.0102021,-0.0191131
52.7,-0.00687514,-0.00196435
52.72,-0.0274925,0.0190679
52.74,-0.00627013,0.0144699
52.76,0.0026754,0.0027857
52.78,-0.0180465,-0.00514753
52.8,-0.0265109,-0.00806772
52.82,-0.0136696,-0.00620202
52.84,-0.00896484,-0.000387773
52.859,-0.0132764,-0.00410992
52.88,-0.0171584,-0.00716435
52.9,-0.0112224,-0.00643802
52.92,-0.00742274,-0.0031049
52.94,-0.00445431,0.00046597
52.96,0.00662625,0.0102939
52.98,-0.00898965,0.00515983
53,-0.00554269,0.00438624
53.02,0.000619216,0.00742888
53.04,-0.00847476,0.00750263
53.06,-0.00823873,0.0115543
53.08,-0.00813092,0.00908305
53.1,-0.00591429,0.00916676
53.12,-0.0108708,0.0132614
53.14,-0.0150113,0.0163973
53.16,-0.0134649,0.0165434
53.18,-0.000905796,0.0108354
53.2,0.0145149,-0.00200467
53.22,0.0222459,-0.00964603
53.24,0.0019879,0.00661382
53.26,0.013232,0.0057985
53.28,0.0153964,-0.000929355
53.3,-0.00113912,-0.00414419
53.32,0.00237808,-0.00535308
53.34,0.0115363,0.00182083
53.36,0.0133062,0.00528283
53.38,0.00744674,0.00324464
53.4,0.00950162,0.00202893
53.42,0.012991,0.00591536
53.44,0.00719368,0.00344544
53.46,-0.00739832,-0.00469928
53.48,-0.0141718,-0.0121375
53.5,-0.00316062,-0.00797101
53.52,-0.00342663,-0.00116583
53.54,-0.0143787,-0.00122883
53.56,-0.00550038,0.000724813
53.58,-0.00441308,-0.000890309
53.6,-0.00804018,0.00199972
53.62,-0.00916609,0.00399562
53.64,-0.00825491,0.00424287
53.66,-0.0113107,0.00695415
53.68,-0.0103915,0.00920357
53.7,0.0119854,0.000849115
53.72,0.0271549,-0.00202791
53.74,0.00832361,0.0121661
53.76,0.0139286,0.00715531
53.78,0.0127299,-0.000734673
53.8,-0.000101636,-0.000140225
53.82,0.0105515,0.00245206
53.84,0.0135229,0.00719751
53.86,0.0103375,0.00558977
53.88,0.00903964,0.00216574
53.9,0.0139327,0.00697117
53.92,0.0194339,0.0125602
53.94,0.00739669,0.00481711
53.96,-0.0124024,-0.0112992
53.98,-0.0237637,-0.0236824
54,-0.00555713,-0.0183975
54.02,0.000884975,-0.00852346
54.04,-0.0168243,-0.00338472
54.06,-0.0124941,-0.00220121
54.08,-0.00195562,-0.00579419
54.1,-0.00588035,-0.00464099
54.12,-0.0128148,0.00220455
54.14,-0.0133431,0.00401648
54.16,-0.00839248,0.00157452
54.18,-0.00933659,0.00459196
54.2,-0.00119717,-0.00493575
54.22,0.00173486,-0.0159652
54.24,-0.00702403,-0.00390978
54.26,0.00811027,0.00119315
54.28,0.00919784,-0.000850185
54.3,8.5501e-05,-0.000725152
54.32,0.00050483,-0.00249952
54.34,0.00405376,-0.000135515
54.36,0.00726812,0.00275042
54.38,0.00667444,0.00391374
54.4,0.00697383,0.00298732
54.42,0.00967567,0.00558469
54.44,0.00488227,0.00315365
54.46,-0.00999507,-0.00927271
54.48,-0.00511517,-0.0103877
54.5,-0.000851878,-0.00252225
54.52,-0.0101348,0.000749231
54.54,-0.0089063,0.00251622
54.56,-0.00708699,0.00238909
54.58,-0.00696235,0.00162467
54.6,-0.00826872,0.00426509
54.62,-0.012585,0.0087183
54.64,-0.014293,0.0109012
54.66,-0.0127741,0.0113073
54.68,-0.00455192,0.00873903
54.7,0.0110083,-0.00342736
54.72,0.0199414,-0.00961298
54.74,0.00261934,0.00641779
54.76,0.0154554,0.00438953
54.78,0.0135339,0.000900833
54.8,0.00250777,-0.000814599
54.82,0.00619489,-0.00259207
54.84,0.00997601,0.00303899
54.86,0.0127707,0.00536964
54.88,0.00908025,0.0045916
54.9,0.012156,0.00482514
54.92,0.0151428,0.00842795
54.94,0.00939607,0.0045457
54.96,-0.00532373,-0.010431
54.98,-0.0137462,-0.0223153
55,0.000556999,-0.0188279
55.02,0.00529031,-0.0110504
55.04,-0.0125786,-0.0060209
55.06,-0.00936855,-0.0021025
55.08,-0.00133674,-0.00581253
55.1,-0.0015069,-0.00618848
55.12,-0.00792993,-0.000859414
55.14,-0.00832017,0.000516141
55.16,-0.00450676,-0.00140375
55.18,-0.00479937,-0.00200344
55.2,-0.0015172,-0.000148137
55.22,0.0119078,0.00231758
55.24,0.00848572,0.0103962
55.26,0.0083826,0.0101493
55.28,0.00992085,0.00660502
55.3,0.00888806,0.00924687
55.32,0.0143059,0.0113318
55.34,0.0130055,0.0118266
55.36,0.0131711,0.0120477
55.38,0.0185296,0.0134795
55.4,0.0241673,0.020325
55.419,0.0186662,0.0222887
55.44,0.00320995,0.0156036
55.46,-0.0113906,0.00514793
55.48,-0.0327417,-0.0128871
55.5,-0.0270139,-0.0184293
55.52,-0.00600666,-0.0133533
55.54,-0.00693495,-0.010638
55.56,-0.0120117,-0.0146006
55.58,0.00198287,-0.0156802
55.6,0.00260881,-0.0168969
55.62,8.75996e-05,-0.0150356
55.64,0.00216112,-0.0143057
55.66,0.00533966,-0.016785
55.68,0.00674433,-0.0168237
55.7,-0.00219058,-0.00346188
55.72,-0.0149888,0.0153767
55.741,0.00763269,0.00996918
55.76,0.00546862,-0.0015809
55.78,-0.0190207,-0.00795947
55.8,-0.0180744,-0.0101477
55.82,-0.00550924,-0.00406489
55.84,-0.000142241,0.000829378
55.86,-0.0100801,-0.00569876
55.88,-0.0126916,-0.00791763
55.9,-0.00476674,-0.00500898
55.92,-0.00188869,-0.00112663
55.94,-0.00596086,-0.0048104
55.96,0.00395801,0.000227259
55.98,-0.00520491,0.0012245
56,-0.00607937,0.00173585
56.02,-0.000205003,0.00362385
56.04,-0.00247501,0.000611497
56.06,-0.000690695,0.00159336
56.08,-0.00451236,0.00276171
56.1,-0.00526281,0.00422478
56.12,-0.00432289,0.00533489
56.14,-0.00557475,0.00638497
56.16,-0.00697132,0.00775734
56.18,-0.0070364,0.00672409
56.2,0.00748549,0.00244984
56.22,0.0190702,0.000978172
56.24,0.00737084,0.0122714
56.26,0.0143332,0.00846205
56.28,0.0130136,0.00771356
56.3,0.00891662,0.00771261
56.32,0.0122917,0.00668623
56.34,0.0137574,0.00952088
56.36,0.0164204,0.0114738
56.38,0.0184919,0.0151594
56.4,0.0227606,0.0172206
56.42,0.0191841,0.0165116
56.44,0.00808205,0.00493175
56.46,-0.00592795,-0.0116206
56.48,-0.0190378,-0.0266998
56.5,-0.00596593,-0.0232942
56.52,0.00136859,-0.0151252
56.54,-0.0126531,-0.00765664
56.56,-0.0122125,-0.00727297
56.58,0.000665903,-0.0104535
56.6,-0.000858162,-0.0110443
56.62,-0.00715238,-0.00580352
56.64,-0.00553298,-0.00527294
56.66,-0.00157425,-0.00785975
56.68,-0.00221228,-0.00905885
56.7,-0.00391544,-0.00305312
56.72,-0.00862189,0.00531836
56.74,0.000503076,0.00108688
56.76,-0.00503784,-0.000960622
56.78,-0.00908224,-0.00105617
56.8,0.00019571,0.00209946
56.82,0.00297859,0.00590407
56.84,0.00169437,0.00427651
56.86,0.00229377,0.00338824
56.88,0.00714628,0.00545389
56.9,0.00981326,0.00964419
56.92,0.0131099,0.0121781
56.94,0.00305108,0.00683198
56.96,-0.0134788,-0.00591466
56.98,-0.0186301,-0.0134584
57,-0.00143652,-0.00869967
57.02,-0.00134361,-0.0018904
57.04,-0.0165447,0.000890705
57.06,-0.00914669,0.0029293
57.08,-0.00333149,-0.00223671
57.1,-0.0036221,-0.00203573
57.12,-0.00815526,0.00228948
57.14,-0.00908015,0.00345863
57.16,-0.004874,0.0015766
57.18,-0.00471148,0.00419667
57.2,-0.00199993,0.00364195
57.22,0.00687308,-0.00855795
57.24,-0.00299144,0.0010145
57.26,0.00786885,0.00422778
57.28,0.0111949,0.00421516
57.3,0.00335872,0.00293226
57.32,0.00581835,0.00362455
57.34,0.0104136,0.00697047
57.36,0.0109104,0.00773744
57.38,0.0110249,0.00866822
57.4,0.0141662,0.0104838
57.42,0.0180782,0.0140006
57.44,0.00778443,0.00771237
57.46,-0.0100349,-0.00599228
57.48,-0.0237523,-0.0176601
57.5,-0.0047506,-0.0119013
57.52,-0.00292081,-0.00263105
57.54,-0.0145896,-0.0032798
57.56,-0.00858572,-0.00158073
57.58,-0.00535505,-0.00353712
57.6,-0.00681082,-0.00189761
57.62,-0.0110236,0.00303807
57.64,-0.010741,0.00367182
57.66,-0.0083369,0.00320036
57.68,-0.0108332,0.0038208
57.7,0.00772614,-0.00255644
57.72,0.0205047,-0.00523469
57.74,0.00222928,0.010399
57.76,0.0122872,0.00677254
57.78,0.0137726,0.0030664
57.8,0.00375352,0.00273026
57.82,0.0080235,0.00186205
57.84,0.0136779,0.00799869
57.86,0.0182548,0.0117582
57.88,0.0172208,0.0131595
57.9,0.0215226,0.0155204
57.92,0.0204176,0.0161823
57.939,0.0082587,0.00874793
57.96,-0.00912028,-0.00645717
57.98,-0.0271099,-0.0247037
58,-0.011975,-0.0215693
58.02,-0.00290415,-0.0121213
58.04,-0.0150985,-0.00550961
58.06,-0.0131876,-0.00739582
58.08,0.000439805,-0.0105596
58.1,-0.00175488,-0.0123326
58.12,-0.00479959,-0.00738069
58.14,-0.00522796,-0.00587265
58.16,-0.00232972,-0.0081921
58.18,6.08637e-05,-0.0103388
58.2,-0.0030098,-0.00506457
58.22,-0.00813289,0.00265696
58.24,0.00351071,-0.000202998
58.26,0.000764771,0.00211815
58.28,0.000958163,0.0037937
58.3,0.00644686,0.00553567
58.32,0.00908355,0.00937153
58.34,0.0106855,0.010087
58.36,0.0119887,0.0113067
58.38,0.0159968,0.013682
58.4,0.0236152,0.0187016
58.42,0.0197076,0.0215991
58.44,-0.000950905,0.0142965
58.46,-0.0189481,0.00377335
58.48,-0.0390605,-0.0112665
58.5,-0.0249594,-0.00691397
58.52,-0.0180901,0.00743241
58.54,-0.0283744,0.00647922
58.56,-0.0208965,0.00176835
58.58,-0.011253,0.000462519
58.6,-0.0176052,0.00287932
58.62,-0.0207577,0.00763348
58.64,-0.0176978,0.00733556
58.66,-0.0156069,0.00702195
58.68,-0.012815,0.00635179
58.7,0.00227751,-0.00485985
58.72,0.0195653,-0.0215317
58.74,0.00785943,-0.0146287
58.76,0.00842033,-0.00335286
58.78,0.0185273,-0.00398547
58.8,0.0107868,-0.00611095
58.82,0.00509105,-0.00545629
58.84,0.0104582,-0.00423588
58.86,0.0118445,-0.000426143
58.88,0.0128531,0.00211871
58.9,0.0140243,0.00199582
58.92,0.0147347,0.00485604
58.94,0.00941885,0.00146989
58.96,-0.00359899,-0.0115071
58.98,-0.0100573,-0.0194697
59,0.00143209,-0.00995848
59.02,-0.00673888,-0.00158485
59.04,-0.0123495,-0.00262889
59.06,-0.00268761,-0.00281441
59.08,-0.00444545,-0.00364262
59.1,-0.00917242,0.00157937
59.12,-0.0118584,0.00512634
59.14,-0.010307,0.00539536
59.16,-0.01023,0.00663854
59.18,-0.0126253,0.00827421
59.2,0.00880937,0.000196811
59.22,0.0267187,-0.00702611
59.24,0.0101326,0.00835265
59.26,0.0159667,0.0102971
59.28,0.0191455,0.00450042
59.3,0.00748554,0.00274147
59.32,0.00928508,0.00176268
59.34,0.0163002,0.00776042
59.36,0.0192807,0.0111643
59.38,0.014548,0.0102752
59.4,0.0185284,0.010244
59.42,0.0192589,0.0141702
59.44,0.00808869,0.00318263
59.46,-0.00718493,-0.0153456
59.48,-0.0184851,-0.0313036
59.5,-0.00125689,-0.0295605
59.52,0.00875454,-0.0227699
59.54,-0.00622144,-0.0144589
59.56,-0.0101768,-0.0103228
59.58,0.00181682,-0.0139618
59.6,0.00721418,-0.0182374
59.62,0.00101181,-0.0141777
59.64,-0.000583536,-0.0111591
59.66,0.00366321,-0.0144597
59.68,0.00764527,-0.0187275
59.7,-0.00378296,-0.00809116
59.72,-0.0353508,0.0117603
59.74,-0.0218986,0.0095705
59.76,0.00601174,0.00139611
59.78,-6.46029e-07,0.00531176
59.8,-0.00677385,0.00694756
59.82,-0.00143186,0.00280856
59.84,-0.00450815,0.00385837
59.86,-0.00270765,0.0032578
59.88,-0.000549896,0.00102243
59.9,0.000735086,0.00537548
59.92,0.00569417,0.00739761
59.94,0.00244235,0.00587411
59.96,-0.00762165,-0.00457197
59.98,-0.0100518,-0.0101135
60,0.000214079,-0.00590872
60.02,-0.00295514,0.000778699
60.04,-0.0124867,0.00200448
60.06,-0.0056373,0.0034972
60.08,-0.00487181,0.00163216
60.1,-0.00734181,0.00342898
60.12,-0.00973706,0.00652256
60.14,-0.00962337,0.00691497
60.16,-0.00900842,0.00752693
60.18,-0.012085,0.0125444
60.2,-0.00362197,0.00658037
60.22,0.0107814,-0.0112987
60.24,-0.00313867,-0.00497714
60.26,0.00405488,0.00438158
60.28,0.0146268,0.00582844
60.3,0.00944563,0.00563851
60.32,0.00633675,0.00526597
60.34,0.00994221,0.00616608
60.36,0.0134693,0.00954955
60.38,0.0161275,0.0129685
60.4,0.018275,0.0135105
60.42,0.0179587,0.0153199
60.44,0.00747299,0.00868772
60.46,-0.00800808,-0.00240348
60.48,-0.0273777,-0.0165313
60.5,-0.00738308,-0.0110694
60.52,-0.00324444,-0.0021057
60.54,-0.0164061,-0.00328457
60.56,-0.00952787,-0.00234621
60.58,-0.0045727,-0.00418493
60.6,-0.00600736,-0.00381171
60.62,-0.00869225,0.000189375
60.64,-0.00868038,0.000737124
60.66,-0.00671534,0.000551308
60.68,-0.00756685,4.99579e-05
60.7,0.00540808,-0.00178977
60.72,0.0187789,-0.000761764
60.74,0.00654214,0.00912526
60.76,0.0108987,0.00428631
60.78,0.0104364,0.00509434
60.8,0.00973174,0.00609103
60.82,0.0134252,0.00759961
60.84,0.0159535,0.0110703
60.86,0.0196348,0.0143171
60.88,0.02222,0.0178897
60.9,0.0297244,0.0226913
60.92,0.0175426,0.0192938
60.94,0.00572782,0.0108475
60.96,-0.00832602,-0.00257302
60.98,-0.0309873,-0.0235963
61,-0.0180551,-0.0216688
61.02,-0.00572441,-0.0133146
61.04,-0.0140467,-0.00683434
61.06,-0.0148663,-0.0102742
61.08,-0.000697061,-0.0117301
61.1,-0.0045742,-0.0123539
61.12,-0.00763214,-0.00727724
61.14,-0.0056188,-0.00648598
61.16,-0.00408198,-0.00789296
61.18,-0.00421861,-0.00831603
61.2,-0.00519453,-0.00447635
61.22,0.0022273,-0.000991031
61.24,0.00138475,0.000186765
61.26,-0.00185087,0.000303304
61.28,0.00422105,0.00164188
61.3,0.00458073,0.00373003
61.32,0.00559883,0.00442436
61.34,0.00717101,0.00483785
61.36,0.00937396,0.00791868
61.38,0.0145513,0.0106358
61.4,0.0195122,0.0147699
61.42,0.0182117,0.0170033
61.44,0.00590271,0.00814886
61.46,-0.0113177,-0.00773016
61.48,-0.0252919,-0.0231984
61.5,-0.0104534,-0.0181523
61.52,-0.000558115,-0.00836371
61.54,-0.0163079,-0.00477822
61.56,-0.0103851,-0.00657949
61.58,0.00259767,-0.0110995
61.6,-0.00126197,-0.0105673
61.62,-0.00644469,-0.0050679
61.64,-0.00431312,-0.00528774
61.66,0.00133435,-0.00895162
61.68,0.00145174,-0.00714169
61.7,-0.00472971,0.00290778
61.72,-0.00201266,0.0106915
61.74,0.0088533,0.00368867
61.76,-0.00280229,0.00199362
61.78,0.000344891,0.00329363
61.8,0.00905412,0.00833546
61.82,0.0079359,0.00929201
61.84,0.00299407,0.00556647
61.86,0.006228,0.00644753
61.88,0.0135114,0.0129893
61.9,0.0159679,0.014638
61.92,0.0109747,0.0122663
61.94,0.00286583,0.00267564
61.959,-0.0109716,-0.0128996
61.98,-0.0137309,-0.0242565
62,0.000212611,-0.0153043
62.02,-0.00520389,-0.00539349
62.04,-0.0143964,-0.00690337
62.06,-0.00540961,-0.0063485
62.08,-0.00330285,-0.00797538
62.1,-0.00556503,-0.00627922
62.12,-0.00780551,-0.00207507
62.14,-0.00701573,-0.00174116
62.16,-0.00519253,-0.00205692
62.18,-0.00655586,-0.00261764
62.2,-0.00529332,0.000536067
62.22,0.00702465,0.0053427
62.24,0.0111929,0.0121683
62.26,0.0107738,0.0125155
62.28,0.0102098,0.0125556
62.3,0.0115007,0.0123608
62.32,0.0150054,0.0149059
62.34,0.0211387,0.019287
62.36,0.0241646,0.0220105
62.38,0.0271834,0.025753
62.4,0.033477,0.030188
62.42,0.0163592,0.023354
62.44,0.00610046,0.00755899
62.46,-0.00480625,-0.0133531
62.48,-0.0282811,-0.0389624
62.5,-0.0119404,-0.0383764
62.52,0.00358793,-0.0335478
62.54,-0.000753468,-0.0240319
62.56,-0.00998209,-0.0187559
62.58,0.000645019,-0.0214897
62.6,0.0132102,-0.0288301
62.62,0.0125848,-0.0307182
62.64,0.00921808,-0.0256364
62.66,0.0105312,-0.0269226
62.68,-0.0018984,-0.0152557
62.7,-0.0219432,0.00488629
62.72,-0.0464097,0.023126
62.74,-0.0178253,0.0180628
62.76,0.00824267,0.0100241
62.78,-0.000163728,0.0146378
62.8,-0.00526203,0.0145129
62.82,-0.0017228,0.00831791
62.84,-0.00598981,0.00888191
62.86,-0.00137255,0.00847449
62.88,0.000791226,0.00779979
62.9,0.00338377,0.0112365
62.92,0.00766634,0.0127391
62.94,0.00168859,0.0100817
62.96,-0.0145254,0.00118429
62.98,-0.0281454,-0.0118726
63,-0.0103706,-0.00485507
63.02,-0.00871082,0.00419803
63.04,-0.0221613,0.00420652
63.06,-0.0138198,0.00468173
63.08,-0.00952004,0.00250605
63.1,-0.0135544,0.00515971
63.12,-0.0179621,0.00992324
63.14,-0.0171008,0.0105339
63.16,-0.0149361,0.0102468
63.18,-0.013386,0.0124655
63.2,-0.000529578,0.00173647
63.22,0.0169014,-0.0184015
63.24,-0.000740588,-0.00863764
63.26,0.0047024,0.00198963
63.28,0.0188822,0.00371224
63.3,0.0118453,0.00323555
63.32,0.00646808,0.00171859
63.34,0.0107305,0.00274913
63.36,0.0144812,0.00723625
63.38,0.0174112,0.010823
63.4,0.0179023,0.0106028
63.42,0.0165775,0.0120377
63.44,0.0033694,0.00378151
63.46,-0.0121529,-0.0069749
63.48,-0.0268602,-0.0157839
63.5,-0.00805292,-0.00376056
63.52,-0.0125114,-0.000102955
63.54,-0.017832,-0.00339444
63.56,-0.00768022,-0.00246761
63.58,-0.00825794,-0.00282688
63.6,-0.011106,0.00031528
63.62,-0.0129864,0.00383727
63.64,-0.0129621,0.00508706
63.66,-0.0135847,0.00662037
63.68,-0.00955427,0.00589727
63.7,0.00913304,-0.00388625
63.72,0.0264348,-0.0120058
63.74,0.00913075,0.00314172
63.76,0.01324,0.00779872
63.78,0.0184523,0.00180691
63.8,0.00567164,0.000453617
63.82,0.00816394,-0.000120035
63.84,0.0165376,0.00632127
63.86,0.0179767,0.00913011
63.88,0.0156909,0.00961338
63.9,0.0185887,0.0105241
63.92,0.0215216,0.0140115
63.94,0.00998901,0.00587944
63.96,-0.00542845,-0.00928015
63.98,-0.0204806,-0.0270292
64,-0.0096189,-0.0234392
64.02,-0.00132113,-0.0131674
64.04,-0.0147302,-0.00764269
64.06,-0.0106541,-0.00889522
64.08,0.000820893,-0.0110055
64.1,-0.00182868,-0.0111413
64.12,-0.00517214,-0.00665214
64.14,-0.00517289,-0.00615629
64.16,-0.00253163,-0.00697853
64.18,-0.00377855,-0.00714994
64.2,-0.00442854,-0.00320934
64.22,-0.00117575,0.00155405
64.24,0.00127405,0.00253096
64.26,0.000378238,0.003258
64.28,0.0016084,0.00332587
64.3,0.00363838,0.00429439
64.32,0.0050994,0.00599198
64.34,0.00654499,0.00586273
64.36,0.00707593,0.00743782
64.38,0.011572,0.00963511
64.4,0.0174817,0.0135731
64.42,0.0168229,0.0162615
64.44,0.00458987,0.00605308
64.46,-0.0109633,-0.0124653
64.48,-0.0171922,-0.0245429
64.5,-6.16285e-05,-0.0212593
64.52,0.00285116,-0.0132435
64.54,-0.0095288,-0.00559006
64.56,-0.0111144,-0.00223469
64.58,-0.00246982,-0.00796166
64.6,0.00319785,-0.0113039
64.62,-0.00097406,-0.00851017
64.64,-0.00348676,-0.00524748
64.66,0.000999553,-0.00736796
64.68,0.00539317,-0.00998542
64.7,-0.00205644,7.78366e-05
64.72,-0.014609,0.0171015
64.74,0.00808067,0.0112754
64.76,0.00720678,0.00459285
64.78,-0.00942993,0.00178164
64.8,-0.0080974,-8.25699e-05
64.82,0.00138788,0.00445769
64.84,0.00551822,0.00841146
64.86,0.000708521,0.00484878
64.88,0.00102928,0.00499613
64.9,0.00803686,0.00860073
64.92,0.0109158,0.011347
64.94,0.0050867,0.00831505
64.96,-0.0088529,-0.00398965
64.98,-0.0173944,-0.0163396
65,0.00157901,-0.0113422
65.02,0.00120788,-0.00528719
65.04,-0.0130025,-0.0037732
65.06,-0.0065179,-0.00150592
65.08,-0.00113581,-0.00591658
65.1,-0.00165943,-0.00507657
65.12,-0.00701408,0.000307102
65.14,-0.00748274,0.000968933
65.16,-0.00227975,-0.00148403
65.18,-0.00360583,-0.00281882
65.2,-0.00233066,-0.000436339
65.22,0.00623129,0.00630045
65.24,0.0112421,0.0137294
65.26,0.0149085,0.0160118
65.28,0.014776,0.0169164
65.3,0.0175177,0.0168052
65.32,0.0199367,0.018926
65.34,0.0240115,0.022533
65.36,0.0289314,0.0259712
65.38,0.0279556,0.0268473
65.4,0.0307205,0.0284063
65.42,0.0138617,0.0238461
65.44,0.00504479,0.0104587
65.46,-0.00616616,-0.00757696
65.48,-0.0302813,-0.0322511
65.5,-0.0225653,-0.0369391
65.52,-0.00322448,-0.0324976
65.54,-0.00475506,-0.0228342
65.56,-0.0153705,-0.0150113
65.58,-0.0070025,-0.0166048
65.6,0.00491693,-0.0232553
65.62,0.00504356,-0.024228
65.64,0.000419869,-0.0192252
65.66,0.00309729,-0.0198329
65.679,0.00931913,-0.0259267
65.7,-0.0121465,-0.0074485
65.72,-0.0459911,0.0159979
65.74,-0.0295419,0.0140594
65.76,-0.00053289,0.00411274
65.78,0.00402517,0.00133169
65.8,-0.0131877,0.00458403
65.82,-0.00859611,-0.00115666
65.84,-0.00610398,-0.000349024
65.86,-0.00611972,0.00149917
65.88,-0.004497,-0.00257573
65.9,-0.00531312,-0.000469362
65.92,-0.00112673,0.00211271
65.94,-0.00125715,0.00167463
65.96,-0.00830124,-0.00732001
65.98,-0.00331678,-0.00321166
66,-0.00155494,0.00317968
66.02,-0.010013,0.00130245
66.04,-0.00558374,0.00450291
66.06,-0.00664845,0.00440174
66.08,-0.0076591,0.00562337
66.1,-0.00785422,0.00673772
66.12,-0.00929515,0.00776136
66.14,-0.0108251,0.00993033
66.16,-0.0138282,0.0125921
66.18,-0.0147914,0.0176981
66.2,0.0012005,0.00718681
66.22,0.0180467,-0.0109715
66.24,0.00236449,-0.0034722
66.26,0.00582749,0.00506666
66.28,0.0173852,0.00426328
66.3,0.0101623,0.00409483
66.32,0.0074134,0.00413704
66.34,0.0106569,0.00447288
66.36,0.0132977,0.007454
66.38,0.0154705,0.0105872
66.4,0.0175704,0.0109846
66.42,0.0169282,0.0128231
66.44,0.00868963,0.00444702
66.46,-0.00672635,-0.0121006
66.48,-0.014281,-0.0240135
66.5,0.00226593,-0.0136694
66.52,-0.00596706,-0.00439981
66.54,-0.0117008,-0.00751243
66.56,0.00123163,-0.00984731
66.58,0.0019353,-0.0104691
66.6,-0.00393155,-0.00650941
66.62,-0.00379251,-0.00406175
66.64,-0.00150931,-0.0049569
66.66,-0.00135462,-0.00421188
66.68,-0.00370022,-0.00365957
66.7,-0.00460522,-0.000795482
66.72,-0.00173369,0.000591452
66.74,-0.00010035,0.000775601
66.76,-0.00229741,0.00265031
66.78,0.00366293,0.00613978
66.8,0.00600028,0.0064869
66.82,0.00534444,0.00608024
66.84,0.00821595,0.00813996
66.86,0.0118398,0.0116627
66.88,0.0146978,0.0148419
66.9,0.0163853,0.0151384
66.92,0.0158476,0.0155792
66.94,0.00661395,0.00569805
66.96,-0.00904068,-0.0121222
66.98,-0.0165414,-0.0247084
67,-0.0010889,-0.0214059
67.02,0.00616413,-0.012854
67.04,-0.0102705,-0.00625061
67.06,-0.0113428,-0.00328977
67.08,8.60607e-05,-0.00675944
67.1,0.000497922,-0.00812184
67.12,-0.00659642,-0.00226966
67.14,-0.00649139,-0.001434
67.16,-0.00198712,-0.00387169
67.18,-0.00248694,-0.00451656
67.2,-0.00463933,0.00123651
67.22,-0.00195645,0.00761025
67.24,0.00742595,0.00815064
67.26,0.00439897,0.0098144
67.28,0.00370829,0.00882172
67.3,0.00818582,0.00959962
67.32,0.00870906,0.0120064
67.34,0.0106551,0.0122846
67.36,0.0122858,0.0136463
67.38,0.0170901,0.0168433
67.4,0.0242377,0.0220448
67.42,0.0202094,0.0216021
67.44,0.0064264,0.0123487
67.46,-0.0114035,-0.00659586
67.48,-0.0295544,-0.027981
67.5,-0.00867708,-0.0262489
67.52,0.00338552,-0.0206395
67.54,-0.00733492,-0.0136151
67.56,-0.00783934,-0.0126881
67.58,0.00574831,-0.0188803
67.6,0.0118015,-0.0238911
67.62,0.00754926,-0.0206365
67.64,0.00594107,-0.018719
67.66,0.0135275,-0.0234894
67.68,0.0164774,-0.0233763
67.7,0.00235024,-0.00964502
67.72,-0.0191044,0.0101186
67.74,-0.0239016,0.0230679
67.76,-0.00170752,0.012196
67.78,-0.00358451,0.000209541
67.8,-0.0292625,-0.00548381
67.82,-0.0282332,-0.00999439
67.84,-0.0195585,-0.00802645
67.86,-0.0148885,-0.00330482
67.88,-0.0181388,-0.00597049
67.9,-0.0224937,-0.01201
67.92,-0.0187871,-0.0111504
67.94,-0.0070184,-0.00206815
67.96,0.00599734,0.0121265
67.98,-0.00248507,0.0173535
68,-0.0114043,0.00959613
68.02,-0.00268054,0.00910011
68.04,-0.00357322,0.0136562
68.06,-0.0116578,0.014506
68.08,-0.0111732,0.0157977
68.1,-0.0103798,0.0162118
68.12,-0.0142981,0.0189655
68.14,-0.0189676,0.023163
68.16,-0.0207067,0.0249017
68.18,-0.00424487,0.0198693
68.2,0.00983168,0.00880244
68.22,0.0258772,-0.00517026
68.24,0.0252953,-0.00402001
68.26,0.0116181,0.0105038
68.28,0.0241576,0.00538827
68.3,0.0153193,-0.00182557
68.32,0.00405153,-0.00284184
68.34,0.0135614,0.00119033
68.36,0.0208249,0.00753918
68.38,0.0180973,0.0094096
68.4,0.0198517,0.00938554
68.42,0.0211774,0.0111471
68.44,0.00854408,0.00599651
68.46,-0.00810512,-0.00365068
68.48,-0.0247126,-0.0202534
68.5,-0.00665312,-0.0163275
68.52,-0.00265872,-0.00561938
68.54,-0.0181546,-0.00109029
68.56,-0.0138325,-0.000613744
68.58,-0.00387062,-0.00342711
68.6,-0.00760534,-0.00205588
68.62,-0.0138402,0.00412951
68.64,-0.0125825,0.00436628
68.66,-0.00961528,0.00349818
68.68,-0.0110144,0.00406248
68.7,0.00712444,-0.00279012
68.72,0.0224758,-0.00868119
68.74,0.0062569,0.00413847
68.76,0.0126771,0.00277787
68.78,0.0100977,-0.00396812
68.8,-0.000338652,-0.00334577
68.82,0.00823808,-0.000787232
68.84,0.0118175,0.00306967
68.86,0.00841936,0.00235003
68.88,0.0086492,-0.000447234
68.9,0.0128949,0.00516681
68.92,0.0199176,0.0108532
68.94,0.00891426,0.00601506
68.96,-0.00751231,-0.00608566
68.98,-0.0215279,-0.0185067
69,-0.00842002,-0.0126749
69.02,-0.00469669,-0.00211423
69.04,-0.0200353,4.96811e-05
69.06,-0.0127032,0.00113533
69.08,-0.00592011,-0.00130444
69.1,-0.0103074,0.000712552
69.12,-0.0154934,0.00638206
69.14,-0.0151654,0.00757263
69.16,-0.0124619,0.00701163
69.18,-0.0122321,0.00987934
69.2,0.000565045,-0.00118805
69.22,0.0166687,-0.0194944
69.24,0.000100005,-0.00748542
69.26,0.00720847,0.000326891
69.28,0.0154595,-0.000500658
69.3,0.00602023,-0.00103489
69.32,0.00369023,-0.00312508
69.34,0.00742944,-0.000870349
69.36,0.0121563,0.00357359
69.38,0.0110749,0.00499946
69.4,0.0110635,0.00372436
69.42,0.0141688,0.00733937
69.44,0.0100403,0.00518776
69.46,-0.00456963,-0.00813089
69.48,-0.0144423,-0.0207498
69.5,0.000620183,-0.0124051
69.52,-0.000914278,-0.00299925
69.54,-0.0151217,-0.00289434
69.56,-0.00831599,0.000812112
69.58,-0.00682805,-0.000902607
69.6,-0.00909481,0.000936631
69.62,-0.0127342,0.00623143
69.64,-0.0142534,0.00779362
69.66,-0.0132611,0.00880142
69.68,-0.01157,0.00838435
69.7,0.0088253,-0.00257165
69.72,0.0246685,-0.0118532
69.74,0.00336541,0.00399736
69.76,0.00921375,0.00589683
69.78,0.0169521,-3.73216e-05
69.8,0.000310623,-0.00382672
69.82,-0.000378738,-0.00629938
69.84,0.00954905,0.000372529
69.86,0.0127086,0.00534065
69.88,0.00813592,0.00378446
69.9,0.00821519,0.00181298
69.92,0.0122124,0.00573493
69.94,0.0102523,0.00501028
69.96,-0.00301475,-0.00803425
69.98,-0.0132049,-0.0203482
70,-0.000438872,-0.0173017
70.02,0.00552677,-0.00959571
70.04,-0.0129809,-0.00365335
70.06,-0.0110516,0.000318559
70.08,-0.00239843,-0.00338655
70.1,-0.00270378,-0.00340324
70.12,-0.0090982,0.0018796
70.14,-0.0096355,0.00286536
70.16,-0.0063892,0.00174964
70.18,-0.00763634,0.00164676
70.2,0.00110709,0.00312733
70.22,0.0220497,0.00299754
70.24,0.00954481,0.0130883
70.26,0.0067161,0.00741529
70.28,0.00809425,0.000900135
70.3,0.00107719,0.00321891
70.32,0.0106546,0.00674215
70.34,0.0132404,0.00978851
70.36,0.0104254,0.00887861
70.38,0.012366,0.00692913
70.4,0.0172298,0.0134087
70.42,0.0205049,0.0175789
70.44,-0.00247431,0.0094845
70.46,-0.0190773,-0.00114403
70.48,-0.035301,-0.0162511
70.5,-0.0135887,-0.00978729
70.52,-0.00863026,-0.00138563
70.54,-0.0230208,8.31093e-05
70.56,-0.015683,0.000816252
70.58,-0.00906009,-0.00217877
70.6,-0.0116933,-0.000504669
70.62,-0.0159866,0.00448346
70.64,-0.0152588,0.00520267
70.66,-0.0116871,0.00410988
70.68,-0.0112981,0.00751421
70.7,0.00145476,-0.00216873
70.72,0.0172224,-0.0207735
70.74,0.00148328,-0.0090981
70.76,0.00797196,0.00105509
70.78,0.0189845,0.000165157
70.8,0.011251,0.00118508
70.82,0.00616102,-0.000926353
70.84,0.00912177,-0.000287431
70.86,0.0174815,0.00689331
70.88,0.0182215,0.0103761
70.9,0.0169001,0.00840627
70.92,0.0173284,0.0106545
70.94,0.00370097,0.00283288
70.96,-0.012035,-0.0074678
70.98,-0.0284441,-0.0169435
71,-0.00871337,-0.00543611
71.02,-0.013407,0.00220217
71.04,-0.0226236,0.000447542
71.06,-0.0137627,0.00151473
71.08,-0.0110584,0.00123461
71.1,-0.0157366,0.00419698
71.12,-0.0199136,0.0102625
71.14,-0.0202024,0.0118004
71.16,-0.0198801,0.0130221
71.18,-0.00677107,0.00923141
71.2,0.00665781,-0.000186066
71.22,0.0220159,-0.0125762
71.24,0.0190404,-0.00888646
71.26,0.0128017,0.00277801
71.28,0.0201994,-0.00320759
71.3,0.00710656,-0.00746332
71.32,0.00389469,-0.00827963
71.34,0.0129664,-0.00238733
71.36,0.0157134,0.00153598
71.38,0.0121998,0.00240415
71.4,0.0155715,0.00330979
71.42,0.015832,0.00478137
71.44,0.00673412,-0.000904012
71.46,-0.00597556,-0.0125957
71.48,-0.013222,-0.0211739
71.5,-0.00196967,-0.0147636
71.52,-0.00332275,-0.0051046
71.54,-0.0148056,-0.00562794
71.56,-0.00408063,-0.00407605
71.58,-0.00369573,-0.00542311
71.6,-0.00762924,-0.00230696
71.62,-0.0106512,0.00190938
71.64,-0.0109578,0.00297299
71.66,-0.0105899,0.00406203
71.68,-0.0141295,0.0055417
71.7,0.0054027,-0.00371216
71.72,0.0108861,-0.014794
71.74,-0.0030163,-0.0113613
71.76,0.0011727,0.000580829
71.78,0.00288381,-0.00940727
71.8,-0.000534435,-0.00743492
71.82,0.00145629,-0.000715308
71.84,0.000587169,-0.00602461
71.86,0.000563386,-0.00309703
71.88,0.000588755,-0.00299205
71.9,0.000561615,-0.00336936
71.92,0.000496315,-0.00234099
71.94,0.000425347,-0.00261469
71.96,0.000399754,-0.00221938
71.98,0.000369585,-0.00203148
72,0.000344026,-0.00186076
72.02,0.000308545,-0.00162067
72.04,0.00028278,-0.00150322
72.06,0.000263518,-0.0013616
72.08,0.000244131,-0.00125231
72.1,0.000220731,-0.00113163
72.12,0.000205207,-0.0010143
72.14,0.000190312,-0.000906399
72.16,0.000177336,-0.000822011
72.18,0.000162731,-0.000748346
72.2,0.000151017,-0.000680935
72.22,0.000140652,-0.000613885
72.24,0.000131053,-0.000544573
72.26,0.00012287,-0.0004888
72.28,0.000114876,-0.000440435
72.3,0.000107149,-0.000395722
72.32,0.000101044,-0.000357529
72.34,9.49996e-05,-0.000317716
72.36,9.03997e-05,-0.000282985
72.38,8.41191e-05,-0.000248103
72.4,8.07682e-05,-0.000221625
72.42,7.6342e-05,-0.000197361
72.44,7.16553e-05,-0.00017305
72.46,6.92951e-05,-0.000152357
72.48,6.60527e-05,-0.00013097
72.5,6.30935e-05,-0.000113394
72.52,6.04841e-05,-9.72056e-05
72.54,5.85606e-05,-8.32012e-05
72.56,5.57388e-05,-6.97202e-05
72.58,5.42881e-05,-5.74927e-05
72.6,5.25295e-05,-4.61135e-05
72.62,5.06827e-05,-3.58326e-05
72.64,4.90465e-05,-2.70171e-05
72.66,4.75749e-05,-1.89177e-05
72.68,4.69248e-05,-1.08821e-05
72.7,4.51968e-05,-4.28705e-06
72.72,4.4893e-05,2.1496e-06
72.74,4.2909e-05,7.57425e-06
72.76,4.3241e-05,1.30503e-05
72.78,4.18725e-05,1.77157e-05
72.8,4.10004e-05,2.17495e-05
72.82,4.07007e-05,2.59989e-05
72.84,3.95487e-05,2.88763e-05
72.86,3.96352e-05,3.32783e-05
72.88,3.88449e-05,3.49482e-05
72.9,3.8643e-05,3.80534e-05
72.92,3.80837e-05,4.0114e-05
72.94,3.74772e-05,4.24483e-05
72.96,3.76058e-05,4.53186e-05
72.98,3.68995e-05,4.57e-05
73,3.71769e-05,4.85008e-05
73.02,3.63034e-05,4.92483e-05
73.04,3.69403e-05,5.16741e-05
73.06,3.6064e-05,5.13722e-05
73.08,2.87161e-05,5.1768e-05
73.1,3.27896e-05,6.03904e-05
73.12,3.45461e-05,5.73874e-05
73.14,3.51118e-05,5.68271e-05
73.16,3.31087e-05,5.63373e-05
73.18,3.36963e-05,5.81311e-05
73.2,3.44486e-05,5.96917e-05
73.22,3.51651e-05,6.14652e-05
73.24,3.45478e-05,6.18794e-05
73.26,3.39813e-05,6.10962e-05
73.28,3.47755e-05,6.08277e-05
73.3,3.41293e-05,6.17151e-05
73.32,3.50148e-05,6.24958e-05
73.34,3.46236e-05,6.39189e-05
73.36,3.08096e-05,6.0073e-05
73.38,3.06952e-05,5.86398e-05
73.4,2.87487e-05,5.69192e-05
73.42,2.90457e-05,5.68231e-05
73.44,2.81294e-05,5.66449e-05
73.46,2.91969e-05,5.77485e-05
73.48,2.55072e-05,5.40982e-05
73.5,2.56891e-05,5.49579e-05
73.52,2.40097e-05,5.27069e-05
73.54,2.36197e-05,5.23471e-05
73.56,2.29766e-05,5.24441e-05
73.58,2.26735e-05,5.20931e-05
73.6,2.2097e-05,5.21502e-05
73.62,2.32535e-05,5.23026e-05
73.64,2.25274e-05,5.23174e-05
73.66,2.12761e-05,5.11222e-05
73.68,2.118e-05,5.01962e-05
73.7,2.00017e-05,5.04573e-05
73.72,1.99777e-05,4.93599e-05
73.74,2.02097e-05,4.83789e-05
73.76,2.24249e-05,4.73424e-05
73.78,2.11873e-05,5.19533e-05
73.8,2.52038e-05,4.91968e-05
73.82,2.48079e-05,4.7013e-05
73.84,2.24358e-05,4.47725e-05
73.86,2.35335e-05,4.40194e-05
73.88,2.31057e-05,4.48148e-05
73.9,2.34622e-05,4.46548e-05
73.92,2.26841e-05,4.38339e-05
73.94,2.31661e-05,4.35649e-05
73.96,2.35821e-05,4.24108e-05
73.98,2.43959e-05,4.2709e-05
74,2.54075e-05,4.34804e-05
74.02,2.43412e-05,4.33878e-05
74.04,2.44189e-05,4.14935e-05
74.06,2.36448e-05,4.13319e-05
74.08,2.33539e-05,4.04638e-05
74.1,2.29565e-05,4.08238e-05
74.12,2.30885e-05,4.04237e-05
74.14,2.30714e-05,4.07055e-05
74.16,2.37521e-05,4.04739e-05
74.181,2.32415e-05,3.97788e-05
74.2,2.46905e-05,4.06964e-05
74.22,2.42452e-05,4.00983e-05
74.24,2.44044e-05,4.02647e-05
74.26,2.35619e-05,3.97736e-05
74.28,2.36135e-05,3.91247e-05
74.3,2.29938e-05,3.86702e-05
74.32,2.23328e-05,3.81344e-05
74.34,2.23559e-05,3.83384e-05
74.36,2.19381e-05,3.7806e-05
74.38,1.86042e-05,3.65058e-05
74.4,2.13858e-05,4.16173e-05
74.42,2.02287e-05,3.81586e-05
74.44,2.1147e-05,3.75016e-05
74.46,2.05586e-05,3.66367e-05
74.48,2.04679e-05,3.63237e-05
74.5,1.91815e-05,3.67954e-05
74.52,1.94062e-05,3.63544e-05
74.54,1.85143e-05,3.56841e-05
74.56,1.85707e-05,3.46555e-05
74.58,1.8205e-05,3.40291e-05
74.6,1.7622e-05,3.43399e-05
74.62,1.74125e-05,3.31439e-05
74.639,1.75022e-05,3.5175e-05
74.66,1.78826e-05,3.43339e-05
74.68,1.77871e-05,3.41299e-05
74.7,1.84782e-05,3.44565e-05
74.72,1.9291e-05,3.50277e-05
74.74,1.78404e-05,3.39568e-05
74.76,1.81508e-05,3.45462e-05
74.78,1.72791e-05,3.38245e-05
74.8,1.73407e-05,3.35401e-05
74.82,1.70001e-05,3.31992e-05
74.84,1.65209e-05,3.32697e-05
74.86,1.6465e-05,3.30863e-05
74.88,1.60831e-05,3.23005e-05
74.899,1.61063e-05,3.26928e-05
74.92,1.63708e-05,3.32553e-05
74.94,1.61217e-05,3.2695e-05
74.96,1.60841e-05,3.29924e-05
74.98,1.65403e-05,3.32121e-05
75,1.66601e-05,3.30435e-05
75.02,1.75612e-05,3.44281e-05
75.04,1.55853e-05,3.31787e-05
75.06,1.62882e-05,3.23863e-05
75.08,1.55226e-05,3.30021e-05
75.1,1.59001e-05,3.16667e-05
75.12,1.56155e-05,3.24918e-05
75.139,1.55338e-05,3.19614e-05
75.161,1.58147e-05,3.21581e-05
75.18,1.54041e-05,3.16132e-05
75.2,1.5517e-05,3.14217e-05
75.22,1.53327e-05,3.15499e-05
75.24,1.54192e-05,3.16867e-05
75.26,1.52503e-05,3.18508e-05
75.28,1.51327e-05,3.19815e-05
75.3,1.54394e-05,3.19417e-05
75.32,1.5228e-05,3.1971e-05
75.34,1.60226e-05,3.28427e-05
75.36,1.65712e-05,3.23651e-05
75.38,1.48722e-05,3.17038e-05
75.4,1.58218e-05,3.20967e-05
75.42,1.46216e-05,3.19266e-05
75.439,1.46053e-05,3.15661e-05
75.46,1.40745e-05,3.15143e-05
75.48,1.41361e-05,3.13581e-05
75.5,1.39527e-05,3.09601e-05
75.52,1.34741e-05,3.12176e-05
75.54,1.32305e-05,3.10387e-05
75.56,1.24022e-05,3.15492e-05
75.58,1.30146e-05,3.04971e-05
75.6,1.2758e-05,3.12078e-05
75.62,1.30273e-05,3.10507e-05
75.64,1.31556e-05,3.05281e-05
75.66,1.293e-05,3.09476e-05
75.68,1.32958e-05,3.10798e-05
75.7,1.3505e-05,3.11924e-05
75.72,1.47463e-05,3.22828e-05
75.74,1.24388e-05,3.02898e-05
75.76,1.35124e-05,3.07497e-05
75.78,1.22131e-05,3.05887e-05
75.8,1.22446e-05,2.99413e-05
75.82,1.16812e-05,2.9933e-05
75.84,1.13469e-05,2.97608e-05
75.86,1.11769e-05,2.98324e-05
75.88,1.04904e-05,2.9962e-05
75.9,1.03707e-05,2.87483e-05
75.92,1.05036e-05,2.92333e-05
75.94,1.03998e-05,2.94809e-05
75.96,1.03826e-05,2.90997e-05
75.98,1.04535e-05,2.96284e-05
76,1.06801e-05,2.93233e-05
76.02,1.06122e-05,2.98088e-05
76.04,1.11271e-05,2.93147e-05
76.06,1.09926e-05,2.95073e-05
76.08,1.12607e-05,2.93631e-05
76.1,1.25106e-05,3.06505e-05
76.12,1.06199e-05,2.93241e-05
76.14,1.09822e-05,2.9009e-05
76.16,9.12506e-06,2.92756e-05
76.18,1.05157e-05,3.09819e-05
76.2,1.11371e-05,3.04068e-05
76.22,1.12847e-05,2.96123e-05
76.24,1.00001e-05,2.85912e-05
76.26,1.03051e-05,2.95032e-05
76.28,1.02282e-05,2.91241e-05
76.3,1.0363e-05,3.01941e-05
76.32,1.03359e-05,2.91633e-05
76.34,1.05113e-05,2.95653e-05
76.36,1.10695e-05,2.93947e-05
76.38,1.08701e-05,2.98169e-05
76.4,1.08215e-05,2.92899e-05
76.42,1.11388e-05,2.9983e-05
76.44,1.1394e-05,3.02588e-05
76.46,1.17659e-05,2.99452e-05
76.48,1.18094e-05,2.98965e-05
76.5,1.17581e-05,3.01758e-05
76.52,1.07073e-05,2.91693e-05
76.54,1.1019e-05,2.93873e-05
76.56,1.06424e-05,2.92316e-05
76.58,1.03841e-05,2.89836e-05
76.6,9.64992e-06,2.86178e-05
76.62,9.74075e-06,2.88141e-05
76.64,9.64321e-06,2.83482e-05
76.66,9.71599e-06,2.90155e-05
76.68,9.89726e-06,2.8419e-05
76.7,9.6166e-06,2.8562e-05
76.72,9.69452e-06,2.84756e-05
76.74,9.48572e-06,2.84219e-05
76.76,9.01665e-06,2.83005e-05
76.78,9.24948e-06,2.88959e-05
76.8,9.31061e-06,2.84338e-05
