27.28,-0.00469025,-1.61399e-05
27.3,-0.00466755,-0.000256379
27.32,-0.00031346,-0.0436161
27.34,-0.000316656,-0.0486856
27.36,-0.00031186,-0.0486851
27.38,-0.000311807,-0.0486857
27.4,-0.000308199,-0.0486858
27.42,-0.000310867,-0.0486855
27.44,-0.000309234,-0.0486859
27.46,-0.000310134,-0.048686
27.48,-0.000311254,-0.0486865
27.5,-0.000310456,-0.0486864
27.52,-0.000312274,-0.0486867
27.54,-0.000311594,-0.0486864
27.56,-0.000311197,-0.0486866
27.58,-0.000311134,-0.0486862
27.6,-0.000311031,-0.0486864
27.62,-0.00031138,-0.0486863
27.64,-0.000312197,-0.0486861
27.66,-0.000311231,-0.0486856
27.68,0.00032278,-0.0378911
27.7,0.000835663,-0.0249506
27.72,0.00703673,-0.0231476
27.74,0.00228955,-0.0171163
27.76,0.00200806,-0.0174009
27.78,0.00493594,-0.0092542
27.8,0.00467095,-0.00738255
27.82,0.00133755,-0.00574385
27.84,-0.00307775,-0.00356405
27.86,-0.00139719,-0.00339056
27.88,-0.0022641,-0.00397321
27.9,-0.00337985,-0.00317711
27.92,-0.00195684,-0.00606348
27.94,-0.0022066,-0.0113096
27.96,-0.0025168,-0.0161018
27.98,-0.003208,-0.0197572
28,0.000270988,-0.0196609
28.02,-0.00244103,-0.0114356
28.04,0.000706529,-0.000500535
28.06,-0.00368072,0.0108621
28.08,-0.00985046,0.0280596
28.1,-0.00687244,0.0440874
28.12,-0.0192542,0.0605732
28.14,-0.0250169,0.0671557
28.16,-0.0241454,0.0730998
28.18,-0.0116091,0.0820341
28.2,0.00201795,0.0896444
28.22,0.0150094,0.0916953
28.24,0.0172612,0.0822477
28.26,0.00544018,0.0652235
28.28,0.00196182,0.0495143
28.3,0.0122183,0.0334031
28.32,-0.000952054,0.0203424
28.34,0.00568851,0.0320429
28.36,0.00552711,0.0273037
28.38,0.00301773,0.0209402
28.4,0.00394326,0.0231227
28.42,0.00322985,0.0189701
28.44,0.00303683,0.0173505
28.46,0.00276744,0.0161568
28.48,0.00247427,0.0143488
28.5,0.00223595,0.0134549
28.52,0.00205117,0.0121754
28.54,0.00185932,0.0108878
28.56,0.00168075,0.00990639
28.58,0.00151602,0.00894686
28.6,0.00139269,0.00825113
28.62,0.00125169,0.00751341
28.64,0.00112439,0.00677048
28.66,0.00103179,0.00619383
28.68,0.000920631,0.00548621
28.7,0.000843437,0.00505142
28.72,0.000756579,0.00460089
28.74,0.000681286,0.00414328
28.76,0.000620176,0.00378792
28.78,0.000563914,0.00339979
28.8,0.00050904,0.00307375
28.82,0.000458567,0.00278418
28.84,0.000416262,0.00253848
28.86,0.000367707,0.00228652
28.88,0.000339418,0.00206973
28.9,0.000299356,0.00185978
28.92,0.000270995,0.00168316
28.94,0.000242385,0.00152584
28.96,0.000215806,0.00136569
28.98,0.000194545,0.00123882
29,0.000171836,0.00110755
29.02,0.000151174,0.000996271
29.04,0.000137735,0.000895473
29.06,0.000118609,0.000797484
29.08,0.000107074,0.000718956
29.1,9.28197e-05,0.000638744
29.12,8.18691e-05,0.000570891
29.14,7.03256e-05,0.000505085
29.16,6.09982e-05,0.000449
29.18,5.35263e-05,0.00039925
29.2,4.55488e-05,0.000352056
29.22,3.60083e-05,0.000308975
29.24,3.0657e-05,0.000270955
29.26,2.45281e-05,0.000235135
29.28,1.74045e-05,0.000203329
29.3,1.35435e-05,0.000175914
29.32,6.19961e-06,0.000149845
29.34,3.74554e-06,0.000127435
29.36,-3.47153e-06,0.000105476
29.38,-4.95903e-06,8.6834e-05
29.4,-9.21618e-06,6.92281e-05
29.42,-1.22218e-05,5.3229e-05
29.44,-1.54262e-05,3.9995e-05
29.46,-1.65598e-05,2.65427e-05
29.48,-2.00031e-05,1.43557e-05
29.5,-2.0902e-05,4.24894e-06
29.52,-2.37834e-05,-5.65756e-06
29.54,-2.43768e-05,-1.45698e-05
29.56,-1.77737e-05,-1.47934e-05
29.58,-1.42953e-05,-1.65265e-05
29.6,-9.98046e-06,-1.55516e-05
29.62,-7.1037e-06,-1.50669e-05
29.64,-4.25395e-06,-1.66446e-05
29.66,-2.61285e-06,-1.82845e-05
29.68,-7.30695e-07,-1.87396e-05
29.7,-3.01789e-07,-1.60485e-05
29.72,4.0358e-06,-1.48416e-05
29.74,6.17008e-06,-1.71803e-05
29.76,9.20053e-06,-2.08351e-05
29.78,9.04002e-06,-2.3623e-05
29.8,1.00178e-05,-2.41858e-05
29.82,1.34799e-05,-2.09695e-05
29.84,1.29817e-05,-2.25851e-05
29.86,1.64695e-05,-2.22831e-05
29.88,1.58746e-05,-2.50023e-05
29.9,1.8275e-05,-2.52206e-05
29.92,1.84918e-05,-2.49305e-05
29.94,1.9305e-05,-2.59977e-05
29.96,2.04501e-05,-2.50006e-05
29.98,2.04234e-05,-2.62057e-05
30,2.1932e-05,-2.67022e-05
30.02,2.36721e-05,-2.78499e-05
30.04,2.41508e-05,-2.92847e-05
30.06,2.5838e-05,-2.95127e-05
30.08,2.7613e-05,-3.13988e-05
30.1,2.82904e-05,-3.14574e-05
30.12,2.97007e-05,-3.28384e-05
30.14,2.99584e-05,-3.2901e-05
30.16,3.09833e-05,-3.30044e-05
30.18,3.15748e-05,-3.38088e-05
30.2,3.16388e-05,-3.35213e-05
30.22,3.25573e-05,-3.46799e-05
30.24,3.30241e-05,-3.5028e-05
30.26,3.38005e-05,-3.53716e-05
30.28,3.55257e-05,-3.6844e-05
30.3,3.58984e-05,-3.72152e-05
30.32,3.64736e-05,-3.62175e-05
30.34,3.79607e-05,-3.86134e-05
30.36,3.80594e-05,-3.83656e-05
30.38,3.8931e-05,-3.92853e-05
30.4,3.79804e-05,-4.05352e-05
30.42,3.93392e-05,-3.99453e-05
30.44,4.03194e-05,-4.05338e-05
30.46,4.0489e-05,-4.08818e-05
30.48,3.9146e-05,-4.18325e-05
30.5,4.2497e-05,-4.13883e-05
30.52,4.00463e-05,-4.14512e-05
30.54,4.16936e-05,-4.18591e-05
30.56,4.15596e-05,-4.22921e-05
30.58,4.09406e-05,-4.21776e-05
30.6,4.38839e-05,-4.27509e-05
30.62,4.02968e-05,-4.323e-05
30.64,4.47911e-05,-4.21944e-05
30.66,4.16464e-05,-4.36209e-05
30.68,4.51193e-05,-4.31269e-05
30.7,4.14492e-05,-4.37063e-05
30.72,4.57161e-05,-4.36645e-05
30.74,4.26557e-05,-4.3995e-05
30.76,4.70381e-05,-4.3298e-05
30.78,4.34423e-05,-4.48879e-05
30.8,4.73685e-05,-4.42668e-05
30.82,4.47755e-05,-4.49473e-05
30.84,4.6213e-05,-4.50027e-05
30.86,4.78645e-05,-4.50343e-05
30.88,4.52284e-05,-4.6247e-05
30.9,4.88125e-05,-4.50284e-05
30.92,4.23691e-05,-4.26463e-05
30.94,4.50742e-05,-4.10255e-05
30.96,4.49161e-05,-3.9435e-05
30.98,4.47855e-05,-4.16315e-05
31,4.38237e-05,-4.30961e-05
31.02,4.37089e-05,-4.23222e-05
31.04,4.34698e-05,-4.14793e-05
31.06,4.46311e-05,-4.00392e-05
31.08,4.33063e-05,-4.08014e-05
31.1,4.32872e-05,-4.17646e-05
31.12,4.28182e-05,-4.25338e-05
31.14,4.34286e-05,-4.22168e-05
31.16,4.27928e-05,-4.06787e-05
31.18,4.35749e-05,-4.1808e-05
31.2,4.34494e-05,-4.08685e-05
31.22,4.32326e-05,-4.12336e-05
31.24,4.35047e-05,-4.20479e-05
31.26,4.23198e-05,-4.12066e-05
31.28,4.37662e-05,-4.07679e-05
31.3,4.29744e-05,-4.10962e-05
31.32,4.20263e-05,-4.12017e-05
31.34,4.3758e-05,-4.09149e-05
31.36,4.31684e-05,-4.12919e-05
31.38,4.18537e-05,-4.05491e-05
31.4,4.36052e-05,-4.02976e-05
31.42,4.24372e-05,-4.11913e-05
31.44,4.25563e-05,-4.05056e-05
31.46,4.37774e-05,-4.15008e-05
31.48,4.14921e-05,-4.07486e-05
31.5,4.39327e-05,-4.0851e-05
31.52,4.15467e-05,-4.10482e-05
31.54,4.43261e-05,-4.09671e-05
31.56,4.18149e-05,-4.14456e-05
31.58,4.35336e-05,-4.12172e-05
31.6,4.27412e-05,-4.06513e-05
31.62,4.17775e-05,-4.18117e-05
31.64,4.45097e-05,-4.11587e-05
31.66,4.18805e-05,-4.16074e-05
31.68,4.16355e-05,-4.11871e-05
31.7,4.35268e-05,-4.14221e-05
31.72,4.23857e-05,-4.11886e-05
31.74,4.19441e-05,-4.12916e-05
31.76,4.0759e-05,-4.19456e-05
31.78,4.35244e-05,-4.15412e-05
31.8,4.21396e-05,-4.12918e-05
31.82,4.2692e-05,-4.13417e-05
31.84,4.13684e-05,-4.1098e-05
31.86,4.15848e-05,-4.13949e-05
31.88,3.67955e-05,-3.8792e-05
31.9,4.11427e-05,-3.84542e-05
31.92,3.39943e-05,-3.46189e-05
31.94,3.47205e-05,-3.40813e-05
31.96,3.1962e-05,-3.34056e-05
31.98,3.22736e-05,-3.2431e-05
32,3.26886e-05,-3.2288e-05
32.02,3.11416e-05,-3.06196e-05
32.04,2.93451e-05,-2.94598e-05
32.06,2.85736e-05,-2.95913e-05
32.08,2.68052e-05,-2.84804e-05
32.1,2.6809e-05,-2.80267e-05
32.12,2.53075e-05,-2.81582e-05
32.14,2.63691e-05,-2.81469e-05
32.16,2.60784e-05,-2.80215e-05
32.18,2.62964e-05,-2.70039e-05
32.2,2.37206e-05,-2.63742e-05
32.22,2.35823e-05,-2.60411e-05
32.24,2.39348e-05,-2.48458e-05
32.26,2.32288e-05,-2.52625e-05
32.28,2.259e-05,-2.47005e-05
32.3,2.30003e-05,-2.44994e-05
32.32,2.22783e-05,-2.45941e-05
32.34,2.31291e-05,-2.48035e-05
32.36,2.28695e-05,-2.3982e-05
32.38,2.31027e-05,-2.40163e-05
32.4,2.31996e-05,-2.36323e-05
32.42,2.30834e-05,-2.34683e-05
32.44,2.39539e-05,-2.40287e-05
32.46,2.20159e-05,-2.26075e-05
32.48,2.29059e-05,-2.35517e-05
32.5,2.17867e-05,-2.29556e-05
32.52,2.2206e-05,-2.26438e-05
32.54,2.16808e-05,-2.29146e-05
32.56,2.19448e-05,-2.274e-05
32.58,2.15065e-05,-2.22963e-05
32.6,2.1261e-05,-2.24523e-05
32.62,2.10935e-05,-2.22323e-05
32.64,2.07218e-05,-2.25565e-05
32.66,1.96869e-05,-2.14413e-05
32.68,1.98756e-05,-2.07309e-05
32.7,1.99077e-05,-2.08292e-05
32.72,1.94444e-05,-2.16163e-05
32.74,1.99146e-05,-2.21784e-05
32.76,1.96342e-05,-2.20551e-05
32.78,1.9625e-05,-2.13212e-05
32.8,1.90679e-05,-2.12203e-05
32.82,1.93602e-05,-2.08104e-05
32.84,1.94033e-05,-2.13264e-05
32.86,1.8917e-05,-2.16951e-05
32.88,1.95681e-05,-2.12614e-05
32.9,1.90803e-05,-2.10202e-05
32.92,1.92729e-05,-2.01873e-05
32.94,1.85562e-05,-2.14843e-05
32.96,1.92566e-05,-2.08956e-05
32.98,1.9421e-05,-2.11247e-05
33,1.94237e-05,-2.11874e-05
33.02,1.99699e-05,-2.08924e-05
33.04,1.89139e-05,-2.08937e-05
33.06,1.96048e-05,-2.05985e-05
33.08,1.93472e-05,-2.06273e-05
33.1,1.9514e-05,-2.0966e-05
33.12,1.95436e-05,-2.01551e-05
33.14,1.93922e-05,-2.08239e-05
33.16,1.93701e-05,-2.01248e-05
33.18,1.9555e-05,-2.05848e-05
33.2,1.97506e-05,-2.04688e-05
33.22,1.97373e-05,-2.05715e-05
33.239,1.9267e-05,-2.05207e-05
33.26,1.89585e-05,-2.02854e-05
33.28,1.9231e-05,-2.06207e-05
33.3,1.79779e-05,-1.9896e-05
33.32,1.79371e-05,-1.9583e-05
33.34,1.86206e-05,-1.99587e-05
33.36,1.75929e-05,-1.89966e-05
33.38,1.83351e-05,-1.99525e-05
33.4,1.84569e-05,-1.94848e-05
33.42,1.78706e-05,-1.90821e-05
33.44,1.79173e-05,-1.93325e-05
33.46,1.80783e-05,-1.94794e-05
33.48,1.78338e-05,-1.93168e-05
33.5,1.78713e-05,-1.95979e-05
33.52,1.79045e-05,-1.952e-05
33.54,1.82738e-05,-1.91465e-05
33.56,1.81537e-05,-1.89998e-05
33.58,1.83619e-05,-1.89755e-05
33.6,1.86268e-05,-1.92396e-05
33.62,1.82186e-05,-1.90292e-05
33.64,1.86498e-05,-1.89441e-05
33.66,1.78214e-05,-1.90787e-05
33.68,1.84525e-05,-1.97473e-05
33.7,1.82421e-05,-1.8717e-05
33.72,1.88934e-05,-1.98989e-05
33.74,1.71989e-05,-1.86061e-05
33.76,1.73373e-05,-1.90918e-05
33.78,1.72339e-05,-1.87811e-05
33.8,1.68965e-05,-1.84563e-05
33.82,1.62508e-05,-1.86368e-05
33.84,1.64617e-05,-1.85431e-05
33.86,1.72232e-05,-1.85874e-05
33.88,1.67806e-05,-1.83542e-05
33.9,1.64584e-05,-1.87798e-05
33.92,1.64469e-05,-1.85556e-05
33.94,1.67912e-05,-1.81945e-05
33.96,1.70761e-05,-1.84836e-05
33.98,1.74209e-05,-1.80833e-05
34,1.69562e-05,-1.80304e-05
34.02,1.72044e-05,-1.83656e-05
34.04,1.7354e-05,-1.78027e-05
34.06,1.75774e-05,-1.79286e-05
34.08,1.71695e-05,-1.76738e-05
34.1,1.74073e-05,-1.86787e-05
34.12,1.74239e-05,-1.85239e-05
34.14,1.7618e-05,-1.89109e-05
34.16,1.66576e-05,-1.79402e-05
34.18,1.62583e-05,-1.85371e-05
34.2,1.64028e-05,-1.80405e-05
34.22,1.58256e-05,-1.81588e-05
34.24,1.58711e-05,-1.77277e-05
34.26,1.63476e-05,-1.79722e-05
34.28,1.63568e-05,-1.75993e-05
34.299,1.63233e-05,-1.7778e-05
34.32,1.59094e-05,-1.70416e-05
34.34,1.3199e-05,-1.40033e-05
34.36,1.25795e-05,-1.35592e-05
34.38,1.11786e-05,-1.15458e-05
34.4,9.93231e-06,-1.04634e-05
34.42,9.12951e-06,-9.73123e-06
34.44,8.26219e-06,-8.82919e-06
34.46,7.99754e-06,-8.24546e-06
34.48,6.78987e-06,-7.16981e-06
34.5,7.14107e-06,-6.77699e-06
34.52,5.57949e-06,-6.51957e-06
34.54,5.60761e-06,-5.57943e-06
34.56,5.31063e-06,-5.08141e-06
34.58,4.95219e-06,-5.12952e-06
34.6,3.71691e-06,-4.05612e-06
34.62,4.28488e-06,-4.13382e-06
34.64,2.7533e-06,-3.57004e-06
34.66,2.60679e-06,-3.05271e-06
34.68,2.20971e-06,-2.94036e-06
34.7,2.25204e-06,-2.39879e-06
34.72,2.37552e-06,-2.42883e-06
34.74,1.83952e-06,-2.15475e-06
34.76,1.67542e-06,-1.17014e-06
34.78,1.7626e-06,-1.50246e-06
34.8,1.5562e-06,-1.26605e-06
34.82,1.9365e-06,-1.09802e-06
34.84,1.10685e-06,-1.08061e-06
34.86,1.41692e-06,-1.08805e-06
34.88,1.54332e-06,-9.13159e-07
34.9,8.95649e-07,-1.51534e-06
34.92,1.43731e-06,-1.47469e-06
34.94,1.26795e-06,-6.65661e-07
34.96,1.57882e-06,-1.49343e-06
34.98,1.24818e-06,-1.64773e-06
35,1.7698e-06,-9.15987e-07
35.02,7.65221e-07,-9.96935e-07
35.04,1.50122e-06,-1.31785e-06
35.06,1.48249e-06,-1.23486e-06
35.08,5.00658e-07,-4.9585e-07
35.1,7.25193e-07,-5.17324e-07
35.12,5.41441e-07,-8.78119e-07
35.14,4.61047e-08,-4.94101e-08
35.16,3.94531e-08,-2.93904e-07
35.18,-1.27954e-07,-4.59412e-08
35.2,-5.87095e-07,-2.45974e-07
35.22,-5.02129e-07,1.54867e-07
35.24,-1.25223e-09,-1.9042e-07
35.26,2.5881e-09,2.57981e-07
35.28,-6.08978e-07,-1.17882e-07
35.3,4.08701e-07,4.89937e-07
35.32,-2.66802e-07,-4.01336e-09
35.34,-1.08817e-07,-3.46753e-07
35.36,-1.92419e-08,4.23751e-07
35.38,-7.00261e-08,-2.38495e-07
35.4,2.39011e-07,4.00372e-07
35.42,-4.8679e-07,-4.1544e-07
35.44,-2.81642e-08,4.17441e-07
35.46,-5.46424e-08,-3.88866e-07
35.48,1.06524e-07,-1.44399e-08
35.5,-4.89143e-07,-4.81955e-07
35.52,4.10767e-07,4.05057e-08
35.54,6.06035e-07,-1.06115e-06
35.56,-4.30165e-07,-2.86467e-07
35.58,-1.45835e-06,-4.28723e-07
35.6,-1.11715e-06,-3.14149e-07
35.62,-4.36743e-07,-5.66554e-07
35.64,-1.59423e-06,1.86025e-07
35.66,-2.0526e-06,-5.31847e-07
35.68,-1.26682e-06,2.53764e-09
35.7,-1.02642e-06,2.68052e-07
35.72,-5.30542e-07,1.03445e-07
35.74,-4.83135e-08,1.01431e-06
35.76,-2.95006e-07,1.86423e-07
35.78,2.37192e-07,9.75567e-07
35.8,-8.07136e-08,5.93342e-07
35.82,3.59759e-07,1.84033e-07
35.84,8.32226e-08,9.25911e-07
35.86,6.5414e-07,9.59225e-08
35.88,3.92975e-07,7.8173e-07
35.9,5.55044e-07,7.5913e-08
35.92,3.79081e-07,6.63933e-07
35.94,6.60586e-07,-1.8749e-08
35.96,8.02816e-07,6.90923e-08
35.98,8.2831e-07,3.74617e-08
36,1.08973e-06,-6.57321e-07
36.02,8.19617e-07,-2.43854e-07
36.04,2.20475e-07,2.49855e-07
36.06,1.24749e-07,1.42612e-07
36.08,-8.42139e-08,4.74523e-07
36.1,-1.67697e-07,7.3399e-07
36.12,4.56702e-07,1.07669e-07
36.14,-2.42155e-07,6.81224e-07
36.16,-1.4897e-07,4.1633e-07
36.18,7.56171e-09,9.08657e-07
36.2,1.56312e-07,3.41342e-07
36.22,2.10091e-07,8.3105e-08
36.24,7.07406e-07,2.64297e-07
36.26,2.61063e-07,1.42526e-07
36.28,5.07678e-07,1.72944e-07
36.3,7.06778e-07,5.02434e-07
36.32,6.23089e-07,4.28557e-07
36.34,7.44287e-07,-7.66381e-08
36.36,9.05118e-07,4.7893e-07
36.38,6.24521e-07,-3.48464e-07
36.4,4.80585e-07,1.12541e-07
36.42,8.38882e-07,-2.56401e-07
36.44,4.48333e-07,-3.80268e-07
36.46,8.35945e-07,-2.52927e-09
36.48,6.51288e-07,-4.34263e-07
36.5,-1.85553e-07,-3.59783e-07
36.52,5.12233e-07,3.07423e-07
36.54,-3.48204e-07,-4.24532e-07
36.56,-4.01563e-07,-3.52822e-07
36.58,-3.75776e-07,6.90483e-07
36.6,-8.97096e-07,-7.95164e-08
36.62,2.66355e-07,3.33792e-07
36.64,-7.16863e-07,-2.2153e-07
36.66,-5.58438e-07,5.51707e-08
36.68,-1.38319e-07,6.30424e-07
36.7,-6.38867e-08,-4.42683e-08
36.72,-4.99493e-07,-4.15937e-07
36.74,2.10737e-07,1.01003e-07
36.76,1.0869e-08,-2.90715e-07
36.78,3.4268e-07,1.67267e-07
36.8,4.98651e-08,-9.86776e-07
36.82,9.45094e-08,4.88476e-08
36.84,1.98748e-07,-4.61871e-07
36.86,-4.84382e-07,-8.02778e-07
36.88,4.96077e-07,-2.15862e-07
36.9,2.09728e-07,-3.3494e-07
36.92,9.23696e-07,-2.9227e-07
36.94,-5.68673e-07,-5.63477e-07
36.96,8.31041e-07,-5.0017e-07
36.98,-1.07051e-06,-2.54217e-08
37,-8.56324e-07,-3.42976e-08
37.02,-7.36482e-07,-8.9461e-07
37.04,-1.14685e-06,5.43588e-07
37.06,-1.07252e-06,-2.19222e-07
37.08,-1.0465e-06,1.40288e-07
37.1,-2.17478e-06,2.56456e-07
37.12,-7.11352e-07,-5.25053e-07
37.14,-1.45487e-06,-1.02146e-07
37.16,-1.96006e-06,-4.36578e-07
37.18,-1.11011e-06,7.5532e-08
37.2,-8.73897e-07,2.25312e-07
37.22,-9.61921e-07,-4.73555e-07
37.24,3.04255e-08,6.07576e-07
37.26,-2.20026e-07,6.00741e-08
37.28,1.28306e-07,1.01253e-08
37.3,9.56805e-08,2.36647e-07
37.32,1.29361e-07,1.66004e-07
37.34,3.55022e-07,-3.62962e-07
37.36,5.17304e-07,9.08565e-08
37.38,8.33029e-07,-1.43028e-07
37.4,1.04762e-06,6.84442e-08
37.42,8.63878e-07,-3.22794e-07
37.44,1.12905e-06,-2.72677e-07
37.46,-6.02333e-08,4.98607e-07
37.48,-8.81173e-08,-7.10628e-08
37.5,-3.09771e-07,6.29394e-07
37.52,2.04597e-07,-4.78325e-07
37.54,-2.84067e-07,7.36797e-07
37.56,-2.51263e-07,2.73142e-08
37.58,-4.51564e-07,3.70436e-07
37.6,7.8127e-08,5.8586e-07
37.62,4.50967e-07,4.82589e-07
37.64,-2.02889e-07,7.44067e-07
37.66,1.77371e-07,7.04928e-07
37.68,-1.62312e-07,3.36884e-07
37.7,-2.83223e-07,2.13431e-07
37.72,7.97553e-08,-4.24903e-07
37.74,5.55734e-08,3.29234e-07
37.76,4.6271e-07,1.75384e-07
37.78,1.06637e-07,-2.93015e-07
37.8,7.121e-07,-4.40747e-08
37.82,6.28595e-07,-1.87315e-07
37.84,4.96297e-07,2.16315e-07
37.86,5.14697e-07,-5.21199e-07
37.88,5.00916e-07,1.56296e-07
37.9,8.86965e-07,1.25471e-08
37.92,6.68188e-07,-4.2688e-07
37.94,7.91406e-09,-2.03173e-07
37.96,-1.44312e-07,6.76222e-08
37.98,-6.18338e-07,1.53497e-07
38,-3.2616e-08,-6.17303e-07
38.02,-6.87428e-07,5.44728e-07
38.04,-7.00982e-07,-2.53315e-07
38.06,-7.02745e-07,5.1316e-08
38.08,-9.9255e-07,5.76997e-08
38.1,-3.29333e-07,-1.19496e-07
38.12,-9.00899e-07,-3.06636e-07
38.14,1.94816e-07,-2.47474e-07
38.16,-6.73608e-07,-1.0087e-06
38.18,1.62147e-07,-5.8604e-08
38.2,-7.05126e-08,-4.95119e-07
38.22,1.87616e-07,-4.39279e-07
38.24,3.45583e-07,-4.45268e-07
38.26,2.05824e-07,-4.0986e-07
38.28,3.88806e-07,-3.4242e-07
38.3,-7.92101e-08,-6.90431e-07
38.32,8.57356e-07,-2.75493e-07
38.34,4.84454e-07,-4.11931e-07
38.36,1.04522e-06,4.63349e-08
38.38,1.39675e-07,-1.15995e-06
38.4,9.11624e-07,-4.26257e-07
38.42,2.0161e-07,-4.55089e-07
38.44,-6.00959e-08,-3.11353e-07
38.46,-8.59788e-07,-2.3208e-07
38.48,1.77611e-07,4.80562e-07
38.5,-5.22142e-07,-1.63168e-08
38.52,-1.1254e-07,-1.34539e-07
38.54,-1.38854e-06,1.31714e-07
38.56,-4.33472e-08,-2.25332e-08
38.58,-7.41114e-07,3.3848e-07
38.6,-1.93642e-07,5.44511e-07
38.62,-1.06441e-06,-6.03902e-07
38.64,-4.51303e-07,6.73187e-07
38.66,-5.98984e-07,8.24147e-08
38.68,-1.28713e-06,8.241e-09
38.7,-2.29089e-07,1.34264e-07
38.72,-2.10795e-07,-4.52575e-07
38.74,-7.50617e-08,-1.40738e-07
38.76,3.63929e-07,-5.86444e-07
38.78,-3.42924e-08,-8.15234e-08
38.8,5.0542e-07,2.35477e-07
38.82,1.24799e-07,-4.48093e-07
38.84,7.42216e-07,2.1404e-07
38.86,6.03125e-07,-2.0876e-07
38.88,1.39312e-07,9.45954e-08
38.9,7.07741e-07,-2.88648e-07
38.92,-2.62246e-07,9.09117e-08
38.94,-1.30918e-07,-5.12695e-07
38.96,-5.23933e-07,-1.04303e-07
38.98,-6.00394e-07,-4.08804e-07
39,-4.46967e-07,-6.78851e-07
39.02,-8.70676e-07,3.91419e-07
39.04,-3.00475e-07,-3.31183e-07
39.06,-8.90624e-07,-2.82751e-07
39.08,-4.34277e-07,-9.60018e-08
39.1,-2.20911e-07,1.47586e-08
39.12,2.51613e-08,4.81571e-07
39.14,3.33018e-07,3.48759e-07
39.16,2.67533e-07,1.62804e-07
39.18,4.77209e-07,7.65166e-07
39.2,3.41123e-07,-2.08885e-07
39.22,1.16365e-06,-3.15566e-07
39.24,9.17177e-07,8.47635e-07
39.26,1.41632e-06,-5.85837e-08
39.28,1.2424e-06,4.46785e-08
39.3,1.68035e-06,-5.3524e-08
39.32,1.38633e-06,-3.26184e-07
39.34,2.11615e-06,-2.69557e-07
39.36,2.07154e-07,-2.02592e-07
39.38,6.01632e-07,-2.19459e-07
39.4,6.63797e-07,-6.09805e-07
39.42,1.48798e-07,-1.21826e-07
39.44,-2.89612e-07,4.94524e-07
39.46,-8.02921e-07,2.54553e-08
39.48,-4.22275e-07,5.37449e-07
39.5,-1.13832e-07,-3.53146e-07
39.52,-2.78524e-07,3.98075e-07
39.54,-1.03868e-07,2.02995e-07
39.56,1.97572e-07,4.43172e-07
39.58,2.50123e-08,4.44174e-07
39.6,9.99458e-08,-7.64586e-08
39.62,4.20203e-08,1.71104e-07
39.64,2.58444e-07,2.58838e-07
39.66,-1.20602e-07,4.47356e-07
39.68,1.60157e-07,-3.89699e-07
39.7,3.27793e-07,3.94729e-07
39.72,4.51658e-07,-2.43733e-07
39.74,4.93389e-07,5.01292e-08
39.76,2.68682e-07,-4.94574e-07
39.78,5.31101e-07,-4.79224e-09
39.8,6.73807e-07,-7.33272e-07
39.82,9.14109e-07,-8.45194e-07
39.84,-2.30849e-07,-6.04399e-08
39.86,-2.75192e-07,-1.73937e-07
39.88,-3.23966e-07,-8.916e-08
39.9,-1.42614e-07,-6.72069e-07
39.92,-5.25067e-07,1.11819e-07
39.94,-2.54397e-07,1.36742e-07
39.96,-2.52015e-07,4.53339e-07
39.98,-1.02292e-06,-9.31033e-09
40,2.3196e-07,3.00401e-08
40.02,-5.10312e-07,2.93808e-07
40.04,1.63632e-08,5.87189e-08
40.06,-2.94687e-07,-1.29494e-07
40.082,5.17749e-07,5.09408e-08
40.1,1.57217e-07,-8.67933e-07
40.12,-1.60614e-07,-4.75167e-07
40.14,8.76273e-07,-3.32319e-07
40.16,-3.34405e-08,-6.98615e-07
40.18,9.16272e-07,-4.13971e-07
40.2,-9.20684e-07,-1.36216e-06
40.22,7.19919e-07,-9.58466e-07
40.24,3.61772e-07,-5.8976e-07
40.26,6.90793e-07,-7.30967e-07
40.28,6.78839e-07,-6.88803e-07
40.3,1.00933e-06,-6.06777e-07
40.32,-3.75026e-07,-3.83904e-07
40.34,-4.14335e-07,-5.35226e-07
40.36,-8.60689e-07,-1.01546e-07
40.38,-5.92574e-07,-1.84826e-07
40.4,-4.34723e-07,-2.25405e-07
40.42,-5.67673e-07,-1.42606e-07
40.44,-8.45527e-07,1.764e-07
40.46,-5.29547e-07,1.52029e-07
40.48,-7.38105e-07,7.12608e-08
40.5,-6.51698e-07,-4.78016e-07
40.52,-6.28439e-08,2.64162e-07
40.54,-7.74424e-07,-3.36263e-07
40.56,-1.22391e-07,2.27975e-08
40.58,-1.94502e-07,6.30455e-08
40.6,-1.38138e-07,-4.32983e-07
40.62,-1.38495e-07,4.80285e-07
40.64,5.56171e-08,-3.34682e-07
40.66,3.05096e-07,3.71997e-08
40.68,2.05753e-07,1.49347e-07
40.7,-1.43272e-07,-5.50268e-08
40.72,7.58342e-07,2.69462e-07
40.74,6.10943e-07,-2.92676e-08
40.76,9.20407e-07,-1.55689e-07
40.78,-1.60428e-07,1.50226e-07
40.8,1.19306e-06,-3.83771e-07
40.82,-5.57219e-07,-2.30253e-07
40.84,-1.31898e-07,3.99029e-07
40.86,-3.54899e-07,5.84129e-08
40.88,-2.22352e-07,2.04216e-07
40.9,-1.19024e-07,-4.39262e-07
40.92,-5.42462e-07,5.87849e-07
40.94,-2.56702e-07,5.35457e-07
40.96,-4.60597e-07,-2.50577e-07
40.98,-3.06568e-07,6.13467e-07
41,1.13127e-07,-6.23048e-07
41.02,-3.35198e-07,4.82621e-07
41.04,-4.83357e-08,-1.48103e-07
41.06,7.15598e-08,3.5575e-07
41.08,2.97801e-07,1.02542e-07
41.1,3.529e-07,3.00695e-07
41.12,9.86908e-08,-3.52961e-07
41.14,7.65638e-07,-1.22484e-07
41.16,7.31407e-07,-4.82145e-08
41.18,9.945e-07,-9.16675e-08
41.2,4.99599e-07,-4.90015e-07
41.22,6.35309e-07,-9.69688e-08
41.24,1.3807e-06,-3.01683e-07
41.26,2.17211e-07,-1.12164e-07
41.28,1.54912e-07,4.73192e-07
41.3,5.56927e-07,-9.95113e-08
41.32,-3.53815e-07,4.88461e-07
41.34,-8.38454e-07,-1.44954e-07
41.36,-3.53182e-07,8.46693e-07
41.38,-3.25446e-07,6.21662e-07
41.4,-1.58935e-07,5.58755e-07
41.42,-7.61197e-07,6.21524e-07
41.44,-1.54077e-07,1.0254e-06
41.46,-4.23015e-07,1.06459e-06
41.48,-1.60748e-07,1.04549e-06
41.5,-7.50044e-07,6.46529e-07
41.52,-5.92635e-09,1.19945e-06
41.54,-1.91991e-07,5.75841e-07
41.56,1.90843e-07,3.78481e-07
41.58,3.22686e-07,5.9075e-07
41.6,3.73159e-08,3.15066e-07
41.62,6.2445e-07,3.89987e-07
41.64,-2.69655e-07,5.70322e-09
41.66,2.25275e-07,6.15894e-07
41.68,1.8104e-07,1.05265e-07
41.7,1.92476e-07,2.68922e-07
41.72,-8.06122e-08,-2.03133e-07
41.74,-8.49405e-07,4.86869e-07
41.76,-6.48911e-07,3.55113e-07
41.78,-1.20228e-06,6.17185e-07
41.8,-4.45009e-08,3.48299e-07
41.82,-1.28004e-06,7.56159e-07
41.84,-2.90768e-08,7.48612e-07
41.86,-8.83862e-07,7.86142e-07
41.88,-5.27371e-07,1.31512e-06
41.9,-1.84925e-07,2.13526e-08
41.92,-3.92569e-07,1.12651e-06
41.94,-2.85465e-07,4.42465e-07
41.96,-6.2079e-08,4.42688e-07
41.98,-1.54628e-07,8.13989e-07
42,5.14012e-08,1.86572e-07
42.02,1.13263e-07,4.49622e-07
42.04,4.73501e-07,2.83262e-07
42.06,6.69014e-07,3.47154e-07
42.08,9.21173e-07,4.08352e-07
42.1,6.14086e-07,-4.43645e-08
42.12,1.04212e-06,7.80574e-08
42.14,1.03075e-06,-1.50776e-08
42.16,1.36376e-06,2.53092e-09
42.18,1.44003e-06,-4.48915e-07
42.2,1.47922e-06,-1.83828e-07
42.22,5.08923e-07,1.53947e-07
42.24,4.65936e-07,-8.1925e-08
42.26,4.13239e-07,3.71648e-07
42.28,1.72509e-07,1.94339e-07
42.3,1.0097e-06,-1.86616e-07
42.32,8.01634e-09,6.9255e-07
42.34,8.14257e-07,3.53512e-07
42.36,2.92644e-07,2.55063e-07
42.38,2.37494e-07,6.05433e-07
42.4,6.88857e-07,-1.49027e-07
42.42,1.71301e-07,6.42353e-07
42.44,6.96394e-07,-9.38179e-09
42.46,5.42463e-07,2.23961e-07
42.48,2.66025e-07,4.9541e-09
42.5,3.88708e-07,-7.59359e-08
42.52,6.76675e-07,1.70206e-08
42.54,8.41526e-07,1.38539e-07
42.56,7.05049e-07,-3.47634e-07
42.58,5.51563e-07,4.93426e-07
42.6,9.18692e-07,-1.3952e-07
42.62,5.77351e-07,4.36224e-08
42.64,7.04131e-07,5.21116e-08
42.66,1.2245e-06,-1.32213e-07
42.68,9.23174e-07,8.04435e-08
42.7,-1.92021e-07,-1.59549e-07
42.72,4.78897e-08,2.71928e-07
42.74,-7.55839e-07,4.74303e-07
42.76,-9.29709e-07,7.88165e-07
42.78,-5.04529e-07,-1.78512e-07
42.8,-8.22742e-07,7.11075e-07
42.82,-5.19771e-07,4.7376e-07
42.84,-1.18411e-07,8.95033e-07
42.86,-5.85056e-07,1.90724e-07
42.88,-2.45757e-07,9.01679e-07
42.9,-5.40015e-07,5.39247e-07
42.92,2.40895e-07,6.49785e-07
42.94,-3.36558e-07,6.03754e-07
42.96,6.18379e-08,9.37086e-07
42.98,2.47831e-07,1.30201e-06
43,-7.62891e-07,5.388e-09
43.02,1.65741e-07,6.43369e-07
43.04,5.50482e-08,6.56686e-07
43.06,5.03619e-07,-7.10267e-08
43.08,-2.47743e-07,-5.40765e-08
43.1,6.35361e-07,3.65853e-07
43.12,-6.56699e-08,2.26198e-07
43.14,1.11385e-06,-2.45566e-07
43.16,-1.30903e-06,3.07575e-07
43.18,9.61948e-07,-6.36434e-08
43.2,-1.02289e-06,8.0336e-07
43.22,-1.25133e-06,2.14882e-07
43.24,-6.77254e-07,6.79938e-07
43.26,-9.80224e-07,6.12274e-07
43.28,-6.34622e-07,1.39933e-07
43.3,-8.07915e-07,6.19711e-07
43.32,-8.37419e-07,3.09247e-07
43.34,-7.73497e-07,6.46898e-07
43.36,-4.59124e-07,2.85062e-07
43.38,-4.49132e-08,6.28413e-07
43.4,1.83752e-07,7.65834e-07
43.42,-1.50243e-07,7.92231e-07
43.44,-1.34169e-07,9.03308e-07
43.46,-4.4725e-08,4.88663e-07
43.48,6.91649e-07,3.20724e-07
43.5,5.54262e-07,8.48073e-07
43.52,3.2591e-07,2.25223e-07
43.54,5.52546e-07,4.84786e-07
43.56,8.53293e-07,-3.54536e-08
43.58,8.03171e-07,-2.5984e-07
43.6,1.02621e-06,-4.24902e-07
43.62,1.4831e-06,-8.73128e-07
43.64,3.56705e-08,-2.63677e-07
43.66,2.12494e-07,-4.21713e-07
43.68,8.44252e-07,-3.44978e-07
43.7,-1.09458e-07,1.5745e-07
43.72,-3.11283e-08,-4.09678e-08
43.74,-1.55995e-07,4.7306e-07
43.76,-1.53644e-07,3.19426e-07
43.78,5.30742e-07,-3.43571e-07
43.8,-2.80459e-07,9.73326e-08
43.82,4.2968e-08,2.61805e-07
43.84,3.02718e-07,-1.86503e-07
43.86,2.6022e-07,1.28347e-07
43.88,5.93089e-07,-6.29724e-07
43.9,3.03694e-07,1.35271e-07
43.92,9.89605e-07,-6.57884e-07
43.94,5.43969e-07,2.20619e-08
43.96,9.10515e-07,-1.34735e-07
43.98,8.29781e-07,2.46025e-07
44,8.83154e-07,-5.59595e-07
44.02,1.34556e-06,-9.34881e-08
44.04,6.44524e-07,-7.28092e-08
44.06,1.54459e-06,-6.23412e-07
44.08,1.12642e-06,-4.99981e-07
44.1,1.82877e-06,-5.46813e-07
44.12,3.73632e-07,-1.08968e-07
44.14,4.09587e-07,-3.0207e-07
44.16,1.96562e-07,1.14584e-07
44.18,8.39521e-07,-3.73287e-07
44.2,7.23711e-08,5.13939e-07
44.22,-2.83721e-07,-3.73451e-07
44.24,-1.09881e-07,-1.65806e-08
44.26,1.2169e-08,2.56243e-07
44.28,4.38635e-07,-1.62574e-07
44.3,-4.3916e-07,-3.74265e-07
44.32,4.30023e-07,3.10872e-07
44.34,-1.63445e-07,-3.84645e-07
44.36,-5.87018e-07,-5.84947e-07
44.38,2.19264e-07,1.05303e-07
44.4,-1.22618e-07,-6.12657e-07
44.42,5.62657e-07,1.59698e-07
44.44,-6.65324e-07,-1.04853e-06
44.46,1.99284e-07,1.24872e-08
44.48,-2.2993e-08,-2.71882e-07
44.5,4.12936e-07,-3.84164e-07
44.52,-5.10521e-07,-3.6398e-07
44.54,1.89783e-07,-6.05366e-07
44.56,4.15024e-07,-6.23851e-07
44.58,3.86227e-07,-7.8305e-07
44.6,-1.52589e-06,-6.38119e-07
44.62,-6.29362e-07,-1.73305e-07
44.64,-1.21357e-06,-2.54325e-07
44.66,-2.55697e-06,-3.84926e-07
44.68,-4.48252e-07,-2.90499e-07
44.7,-1.95288e-06,-1.05738e-07
44.72,-1.1416e-06,3.99618e-07
44.74,-2.40776e-06,1.59892e-07
44.76,-9.02743e-07,2.83529e-07
44.78,-1.48196e-06,3.74439e-07
44.8,-6.34506e-07,1.18896e-07
44.82,-7.36706e-07,5.55758e-07
44.84,-7.67188e-07,4.71606e-07
44.86,-4.46323e-07,4.54086e-07
44.88,-4.02249e-08,1.6251e-07
44.9,4.53156e-07,3.52231e-07
44.92,1.07907e-06,1.87535e-07
44.94,1.3828e-06,1.04508e-07
44.96,2.01189e-06,-2.30067e-08
44.98,2.43191e-06,4.53412e-07
45,-0.00168838,-0.00211661
45.02,-0.00130036,-0.00234003
45.04,-0.00884866,-0.0103492
45.06,-0.0195052,-0.0193
45.08,-0.0253311,-0.025102
45.1,-0.0184722,-0.0151396
45.12,-0.0052377,0.00192402
45.14,0.00755564,0.0117455
45.16,-0.00755406,0.0200099
45.18,-0.0192239,0.0233025
45.2,-0.0180285,0.028185
45.22,-0.0128788,0.0232441
45.24,-0.0122019,0.0152241
45.26,-0.00509109,0.013882
45.28,-0.00397121,0.0125595
45.3,-0.00371584,0.00841619
45.32,0.00290109,0.00256102
45.34,0.00890797,-0.00238191
45.36,0.00974744,-0.00550764
45.38,0.0127613,-0.00996044
45.4,0.0105551,-0.00478646
45.42,0.0185645,0.00253853
45.44,0.0248689,0.00946322
45.46,0.0218266,0.0102801
45.48,0.0250747,0.0125417
45.5,0.0314364,0.018269
45.52,0.032467,0.0226994
45.54,0.0324893,0.0246641
45.56,0.0345812,0.0281647
45.58,0.0291577,0.0278319
45.6,0.0253664,0.0127869
45.62,0.00932089,-0.000324841
45.64,-0.0135472,-0.0154565
45.66,-0.0226405,-0.0278583
45.68,-0.00668591,-0.0277901
45.7,0.00736399,-0.0237732
45.72,-0.00325259,-0.0233624
45.74,-0.00452493,-0.0222324
45.76,0.0066111,-0.0231043
45.78,0.00990423,-0.0259051
45.8,0.00912181,-0.0282796
45.82,0.0161404,-0.031029
45.84,0.0245767,-0.0360705
45.86,0.0231134,-0.0373344
45.88,0.000910224,-0.016721
45.9,-0.0445751,0.0185077
45.92,-0.0468773,0.0325147
45.94,-0.0138028,0.0237601
45.96,0.00551643,0.013159
45.98,0.0119988,0.00956603
46,-0.00297473,0.0210178
46.02,0.000683003,0.0139417
46.04,-0.000940239,0.00434172
46.06,-0.00600799,0.000202169
46.08,-0.00828854,-0.000285508
46.1,-0.00463456,-0.00125601
46.12,-0.00898064,-0.00587319
46.14,-0.00417914,-0.00175124
46.16,-0.0107693,-0.000903009
46.18,-0.00985628,-0.0002049
46.2,-0.00651073,0.000449267
46.22,-0.0112758,0.00333127
46.24,-0.0149875,0.00745639
46.26,-0.014367,0.00898343
46.28,-0.0160967,0.00886664
46.3,-0.0190877,0.00819712
46.32,-0.0172877,0.0091402
46.34,-0.0160114,0.00923203
46.36,-0.0143839,0.00755377
46.38,0.00185822,-0.00685537
46.4,0.010701,-0.0206263
46.42,-0.00366184,-0.00665171
46.44,0.00541581,-0.000219188
46.46,0.0129379,0.00286021
46.48,0.00958767,0.0041947
46.5,0.00928317,0.00410759
46.52,0.012729,0.00288231
46.54,0.00743134,0.00325958
46.56,0.00658047,0.00404539
46.58,0.00910675,0.00218589
46.6,0.00307473,-0.000296197
46.62,-0.00197705,-0.00397165
46.64,-0.00359781,-0.00683048
46.66,-0.0018739,-0.00634991
46.68,-0.00356061,-0.00236496
46.7,-0.00891771,0.00143807
46.72,-0.0108144,0.0050857
46.74,-0.011466,0.00648889
46.76,-0.0141185,0.0098882
46.78,-0.0174117,0.013633
46.8,-0.0214799,0.0143681
46.82,-0.0211514,0.0160011
46.84,-0.0205746,0.0162867
46.86,-0.00984035,0.00819341
46.88,0.00640313,-0.0131537
46.9,0.014984,-0.0304476
46.92,-0.00438435,-0.0177151
46.94,-0.000720313,-0.0106596
46.96,0.00819085,-0.0122473
46.98,-0.00120665,-0.0128348
47,-0.0068788,-0.0150228
47.02,-0.00496392,-0.019386
47.04,-0.0111328,-0.021587
47.06,-0.0195567,-0.0252223
47.08,-0.0223368,-0.0311383
47.1,-0.0227648,-0.0318101
47.12,-0.0103789,-0.0177444
47.14,0.0300286,0.0157512
47.16,0.0397985,0.0287706
47.18,0.00766465,0.0176397
47.2,-0.0111377,0.00665307
47.22,0.00275925,0.0141466
47.24,0.00659459,0.0180294
47.26,-0.00215767,0.00977057
47.28,0.00644465,0.00299417
47.3,0.0131567,0.00124835
47.32,0.00765164,-0.000189931
47.34,0.0103707,-0.00366654
47.36,0.0202946,-0.0103532
47.38,0.012913,-0.00915506
47.4,-0.0145569,0.00848597
47.42,0.0045799,0.00363528
47.44,0.0147975,-0.00215353
47.46,-0.00620248,0.00171951
47.48,0.00428678,0.00109041
47.5,0.0065331,0.00236532
47.52,0.00358902,0.00452314
47.54,0.00471577,0.00277763
47.56,0.00671413,0.00158625
47.58,0.0041942,0.00168212
47.6,0.0026713,0.000325467
47.62,0.00106729,-0.00222109
47.64,0.00115025,-0.000748162
47.66,-0.00183784,0.00295655
47.68,-0.00727993,0.00633114
47.7,-0.00618638,0.00765951
47.72,-0.0043104,0.00658776
47.74,-0.0124077,0.0118231
47.76,-0.0147104,0.0170248
47.78,-0.0149792,0.0160898
47.8,-0.0152785,0.0152323
47.82,-0.0175809,0.0174855
47.84,-0.0182197,0.0187226
47.86,-0.004383,0.00701914
47.88,0.00935271,-0.0142325
47.9,0.0139073,-0.025805
47.92,0.000906861,-0.0138529
47.94,0.00584083,-0.00618212
47.96,0.0153972,-0.00469929
47.98,0.00982806,-0.0037733
48,0.00267201,-0.00583627
48.02,0.00544126,-0.00740357
48.04,0.00328894,-0.00826043
48.06,-0.00327573,-0.0104919
48.08,-0.00630833,-0.0148015
48.1,-0.0105739,-0.0183877
48.12,-0.0103951,-0.0176663
48.14,0.0162578,0.00533674
48.16,0.0238993,0.019868
48.18,-0.00974826,0.0112962
48.2,-0.0209533,0.00631551
48.22,0.00582636,0.0145756
48.24,-0.00625544,0.0127894
48.26,-0.0131712,0.00951743
48.28,-0.00448722,0.0113528
48.3,-0.00880081,0.012514
48.32,-0.0134025,0.0149321
48.34,-0.0104184,0.0147029
48.36,-0.000469202,0.0074301
48.38,0.0120579,-0.00943983
48.4,0.0174068,-0.0207873
48.42,0.00260488,-0.00638308
48.44,0.0136671,-0.00158854
48.46,0.0197639,0.00124621
48.48,0.0116571,0.00194736
48.5,0.0140155,0.00139417
48.52,0.0169018,0.00121496
48.54,0.0105014,0.00125225
48.56,0.0088994,-0.000916702
48.58,0.0075286,-0.00226606
48.6,0.00354794,-0.00420844
48.62,-0.00126697,-0.0090955
48.64,-0.00274899,-0.0101023
48.66,0.000784193,0.00130358
48.68,-0.0145471,0.0057001
48.7,-0.0179021,0.0117937
48.72,-0.0128438,0.0110278
48.74,-0.0178509,0.0120458
48.76,-0.0220756,0.0179133
48.78,-0.0242084,0.0211138
48.8,-0.0238718,0.0224846
48.82,-0.0264796,0.0263521
48.84,-0.0160254,0.0190532
48.86,-0.00308551,0.00305632
48.88,0.00570316,-0.0137327
48.9,0.0232097,-0.0248565
48.92,0.0119932,-0.0228103
48.94,0.000257589,-0.0156974
48.96,0.00769224,-0.0165225
48.98,0.00962258,-0.0166484
49,0.000441977,-0.0161805
49.02,-0.00321451,-0.0181654
49.04,-0.00275184,-0.0213083
49.06,-0.00916064,-0.0236372
49.08,-0.0163036,-0.0280205
49.1,-0.0197528,-0.0325396
49.12,-0.006507,-0.0196496
49.14,0.029856,0.00850408
49.16,0.0357111,0.0186448
49.18,0.00547565,0.00648844
49.2,-0.011175,-0.00308913
49.22,0.0133303,0.00704878
49.24,0.0129467,0.0100064
49.26,-0.00240728,0.00207
49.28,0.00956765,-7.31522e-05
49.3,0.0145911,-0.00107671
49.32,0.00549369,-0.00124762
49.34,0.00821475,-0.0029284
49.36,0.0174747,-0.00756201
49.38,0.00972855,-0.00484497
49.4,-0.0110387,0.0121394
49.42,0.0111936,0.00826534
49.44,0.0222904,0.00385911
49.46,-0.00190552,0.0107298
49.48,0.00751709,0.00603724
49.5,0.00901269,0.00492841
49.52,0.00288635,0.00638169
49.54,0.00821198,0.00576488
49.56,0.0086595,0.00491357
49.58,0.00468419,0.00421156
49.6,0.0032023,0.00156879
49.62,0.00204819,-0.000779772
49.64,-0.0116422,-0.013612
49.66,0.00418248,-0.0041994
49.68,-0.00621707,0.00272847
49.7,-0.0128587,0.00349159
49.72,-0.0087832,0.00839517
49.74,-0.0145414,0.0095882
49.76,-0.0168042,0.0106317
49.78,-0.0147926,0.0114248
49.8,-0.0177126,0.0129294
49.82,-0.0187099,0.0149581
49.84,-0.0176384,0.0142659
49.86,-0.00762403,0.00802528
49.88,0.00624282,-0.00740758
49.9,0.0180287,-0.0270627
49.92,-0.000160229,-0.0215703
49.94,-0.00714778,-0.00918292
49.96,0.0126453,-0.0071278
49.98,0.0098147,-0.00424936
50,-0.00100543,-0.00381737
50.02,0.00368615,-0.00908739
50.04,5.65747e-05,-0.0101601
50.06,-0.0046726,-0.010078
50.08,-0.00273749,-0.0112875
50.1,-0.003459,-0.0103047
50.12,0.00238072,-0.00123415
50.14,0.0152516,0.00594074
50.16,0.00309111,0.00123467
50.18,0.00739334,-0.00580336
50.2,0.0204391,-0.0090255
50.22,0.0122882,-0.00946053
50.24,0.0138063,-0.00945908
50.26,0.0203911,-0.0135015
50.28,0.022629,-0.0188322
50.3,0.0249694,-0.0234404
50.32,0.0312544,-0.0272856
50.34,0.0368264,-0.032423
50.36,0.0398759,-0.0387442
50.38,0.0190833,-0.0241707
50.4,-0.0276741,0.00819537
50.42,-0.0660742,0.0399521
50.44,-0.0353555,0.0304772
50.46,-0.00396835,0.0136006
50.48,0.020142,0.000993138
50.5,0.0120962,0.00788321
50.52,-0.0171051,0.0258716
50.54,-0.00423729,0.0225038
50.56,0.00759847,0.011235
50.58,-0.0064119,0.00493754
50.6,-0.0121109,0.00146189
50.62,-0.0110802,-0.000504752
50.64,-0.000267418,0.0134075
50.66,-0.0188551,0.0149995
50.68,-0.0302792,0.015349
50.7,-0.0161055,0.0258954
50.72,-0.0174543,0.0186683
50.74,-0.0247569,0.0176235
50.76,-0.0222352,0.0239602
50.78,-0.0233443,0.0232993
50.8,-0.0244346,0.0233223
50.82,-0.0263702,0.0233888
50.84,-0.0204911,0.0196689
50.86,-0.00936023,0.003442
50.88,0.00928467,-0.0126461
50.9,0.0281224,-0.0279053
50.92,0.0113497,-0.0174366
50.94,0.00759805,-0.00353613
50.96,0.0219789,-0.0029074
50.98,0.0230556,-0.000820781
51,0.0149185,0.00311978
51.02,0.0167531,0.00038231
51.04,0.0162912,-0.00227673
51.06,0.010697,-0.0018156
51.08,0.0111091,-0.00171232
51.1,0.00918584,-0.0046167
51.12,0.0014116,-0.00902499
51.14,-0.00279548,-0.0118646
51.16,0.0020478,-0.00550542
51.18,-0.00631955,0.000187628
51.2,-0.0116329,0.00446388
51.22,-0.00738895,0.00365164
51.24,-0.0111969,0.00605129
51.26,-0.0168693,0.0127314
51.28,-0.018811,0.0161554
51.3,-0.0191934,0.0178952
51.32,-0.0205241,0.0215853
51.34,-0.0197984,0.024067
51.36,-0.0134117,0.00781932
51.38,0.00778739,-0.0149465
51.4,0.0220106,-0.0301041
51.42,0.00118734,-0.0239925
51.44,-0.00856959,-0.0159581
51.46,0.00389646,-0.0190873
51.48,0.00146059,-0.0205124
51.5,-0.0133988,-0.0226383
51.52,-0.010819,-0.0266169
51.54,-0.0152282,-0.0309652
51.56,-0.0264832,-0.0360225
51.58,-0.0312359,-0.0421461
51.6,-0.036629,-0.0471461
51.62,-0.034575,-0.0428033
51.64,0.000817087,-0.0126885
51.66,0.0479284,0.0234866
51.68,0.0569519,0.0436302
51.7,0.012239,0.026695
51.72,-0.0146186,0.0118574
51.74,-0.00878243,0.0201454
51.76,0.0133682,0.0356671
51.78,-0.0118692,0.0313215
51.8,-0.0111527,0.0252939
51.82,-0.00176949,0.020131
51.84,-0.00178362,0.0179111
51.86,0.00458877,0.0080034
51.88,0.0193735,-0.0070373
51.9,0.0230659,-0.0142349
51.92,0.00505964,-0.00617766
51.94,0.00848029,-0.00303846
51.96,0.0172103,-0.00169544
51.98,0.012622,-0.000879896
52,0.00624619,-0.00391131
52.02,0.0066906,-0.0072991
52.04,0.00256185,-0.00805121
52.06,-0.00322726,-0.0108761
52.08,-0.00881703,-0.0168286
52.1,-0.0155719,-0.0230337
52.12,-0.00956921,-0.0174528
52.14,0.0220836,0.00789465
52.16,0.0309313,0.0228339
52.18,-0.0030228,0.0133444
52.2,-0.0101972,0.00569516
52.22,0.00075303,0.017429
52.24,-0.00988109,0.0165546
52.26,-0.01065,0.0157405
52.28,-0.00712134,0.0168302
52.3,-0.0127221,0.0172095
52.32,-0.014541,0.0166417
52.34,-0.0117374,0.0162778
52.36,-0.000427595,0.00748165
52.38,0.0124817,-0.00840658
52.4,0.020368,-0.0225762
52.42,0.00409892,-0.00885558
52.44,0.0160026,0.00115962
52.46,0.0255151,0.00295874
52.48,0.0181581,0.00468002
52.5,0.0142111,0.0023781
52.52,0.019212,0.00338805
52.54,0.0159799,0.0047146
52.56,0.0118229,0.00389225
52.58,0.00990605,0.000134862
52.6,0.00496982,-0.00241567
52.62,0.00116188,-0.00612501
52.64,-0.0108391,-0.0176801
52.66,0.00607412,-0.00688311
52.68,-0.00480114,0.000513235
52.7,-0.0116695,0.000384544
52.72,-0.00592237,0.00502623
52.74,-0.0107856,0.00501627
52.76,-0.0155822,0.00876063
52.78,-0.0164002,0.0120592
52.8,-0.0201203,0.0124582
52.82,-0.0202182,0.0139315
52.84,-0.019831,0.0145102
52.86,-0.0109152,0.00839698
52.88,0.00246879,-0.00750746
52.9,0.0190005,-0.0261096
52.92,0.0107327,-0.0270654
52.94,-0.00738871,-0.00970925
52.96,0.0127046,-0.0072805
52.98,0.0163813,-0.00554449
53,0.00167649,-0.00386693
53.02,0.00475662,-0.00966302
53.04,0.00411807,-0.00994567
53.06,-0.00123107,-0.00914091
53.08,-0.00121919,-0.0107547
53.1,-0.00433998,-0.0134128
53.12,0.000415149,-0.00364258
53.14,0.0140725,0.0118374
53.16,-0.0033126,0.00574159
53.18,-9.93161e-05,-0.00476797
53.2,0.0172297,-0.00596185
53.22,0.00930674,-0.00482636
53.24,0.00735354,-0.00675026
53.26,0.0162195,-0.0098706
53.28,0.0175957,-0.0141366
53.3,0.0170467,-0.0177721
53.32,0.0239173,-0.0203284
53.34,0.0275869,-0.0243091
53.36,0.0107998,-0.0129567
53.38,-0.00453626,0.00286951
53.4,-0.0273838,0.0208729
53.42,0.00310537,0.00862621
53.44,0.00712199,0.0016449
53.46,-0.0206915,0.00181002
53.48,-0.0185203,-0.00216433
53.5,-0.0123777,-0.00959315
53.52,-0.0222188,-0.0100856
53.54,-0.024696,-0.0139427
53.56,-0.0239203,-0.0201333
53.58,-0.0314932,-0.0247657
53.6,-0.020783,-0.0137686
53.62,-0.0100997,-0.0030316
53.64,0.00327371,0.00625322
53.66,0.0270322,0.0229841
53.68,0.00973576,0.0162037
53.7,-0.00103497,0.00386163
53.72,0.0258739,0.00109089
53.74,0.0245101,-0.00659318
53.76,0.0215874,-0.00972803
53.78,0.0288006,-0.0130695
53.8,0.0316266,-0.019419
53.82,0.0357198,-0.027255
53.84,0.0429973,-0.0329279
53.86,0.0479356,-0.0380747
53.88,0.0371176,-0.0331518
53.9,-0.00658919,-0.00263776
53.92,-0.0489187,0.028386
53.94,-0.0530827,0.0412406
53.96,-0.0143128,0.0231663
53.98,0.00847689,0.0107706
54,-0.00409978,0.0203168
54.02,-0.00962858,0.0266016
54.04,0.000255958,0.0188111
54.06,-0.00446712,0.0111138
54.08,-0.0130372,0.00791332
54.1,-0.00933465,0.0080666
54.12,-0.00696294,0.00506346
54.14,0.000359657,0.0135099
54.16,-0.0152679,0.011838
54.18,-0.0147378,0.0129888
54.2,-0.00669381,0.0152048
54.22,-0.0127273,0.011964
54.24,-0.0162349,0.0161877
54.26,-0.0147306,0.0198503
54.28,-0.0172644,0.0176236
54.3,-0.0165886,0.0163592
54.32,-0.0169485,0.0175221
54.34,-0.0189246,0.0180663
54.36,-0.0105148,0.0130086
54.38,0.0013719,-0.00575907
54.4,0.0161742,-0.0277624
54.42,-0.00363972,-0.0179071
54.44,-0.0060721,-0.0104424
54.46,0.0102004,-0.00826012
54.48,0.00425156,-0.00633692
54.5,-0.00734068,-0.0105939
54.52,-0.00230563,-0.0136602
54.54,-0.00523572,-0.0143105
54.56,-0.0140306,-0.0173842
54.58,-0.0175498,-0.0227664
54.6,-0.0229143,-0.0286657
54.62,-0.020773,-0.025001
54.64,0.0099105,0.00318821
54.66,0.0500466,0.0350781
54.68,0.0237124,0.0339093
54.7,-0.00908308,0.0222165
54.72,-0.0248232,0.0136083
54.74,-0.00912606,0.0290911
54.76,-0.0128202,0.0292135
54.78,-0.0160093,0.0216132
54.8,-0.00972104,0.015538
54.82,-0.0106328,0.0148083
54.84,-0.0136823,0.0172969
54.86,-0.0055593,0.0117475
54.88,0.00545715,-0.00556405
54.9,0.024249,-0.0259315
54.92,0.0124497,-0.0199657
54.94,0.00481614,-0.00432952
54.96,0.0213077,-0.00412766
54.98,0.0186546,-0.00102529
55,0.0119871,-0.0010335
55.02,0.015254,-0.00191835
55.04,0.0147666,-0.00179673
55.06,0.0114955,-0.00181988
55.08,0.0101943,-0.00314088
55.1,0.00739893,-0.00475456
55.12,0.00267335,-0.00886929
55.14,0.00170408,-0.00939371
55.16,0.00668114,0.00357929
55.18,-0.0133524,0.00632893
55.2,-0.0137432,0.0119663
55.22,-0.00463715,0.00947564
55.24,-0.0148527,0.0108272
55.26,-0.0151014,0.0167688
55.28,-0.0178356,0.019711
55.3,-0.0170519,0.0178294
55.32,-0.0193213,0.0169605
55.34,-0.0186345,0.0214151
55.36,-0.0110967,0.0124171
55.38,0.00732011,-0.00627928
55.4,0.0307468,-0.0321011
55.42,0.0120671,-0.0262917
55.44,-0.000601233,-0.0119932
55.46,0.00917123,-0.0134164
55.48,0.00788732,-0.0157161
55.5,-0.00566336,-0.0173483
55.52,-0.00292902,-0.0198977
55.54,-0.00768158,-0.0244868
55.56,-0.0187094,-0.0295677
55.58,-0.0226081,-0.0347187
55.6,-0.0230089,-0.0334499
55.62,-0.0140565,-0.0192856
55.64,0.0165233,0.0048115
55.66,0.0517637,0.0305688
55.68,0.0191451,0.0203919
55.7,-0.00960012,0.00365875
55.72,-0.00375301,0.00239833
55.74,0.0285131,0.00967125
55.76,0.0164126,-0.000119342
55.78,0.010556,-0.0100464
55.8,0.0261117,-0.0140336
55.82,0.0286459,-0.0177726
55.84,0.0233799,-0.0207789
55.86,0.0285206,-0.0240691
55.88,0.0105784,-0.00555086
55.9,-0.0250677,0.0206763
55.92,-0.0201769,0.0263594
55.94,0.0116604,0.0136204
55.96,0.0149341,0.00677109
55.98,-0.00200098,0.0181443
56,0.00605134,0.0125253
56.02,0.00534455,0.00517649
56.04,-0.00330302,0.00390372
56.06,-0.000838402,0.00236776
56.08,0.00125522,-0.00102599
56.1,-0.00741221,-0.00537369
56.12,-0.0149895,-0.0132271
56.14,-0.00998238,-0.0124384
56.16,0.014262,0.00941697
56.18,-0.00160813,0.0135197
56.2,-0.0166435,0.00422678
56.22,0.00151059,0.0066316
56.24,-0.0053504,0.0093606
56.26,-0.0138463,0.0124572
56.28,-0.0130953,0.014412
56.3,-0.0129788,0.0147109
56.32,-0.0144656,0.0168442
56.34,-0.0217451,0.0175967
56.36,-0.0171907,0.0177003
56.38,-0.00519242,0.00163381
56.4,0.0116764,-0.0273697
56.42,-0.00289697,-0.027937
56.44,-0.012973,-0.0161645
56.46,-0.00145631,-0.0147357
56.48,-0.00451518,-0.0162889
56.5,-0.0165609,-0.0219878
56.52,-0.0178828,-0.0278036
56.54,-0.0212585,-0.0299302
56.56,-0.030115,-0.0336448
56.58,-0.0186974,-0.0218574
56.6,-0.00297562,-0.00366671
56.62,0.0219407,0.0189285
56.64,0.0368623,0.0348513
56.66,0.00373555,0.0233521
56.68,-0.0191944,0.00251762
56.7,0.007115,0.00161822
56.72,0.0423376,0.006605
56.74,0.0362838,-0.00428795
56.76,0.0219994,-0.0254815
56.78,0.0442568,-0.0263231
56.8,0.0500555,-0.0293855
56.82,0.0476412,-0.0382494
56.84,0.0598217,-0.0462563
56.86,0.0709808,-0.0561613
56.88,0.0722207,-0.0611868
56.9,0.0372641,-0.0367185
56.92,-0.0111359,0.00200018
56.94,-0.0666801,0.0419185
56.96,-0.0690793,0.059011
56.98,-0.0319424,0.0416494
57,-0.00588286,0.0262146
57.02,0.0115719,0.0155866
57.04,0.00641328,0.0263135
57.06,-0.00960323,0.0392696
57.08,0.00462983,0.0305713
57.1,-9.96278e-05,0.0196118
57.12,-0.0139672,0.0113183
57.14,-0.02282,-0.00235663
57.16,-0.00486172,0.00751551
57.18,-0.0108898,0.0127186
57.2,-0.0195729,0.0113228
57.22,-0.00687163,0.00927901
57.24,-0.0107556,0.00855913
57.26,-0.0150027,0.0109289
57.28,-0.0103888,0.010445
57.3,-0.00986066,0.0100291
57.32,-0.0112522,0.00964294
57.34,-0.010705,0.00910693
57.36,-0.00564819,0.00783564
57.38,0.00170998,-0.000382987
57.4,0.0064076,-0.00937422
57.42,-0.00328865,0.00168509
57.44,0.0125345,0.00558705
57.46,0.0120817,0.00777324
57.48,0.00766763,0.00811616
57.5,0.0116967,0.0083815
57.52,0.0148473,0.00944933
57.54,0.0132923,0.0102762
57.56,0.0136735,0.00869382
57.58,0.0124828,0.00759696
57.6,0.00898355,0.00528342
57.62,0.0043165,0.00146053
57.64,-0.0139946,-0.0166596
57.66,-0.0137169,-0.0254279
57.68,0.0113092,-0.00903489
57.7,-0.00650184,-0.00444473
57.72,-0.0156155,-0.0017827
57.74,-0.00725173,0.00249711
57.76,-0.00966749,0.000141584
57.78,-0.0108374,-0.000845896
57.8,-0.00696069,9.61432e-05
57.82,-0.0072951,0.000647258
57.84,-0.00855625,-0.000773694
57.86,-0.00243961,-0.00358963
57.88,0.00194748,-0.00701663
57.9,-0.0020407,-0.00404493
57.92,0.00174654,0.00139652
57.94,0.0113918,0.00478593
57.96,0.0078622,0.00790848
57.98,0.0111823,0.00786424
58,0.0129464,0.0114702
58.02,0.0152421,0.0165728
58.04,0.0184828,0.0178512
58.06,0.0169959,0.0201747
58.08,0.0175497,0.0225974
58.1,0.0155714,0.0225781
58.12,0.00104274,0.0111907
58.14,-0.0141102,-0.00306211
58.16,-0.0306902,-0.0220787
58.18,-0.00755942,-0.0123287
58.2,-0.0103187,-0.00185564
58.22,-0.027922,0.00146124
58.24,-0.0242815,0.00706611
58.26,-0.0183822,0.0073516
58.28,-0.0207615,0.00426859
58.3,-0.0204296,0.00528228
58.32,-0.0181878,0.00709032
58.34,-0.0189514,0.00601442
58.36,-0.0161058,0.00421638
58.38,0.0041182,-0.0113566
58.4,0.0199196,-0.0327559
58.42,0.00242207,-0.0266243
58.44,-0.00904556,-0.0108243
58.46,0.0102994,-0.00959894
58.48,0.0144645,-0.00691989
58.5,-0.00043903,-0.00199246
58.52,0.00592012,-0.006869
58.54,0.00255847,-0.00902859
58.56,-0.00243018,-0.00824521
58.58,-0.00154259,-0.00905718
58.6,-0.00602616,-0.0124043
58.62,-0.0148399,-0.01869
58.64,-0.00157502,-0.0101814
58.66,0.0193446,0.00994183
58.68,-0.00381695,0.00852685
58.7,-0.0145039,0.00269178
58.72,0.0022988,0.00791882
58.74,-0.00435926,0.00865221
58.76,-0.0113545,0.0116766
58.78,-0.0099776,0.0143162
58.8,-0.010509,0.0148846
58.82,-0.0115582,0.0151781
58.84,-0.0115359,0.0151499
58.86,-0.00645362,0.0146123
58.88,0.00684903,0.00028338
58.9,0.021408,-0.018587
58.92,0.00639471,-0.0186575
58.94,-0.000457692,-0.00777161
58.96,0.017127,-0.00236299
58.98,0.0193498,0.00376044
59,0.0134151,0.0031304
59.02,0.0119512,-0.000121453
59.04,0.0110926,-0.00028089
59.06,0.0106397,0.00120648
59.08,0.0102335,0.000699206
59.1,0.00455219,-0.00211831
59.12,-0.002046,-0.00822149
59.14,-0.00663022,-0.0124026
59.16,0.000699188,-0.00277917
59.18,-0.00969598,0.00445228
59.2,-0.017414,0.010612
59.22,-0.0144978,0.0107235
59.24,-0.0155584,0.0118409
59.26,-0.0213467,0.018402
59.28,-0.0265462,0.0243113
59.3,-0.0274307,0.0273244
59.32,-0.0270325,0.0300329
59.34,-0.0206573,0.0250153
59.36,-0.0109659,0.00810928
59.38,-0.00445574,-0.0048892
59.4,0.0201177,-0.0182733
59.42,0.0249162,-0.0269969
59.44,0.00695637,-0.0257411
59.46,-0.00414962,-0.0209376
59.48,0.00855425,-0.020959
59.5,0.00903152,-0.0186516
59.52,-0.00258592,-0.0194105
59.54,-0.00375871,-0.0205919
59.56,-0.00079845,-0.0223224
59.58,-0.00896586,-0.0242859
59.6,-0.017187,-0.0291301
59.62,-0.00634739,-0.0201461
59.64,0.0182177,0.001128
59.66,0.0386148,0.0224482
59.68,0.00752924,0.0137716
59.7,-0.0105881,0.00284749
59.72,0.0178792,0.0036774
59.74,0.0101271,0.00246097
59.76,0.00307747,6.79556e-05
59.78,0.0111384,-0.000919207
59.8,0.0114621,-0.00362288
59.82,0.0109419,-0.0076658
59.84,0.0161292,-0.0104653
59.86,0.0194715,-0.0141677
59.88,0.0175561,-0.0148901
59.9,-0.00674019,0.00602791
59.92,-0.010829,0.0168323
59.94,0.0141936,-0.00065558
59.96,0.00423645,0.00273936
59.98,-0.0036364,0.0106072
60,0.0142271,0.00752353
60.02,0.00876824,0.0084508
60.04,0.00500148,0.0090136
60.06,0.0112529,0.0105996
60.08,0.0155697,0.0115035
60.1,0.00978139,0.0115786
60.12,0.00166194,0.00433046
60.14,-0.0103021,-0.0115172
60.16,-0.0017634,-0.0139154
60.18,0.00605498,-0.00362437
60.2,-0.00964342,-0.00249745
60.22,-0.00795499,0.00213237
60.24,-0.00423331,0.000751488
60.26,-0.00535702,-0.000161169
60.28,-0.00706028,-0.000365571
60.3,-0.00439391,-0.000188751
60.32,-0.00289508,-0.00170835
60.34,-0.00150881,-0.00376711
60.36,0.00102933,-0.00631386
60.38,0.00539248,-0.00924801
60.4,-0.00533099,-0.00111499
60.42,-0.00289705,0.00423389
60.44,0.00801833,0.00078317
60.46,-0.0041113,0.00179068
60.48,0.00464418,0.00485679
60.5,0.00950749,0.00872979
60.52,0.00894816,0.0105337
60.54,0.00844999,0.0105807
60.56,0.0135142,0.0101976
60.58,0.0143571,0.0120908
60.6,0.0133255,0.0128418
60.62,-0.000500052,0.00348308
60.64,-0.015191,-0.0150444
60.66,-0.00407684,-0.0154698
60.68,0.00251386,-0.00340086
60.7,-0.0155111,-0.000479278
60.72,-0.0151325,0.00544093
60.74,-0.00995174,0.00483022
60.76,-0.0125122,0.00304679
60.78,-0.0135871,0.0037628
60.8,-0.0110837,0.00515291
60.82,-0.0110263,0.00491444
60.84,-0.0108955,0.00390494
60.86,-0.00719945,0.00241139
60.88,-0.00435241,0.000350046
60.9,0.00978158,-0.0115927
60.92,0.00081953,-0.0114919
60.94,-2.98397e-05,-0.00266533
60.96,0.0155751,0.00425381
60.98,0.0152994,0.0081637
61,0.0111763,0.00604571
61.02,0.0143431,0.0066778
61.04,0.0191548,0.011078
61.06,0.0197323,0.0133248
61.08,0.018376,0.013353
61.1,0.0176571,0.0116598
61.12,0.0111401,0.00848374
61.14,-0.00806215,-0.00978898
61.16,-0.0184011,-0.0257411
61.18,0.000326665,-0.0128371
61.2,-0.0054432,-0.00468027
61.22,-0.0188506,-0.00426319
61.24,-0.00994169,-0.00193997
61.26,-0.00646242,-0.00254806
61.28,-0.0108127,-0.00484041
61.3,-0.0080971,-0.00351259
61.32,-0.00398919,-0.00367232
61.34,-0.00378981,-0.00705559
61.36,0.00067639,-0.00948818
61.38,0.00478289,-0.0117843
61.4,-0.00442405,-0.00409875
61.42,-0.00137228,0.00317684
61.44,0.0143083,0.00284512
61.46,0.00422589,0.00680452
61.48,0.00742038,0.0049043
61.5,0.0120176,0.009523
61.52,0.0148476,0.0149113
61.54,0.0168416,0.0150328
61.56,0.0171745,0.0160905
61.58,0.0192293,0.0181242
61.6,0.0217603,0.0173524
61.62,0.00999515,0.00391442
61.64,-0.0106567,-0.0144125
61.66,-0.0195291,-0.0245897
61.68,-0.00158767,-0.0145058
61.7,-0.0016583,-0.0101265
61.72,-0.0169433,-0.00919451
61.74,-0.00838109,-0.00758203
61.76,1.0198e-05,-0.00961816
61.78,-0.0033104,-0.0123236
61.8,-0.000657723,-0.0137945
61.82,0.00718282,-0.016193
61.84,0.010418,-0.0203149
61.86,0.0146312,-0.0243393
61.88,-0.000614384,-0.00821831
61.9,-0.0289991,0.0153643
61.92,-0.010218,0.0130913
61.94,0.013988,0.000513014
61.96,-0.00848165,0.00204698
61.98,-0.0114934,0.00531642
62,0.0035566,0.00499405
62.02,-0.00328623,0.0064835
62.04,-0.00403035,0.00230762
62.06,-0.00414491,0.00125247
62.08,-0.00240007,0.0027285
62.1,-0.00180238,0.00228057
62.12,-0.00791212,-0.0025085
62.14,-0.00724236,-0.00271452
62.16,-0.00492327,0.00237079
62.18,-0.010746,0.00280399
62.2,-0.0133468,0.00703791
62.22,-0.0101954,0.00985769
62.24,-0.0161322,0.00974436
62.26,-0.0180369,0.0145749
62.28,-0.0196489,0.0186734
62.3,-0.0214606,0.0190895
62.32,-0.0203651,0.0210759
62.34,-0.0245367,0.0186332
62.36,-0.0141865,0.00947629
62.38,-0.000138741,-0.00670824
62.4,0.0205164,-0.0261
62.42,0.00628167,-0.0220456
62.44,-0.00221207,-0.00819559
62.46,0.0115929,-0.00547402
62.48,0.0167088,-0.00470495
62.5,0.00440666,-0.00210333
62.52,0.00707124,-0.00587487
62.54,0.00475397,-0.00968116
62.56,-0.00236161,-0.010397
62.58,-0.00269889,-0.0121509
62.6,-0.00673192,-0.0160339
62.62,-0.0162853,-0.0230775
62.64,0.000863821,-0.00913983
62.66,0.0272049,0.0150817
62.68,0.00248212,0.012405
62.7,-0.0233877,0.00231752
62.72,0.00210106,0.00882588
62.74,8.80646e-05,0.0122409
62.76,-0.0101895,0.00910608
62.78,-0.00194032,0.00927539
62.8,-0.00417663,0.00947081
62.82,-0.0103614,0.0107509
62.84,-0.00862223,0.0127555
62.86,-0.0055399,0.0105224
62.88,0.00834489,-0.00436126
62.9,0.0214177,-0.0224147
62.92,-0.000799148,-0.0128486
62.94,0.000799259,-0.00408023
62.96,0.0179527,-0.00394291
62.98,0.0125439,0.00360097
63,0.00957331,0.00301775
63.02,0.0113162,-0.000842215
63.04,0.00820752,-0.00139821
63.06,0.0063717,-0.00151283
63.08,0.00618852,-0.00391965
63.1,-0.000280456,-0.00762597
63.12,-0.00737574,-0.0135255
63.14,-0.00648078,-0.0135804
63.16,0.0159686,0.0107091
63.18,-0.00572514,0.00812586
63.2,-0.0205442,0.00178954
63.22,-0.0031801,0.0127135
63.24,-0.00975395,0.0112634
63.26,-0.0153812,0.0099458
63.28,-0.0111512,0.0138533
63.3,-0.0184195,0.0160602
63.32,-0.0208483,0.0194958
63.34,-0.0200942,0.0209267
63.36,-0.0137011,0.0120444
63.38,0.000160144,-0.00773056
63.4,0.0247943,-0.0250365
63.42,0.00918325,-0.0162022
63.44,0.000999972,-0.00559956
63.46,0.014363,-0.0105284
63.48,0.00724827,-0.0114716
63.5,-0.00203304,-0.0102501
63.52,0.00262553,-0.0140032
63.54,-0.00173757,-0.0171263
63.56,-0.0113301,-0.020335
63.58,-0.0128571,-0.0245854
63.6,-0.018227,-0.0291803
63.62,-0.019611,-0.0279065
63.64,0.00885119,-0.00255738
63.66,0.0453078,0.0242648
63.68,0.0202289,0.0212064
63.7,-0.0136555,0.00610166
63.72,-0.0232331,0.00437229
63.74,0.00467865,0.022205
63.76,-0.00135757,0.024008
63.78,-0.0180331,0.0155519
63.8,-0.00677239,0.0120244
63.82,-0.00181099,0.0121371
63.84,-0.0122485,0.0135547
63.86,-0.00665909,0.00978393
63.88,0.0059481,-0.00244476
63.9,0.020347,-0.022127
63.92,0.00349685,-0.0164037
63.94,0.000302421,-0.00831898
63.96,0.0196076,-0.0031839
63.98,0.0140353,0.000319002
64,0.00527331,-0.00208214
64.02,0.0101171,-0.00416677
64.04,0.00748812,-0.00388959
64.06,0.00253179,-0.00447061
64.08,0.000208372,-0.00765426
64.1,-0.00563987,-0.0113036
64.12,-0.0126471,-0.0173403
64.14,-0.00401236,-0.0102204
64.16,0.0231976,0.0123479
64.18,0.00237789,0.00848934
64.2,-0.00821018,0.00170071
64.22,0.00831598,0.00826146
64.24,-0.00224808,0.00809858
64.26,-0.00910349,0.00995333
64.28,-0.00650003,0.0143679
64.3,-0.0125128,0.0146071
64.32,-0.0153958,0.0175349
64.34,-0.0170679,0.0213155
64.36,-0.00981913,0.0164754
64.38,0.000271186,0.0020588
64.4,0.0165737,-0.0176641
64.42,0.00786735,-0.0192025
64.44,0.00173756,-0.00888278
64.46,0.011894,-0.00487888
64.48,0.0115791,-0.00390329
64.5,0.00370036,-0.00812477
64.52,0.0051187,-0.00896727
64.539,0.00391922,-0.00861122
64.56,-0.000960693,-0.0103606
64.58,-0.00521641,-0.0154582
64.6,-0.0125175,-0.0210701
64.62,-0.0202144,-0.0265593
64.64,0.00518551,-0.0060009
64.66,0.030591,0.0199769
64.68,0.000218981,0.0169062
64.7,-0.0208026,0.00817719
64.72,0.004493,0.00874803
64.74,0.000808887,0.0117117
64.76,-0.0114939,0.0130162
64.78,-0.00805576,0.0148197
64.8,-0.00855786,0.0141993
64.82,-0.00907207,0.0149812
64.84,-0.0111257,0.0174395
64.86,-0.0103105,0.0171785
64.88,0.00362943,0.00454166
64.9,0.018565,-0.0138734
64.92,0.0137428,-0.0177343
64.94,0.00377917,-0.00501773
64.96,0.0194294,-0.000435155
64.98,0.0215212,0.00262466
65,0.0109325,0.000950653
65.02,0.0125607,-0.000611173
65.04,0.0142713,-0.00151947
65.06,0.0104443,-0.00135292
65.08,0.00749498,-0.00165055
65.1,0.00486342,-0.00588371
65.12,-0.00317328,-0.0109035
65.14,0.000851891,-0.00783521
65.16,-0.00391776,0.00273947
65.18,-0.0171771,0.00938986
65.2,-0.0168453,0.0136882
65.22,-0.0127855,0.0101932
65.24,-0.0186792,0.014987
65.26,-0.0251561,0.02345
65.28,-0.0271874,0.0257619
65.3,-0.0260501,0.0257767
65.32,-0.0277997,0.0296452
65.34,-0.0266494,0.0246541
65.36,-0.0213235,0.00962287
65.38,-0.00259182,0.00110016
65.4,0.015124,-0.0167288
65.42,0.0341743,-0.0381214
65.44,0.0120968,-0.0331312
65.46,-0.00669936,-0.0187994
65.48,0.00581972,-0.0230403
65.5,0.00473351,-0.0289508
65.52,-0.0141509,-0.0305166
65.54,-0.0121968,-0.0312481
65.56,-0.0104904,-0.0327314
65.58,-0.0226362,-0.0361777
65.6,-0.011054,-0.0247466
65.62,0.00423156,-0.0114185
65.64,0.0242555,0.00460727
65.66,0.0342358,0.0172437
65.68,0.0107649,0.00437198
65.7,0.0163572,-0.00653529
65.72,0.0399508,-0.00995853
65.74,0.0400552,-0.0194522
65.76,0.0407258,-0.0294958
65.78,0.0547556,-0.03563
65.8,0.0553036,-0.0387373
65.82,0.0355763,-0.025794
65.84,0.0230322,-0.0118588
65.86,0.0173888,-0.00399638
65.88,0.00843465,0.00161379
65.9,-0.00838143,0.0139072
65.92,-0.0267427,0.0307869
65.94,-0.00883723,0.0220368
65.96,0.005346,0.0124421
65.98,-0.00876786,0.0136497
66,-0.0245556,0.0124896
66.02,-0.012253,0.00123892
66.04,-0.0235021,-0.00716384
66.06,-0.0353694,-0.0125446
66.08,-0.0315177,-0.0194183
66.1,-0.0371639,-0.0254552
66.12,-0.0303268,-0.0106198
66.14,0.000838036,0.0133218
66.16,0.0389821,0.0380037
66.18,0.0129161,0.0308049
66.2,-0.0123808,0.020553
66.22,-0.0209992,0.0143151
66.24,0.00157496,0.0250222
66.26,-0.00209738,0.0170306
66.28,-0.00323544,0.00945868
66.3,0.00439042,0.00803245
66.32,0.00342296,0.00729677
66.34,0.000378693,0.005661
66.36,0.00655052,0.00168674
66.38,0.0134709,-0.00485478
66.4,-0.00211199,0.00328313
66.42,0.00806865,0.0074251
66.44,0.0164526,0.00772847
66.46,0.00552246,0.00803595
66.48,0.00863181,0.00642717
66.5,0.0140261,0.00996473
66.52,0.0132248,0.0140265
66.54,0.0154016,0.0133332
66.56,0.015321,0.0126169
66.58,0.0155534,0.0128721
66.6,0.0157542,0.0142677
66.62,0.00448923,0.00726335
66.64,-0.0113266,-0.0112563
66.66,-0.00885294,-0.0185179
66.68,-0.00209292,-0.00264333
66.7,-0.0130986,0.00131186
66.72,-0.0191767,0.00517196
66.74,-0.0142416,0.00719282
66.76,-0.0141253,0.0050959
66.78,-0.0145702,0.00257301
66.8,-0.0104659,0.00356399
66.82,-0.0100945,0.00414265
66.84,-0.0108789,0.00289251
66.86,-0.00616992,-0.000444337
66.88,-0.00146382,-0.00410605
66.9,0.0110734,-0.0148579
66.92,-0.00109494,-0.0107829
66.94,0.00291269,-0.00207638
66.96,0.0164959,0.00326629
66.98,0.0153886,0.00938726
67,0.0162805,0.00877439
67.02,0.0202761,0.0113753
67.04,0.0232169,0.0152203
67.06,0.025852,0.0187087
67.08,0.0262359,0.018252
67.1,0.0167398,0.0140038
67.12,0.0045647,-0.00351395
67.14,-0.0185623,-0.0202317
67.16,-0.0162132,-0.0178576
67.18,-0.00211937,-0.00569066
67.2,-0.016359,-0.00448589
67.22,-0.0160432,-0.00282739
67.24,-0.010162,-0.00019404
67.26,-0.013545,-0.00263447
67.28,-0.0122162,-0.00426822
67.3,-0.00570184,-0.0033625
67.32,-0.00773504,-0.00325654
67.34,-0.00717667,-0.00485357
67.36,-0.00026311,-0.00747485
67.38,0.00303862,-0.0118103
67.4,0.00175432,-0.0131012
67.42,-0.00633344,-0.000522947
67.44,0.0128209,0.00245951
67.46,0.016437,0.00741191
67.48,0.0112137,0.0132597
67.5,0.0173449,0.0101596
67.52,0.0161022,0.0114475
67.54,0.0145056,0.0135302
67.56,0.0218758,0.0162851
67.58,0.021078,0.0179895
67.6,0.0153791,0.0171806
67.62,0.00300251,0.00584149
67.64,-0.0146426,-0.0119999
67.66,-0.0230988,-0.0247699
67.68,-0.00899421,-0.0121523
67.7,-0.0112719,-0.00343919
67.72,-0.0239467,-0.00142514
67.74,-0.0194792,0.00215031
67.76,-0.0145992,0.00162773
67.78,-0.0172764,0.000159229
67.8,-0.0162361,0.0019647
67.82,-0.0147507,0.00273193
67.84,-0.0145087,0.00131622
67.86,-0.0115033,0.000773237
67.88,-0.0079717,-0.00219906
67.9,0.0122607,-0.0217897
67.92,0.00266527,-0.0182744
67.94,-0.010018,-0.00889768
67.96,0.00903889,-0.00780213
67.98,0.0104261,-0.000538036
68,0.0029384,-0.000620591
68.02,0.00775653,-0.00253426
68.04,0.00844534,-4.81573e-05
68.06,0.00836198,0.0016281
68.08,0.00791427,0.00112959
68.1,0.00453833,-0.000222958
68.12,0.000620642,-0.00266079
68.14,-0.000789464,-0.00395496
68.16,-0.00575464,-0.00647786
68.18,-0.000328545,-0.00349075
68.2,-0.00264406,-0.00289409
68.22,-0.00987998,0.00250574
68.24,-0.00946551,0.00605856
68.26,-0.01236,0.00760817
68.28,-0.0135457,0.0107116
68.3,-0.0166367,0.0144824
68.32,-0.0189342,0.0170884
68.34,-0.0194375,0.0192408
68.36,-0.0114825,0.0157627
68.38,0.00442922,0.00306623
68.4,0.0237698,-0.0153883
68.42,0.00955068,-0.0121594
68.44,0.010023,-0.000882005
68.46,0.0173223,0.00143937
68.48,0.0206454,0.00345965
68.5,0.0136834,0.00332125
68.52,0.0162301,0.00213367
68.54,0.0162348,0.00160807
68.56,0.0124164,0.00222973
68.58,0.0108844,0.00246711
68.6,0.008547,-0.000991852
68.62,0.000944626,-0.00537864
68.64,-0.00805559,-0.0134799
68.66,-0.00739832,-0.015253
68.68,-0.00370276,-0.00500127
68.7,-0.0127536,-0.00217036
68.72,-0.0145781,0.00408005
68.74,-0.0187911,0.00832076
68.76,-0.0211037,0.0118503
68.78,-0.0227791,0.0152846
68.8,-0.0249159,0.0159861
68.82,-0.0268019,0.0187772
68.84,-0.0257825,0.0197144
68.86,-0.0133061,0.00777614
68.88,0.00336534,-0.00709568
68.9,0.0193042,-0.0230595
68.92,0.0104066,-0.0225145
68.94,-0.000157628,-0.0131158
68.96,0.00869152,-0.0148191
68.98,0.00665927,-0.0157634
69,-0.0042409,-0.0163677
69.02,-0.0042855,-0.0190811
69.04,-0.00547647,-0.0215413
69.06,-0.0140877,-0.0252137
69.08,-0.0205486,-0.0311445
69.1,-0.0253608,-0.0358576
69.12,-0.0125002,-0.023389
69.14,0.0100106,-0.00244752
69.16,0.0434527,0.0247979
69.18,0.0190675,0.021842
69.2,-0.0112096,0.00838
69.22,0.00228206,0.00673433
69.24,0.00712034,0.0125543
69.26,0.000599377,0.00405677
69.28,0.0124355,-0.00314336
69.3,0.0157035,-0.00521052
69.32,0.0100237,-0.00612908
69.34,0.0135231,-0.00931215
69.36,0.0208956,-0.0149231
69.38,0.0223581,-0.0203588
69.4,-0.00112005,-0.00238084
69.42,-0.019522,0.0170659
69.44,0.0105483,0.00986761
69.46,0.0111245,0.00103627
69.48,-0.00319733,0.00829008
69.5,0.00642678,0.00833115
69.52,0.0089369,0.00632398
69.54,0.00428004,0.00760674
69.56,0.00679795,0.00707899
69.58,0.0111056,0.00623279
69.6,0.0072346,0.00606165
69.62,0.00383829,0.00223099
69.64,-0.00318654,-0.00446313
69.66,-0.0157417,-0.0185192
69.68,0.00971436,-0.00381945
69.7,0.00264227,0.00316636
69.72,-0.0118511,0.000190257
69.74,-0.00318977,0.00465828
69.76,-0.00140226,0.00313271
69.78,-0.00736968,0.00273473
69.8,-0.00383348,0.00250388
69.82,-0.00142084,0.00225982
69.84,-0.00391804,0.00207734
69.86,-0.0029342,0.0012983
69.88,0.00161832,-0.00128533
69.9,0.00327813,-0.00397393
69.92,-0.00503431,0.00159902
69.94,0.00645392,0.000817762
69.96,0.00420393,0.00249867
69.98,0.00340036,0.00480863
70,0.00747235,0.00531396
70.02,0.00892336,0.00788707
70.04,0.00957031,0.00931402
70.06,0.0131484,0.00861073
70.08,0.0110441,0.00970557
70.1,0.0110943,0.01027
70.12,0.0116533,0.00837998
70.14,-0.00475558,-0.00311738
70.16,-0.0200445,-0.0206808
70.18,0.0025376,-0.0105734
70.2,0.00368245,-0.00268161
70.22,-0.0139281,-0.00415087
70.24,-0.00629898,-0.000470999
70.26,-0.00143862,-0.00270822
70.28,-0.00387411,-0.00487284
70.3,-0.00528237,0.00135496
70.32,-0.0141745,0.00669437
70.34,-0.0154035,0.009958
70.36,-0.0164716,0.0125958
70.38,-0.0215025,0.0200475
70.4,-0.0118657,0.0115352
70.42,0.00463467,-0.00373093
70.44,0.0127037,-0.0162375
70.46,-0.00229487,-0.0103453
70.48,-0.000941681,-0.00288284
70.5,0.0109717,-0.00446181
70.52,-0.00236635,-0.00575693
70.54,0.00292628,-0.00217487
70.56,0.00105534,-0.00378039
70.58,0.00191976,-0.00352848
70.6,0.00129499,-0.00340605
70.62,0.00147499,-0.00288556
70.64,0.00118996,-0.00205743
70.66,0.00114061,-0.0019632
70.68,0.00105413,-0.00195595
70.7,0.00100444,-0.00198913
70.72,0.000893221,-0.00183629
70.74,0.000821372,-0.00145805
70.76,0.000770861,-0.00121373
70.78,0.000730133,-0.00107524
70.8,0.000664419,-0.00105829
70.82,0.000612347,-0.00104914
70.84,0.000572262,-0.000917788
70.86,0.000537295,-0.000775139
70.88,0.000503196,-0.00063729
70.9,0.000474043,-0.000567187
70.92,0.000446313,-0.000547022
70.94,0.000411921,-0.000512741
70.96,0.000394164,-0.000454156
70.98,0.000369445,-0.000377277
71,0.000351942,-0.000309769
71.02,0.000335801,-0.000270246
71.04,0.000315998,-0.000252299
71.06,0.000302932,-0.000229883
71.08,0.000284903,-0.000195064
71.1,0.000278424,-0.000156803
71.12,0.000261676,-0.000122484
71.14,0.000250861,-0.00010371
71.16,0.00023987,-8.38117e-05
71.18,0.000229666,-7.44352e-05
71.2,0.000222519,-5.6925e-05
71.22,0.000214844,-3.63834e-05
71.24,0.000207257,-2.12209e-05
71.26,0.00020144,-6.78215e-06
71.28,0.000193138,7.86454e-07
71.3,0.000190235,8.82186e-06
71.32,0.000182131,2.03878e-05
71.34,0.000179677,2.81644e-05
71.36,0.000174274,3.89306e-05
71.38,0.000172681,4.21653e-05
71.4,0.000166266,5.2423e-05
71.42,0.000160931,5.37061e-05
71.44,0.000163764,5.72791e-05
71.46,0.000151798,6.71999e-05
71.48,0.000158033,6.66376e-05
71.5,0.000144119,7.64214e-05
71.52,0.000152075,7.28267e-05
71.54,0.000142634,7.65984e-05
71.56,0.00014403,8.0577e-05
71.58,0.000138997,8.1995e-05
71.6,0.000139738,8.46399e-05
71.62,0.000134742,8.66602e-05
71.64,0.000132498,8.86706e-05
71.66,0.000133597,8.85358e-05
71.68,0.000129644,9.07527e-05
71.7,0.000122152,8.75225e-05
71.72,0.000106067,7.23105e-05
71.74,9.56438e-05,7.14177e-05
71.76,8.76304e-05,6.03939e-05
71.78,7.87619e-05,5.67894e-05
71.8,7.31703e-05,5.17555e-05
71.82,6.25285e-05,5.01404e-05
71.84,5.95216e-05,4.24362e-05
71.86,5.12295e-05,4.10188e-05
71.88,4.89193e-05,3.66991e-05
71.9,4.06618e-05,3.33835e-05
71.92,4.08193e-05,3.09726e-05
71.94,3.319e-05,2.87028e-05
71.96,3.15555e-05,2.62903e-05
71.98,2.86746e-05,2.33673e-05
72,2.33783e-05,2.24073e-05
72.02,2.40961e-05,2.01089e-05
72.04,1.74987e-05,1.90895e-05
72.06,2.02436e-05,1.72689e-05
72.08,1.43182e-05,1.85569e-05
72.1,1.60826e-05,1.33933e-05
72.12,1.04297e-05,1.48059e-05
72.14,1.26214e-05,1.09827e-05
72.16,8.16469e-06,1.24788e-05
72.18,9.39274e-06,1.15778e-05
72.2,6.90228e-06,9.08266e-06
72.22,6.25942e-06,1.10321e-05
72.24,7.9257e-06,8.56757e-06
72.26,1.98406e-06,9.38689e-06
72.28,7.04928e-06,6.39665e-06
72.3,3.13905e-07,8.22459e-06
72.32,4.35165e-06,6.11364e-06
72.34,8.9757e-07,6.98308e-06
72.36,1.05819e-06,5.58547e-06
72.38,1.80738e-06,5.70324e-06
72.4,7.74207e-07,6.61374e-06
72.42,1.05072e-06,3.77116e-06
72.44,-2.20249e-06,6.77673e-06
72.46,1.1827e-06,2.56779e-06
72.48,-2.99697e-06,6.01086e-06
72.5,9.90009e-07,4.00508e-06
72.52,-3.13343e-06,4.11023e-06
72.54,-5.26759e-07,5.10111e-06
72.56,-1.38097e-06,3.93039e-06
72.58,-3.70443e-06,5.15464e-06
72.6,1.13101e-08,2.71156e-06
72.62,-5.28279e-06,4.81208e-06
72.64,-7.56471e-07,2.94434e-06
72.66,-3.51474e-06,4.43715e-06
72.68,-2.91809e-06,2.50266e-06
72.7,-2.18555e-06,3.57324e-06
72.72,-3.10681e-06,5.12837e-06
72.74,-1.33546e-06,1.78159e-06
72.76,-4.61929e-06,4.98971e-06
72.78,-1.25143e-06,2.59527e-06
72.8,-3.40317e-06,2.28002e-06
72.82,-3.19635e-06,4.55788e-06
72.84,-2.102e-06,1.43453e-06
72.86,-3.3329e-06,4.39996e-06
72.88,-6.1126e-07,3.28034e-06
72.9,-3.56702e-06,2.63818e-06
72.92,-2.31778e-06,3.73605e-06
72.94,-2.45267e-06,2.52836e-06
72.96,-4.75293e-06,3.56547e-06
72.98,-3.39093e-07,1.35973e-06
73,-4.87166e-06,4.31704e-06
73.02,-1.69629e-06,2.07406e-06
73.04,-2.16957e-06,3.33318e-06
73.06,-4.71421e-06,3.05693e-06
73.08,-1.122e-06,1.77814e-06
73.1,-3.68221e-06,3.49628e-06
73.12,-1.78719e-06,1.17008e-06
73.14,-3.2812e-06,3.76304e-06
73.16,-2.09541e-06,2.94924e-06
73.18,-1.90426e-06,1.45355e-06
73.2,-2.46931e-06,4.61338e-06
73.22,-3.08782e-06,1.56279e-06
73.24,-2.80566e-06,2.84078e-06
73.26,-2.717e-06,3.09625e-06
73.28,-2.64791e-06,8.59129e-07
73.3,-3.52695e-06,3.9126e-06
73.32,-1.57396e-06,2.24137e-06
73.34,-4.34093e-06,2.06117e-06
73.36,-1.48556e-06,3.69078e-06
73.38,-3.26929e-06,1.77747e-06
73.4,-4.11786e-06,3.82134e-06
73.42,-2.38799e-06,2.42379e-06
73.44,-4.32259e-06,2.6018e-06
73.46,-2.6826e-06,3.03861e-06
73.48,-1.91236e-06,2.76447e-06
73.5,-4.29153e-06,2.81302e-06
73.52,-8.7428e-07,2.932e-06
73.54,-3.40212e-06,2.3061e-06
73.56,-4.59395e-06,3.79199e-06
73.58,-1.72349e-06,2.23956e-06
73.6,-4.48424e-06,3.9995e-06
73.62,-3.04211e-06,2.26056e-06
73.64,-2.42253e-06,3.55447e-06
73.66,-3.97765e-06,4.56856e-06
73.68,-1.69407e-06,1.57088e-06
73.7,-3.95336e-06,3.97888e-06
73.72,-3.53064e-06,2.47838e-06
73.74,-2.53668e-06,2.41561e-06
73.76,-3.63456e-06,4.25468e-06
73.78,-3.54112e-06,1.6072e-06
73.8,-2.49023e-06,3.14952e-06
73.82,-4.22374e-06,4.29298e-06
73.84,-2.20709e-06,1.64394e-06
73.86,-4.11835e-06,3.75085e-06
73.88,-4.00902e-06,2.79607e-06
73.9,-2.89618e-06,2.45203e-06
73.92,-4.34469e-06,4.69283e-06
73.94,-3.09152e-06,1.62805e-06
73.96,-3.58393e-06,3.81255e-06
73.98,-2.37882e-06,3.79025e-06
74,-4.02535e-06,2.58705e-06
74.02,-2.55589e-06,2.39599e-06
74.04,-4.87205e-06,4.77689e-06
74.06,-2.42694e-06,1.07628e-06
74.08,-4.31618e-06,4.51668e-06
74.1,-3.97754e-06,3.76498e-06
74.12,-3.50385e-06,2.15186e-06
74.14,-2.81755e-06,4.36314e-06
74.16,-5.25169e-06,2.98444e-06
74.18,-2.39923e-06,2.53835e-06
74.2,-5.11323e-06,4.57152e-06
74.22,-3.57776e-06,2.19254e-06
74.24,-3.47868e-06,2.98157e-06
74.26,-3.20427e-06,3.63057e-06
74.28,-3.72942e-06,2.18999e-06
74.3,-2.63494e-06,3.93309e-06
74.32,-5.95779e-06,3.58419e-06
74.34,-2.14225e-06,1.88886e-06
74.36,-3.38115e-06,2.99156e-06
74.38,-5.44269e-06,3.24543e-06
74.4,-2.39196e-06,2.08657e-06
74.42,-2.73866e-06,2.96673e-06
74.44,-5.62062e-06,3.33564e-06
74.46,-6.54462e-07,3.47829e-06
74.48,-3.58316e-06,2.75568e-06
74.5,-4.59725e-06,3.60288e-06
74.52,-1.95898e-06,2.05074e-06
74.54,-3.10568e-06,2.75668e-06
74.56,-4.90397e-06,3.80102e-06
74.58,-9.9719e-07,2.48675e-06
74.6,-3.38672e-06,3.36461e-06
74.62,-4.34079e-06,3.81058e-06
74.64,-2.12857e-06,1.90638e-06
74.66,-3.97071e-06,2.73643e-06
74.68,-3.26578e-06,3.04659e-06
74.7,-2.47746e-06,2.77194e-06
74.72,-3.87447e-06,2.65459e-06
74.74,-2.85283e-06,3.94685e-06
74.76,-2.28407e-06,3.53361e-06
74.78,-2.41258e-06,2.39826e-06
74.8,-4.17782e-06,4.29259e-06
74.82,-2.16081e-06,2.87899e-06
74.84,-3.52904e-06,2.85094e-06
74.86,-2.52581e-06,3.86578e-06
74.88,-3.94109e-06,3.63202e-06
74.9,-2.21063e-06,2.05742e-06
74.92,-2.12548e-06,4.23236e-06
74.94,-3.92683e-06,2.41565e-06
74.96,-2.94247e-06,3.39564e-06
74.98,-3.20438e-06,3.42983e-06
75,-4.32112e-06,3.05455e-06
75.02,-2.51332e-06,3.31421e-06
75.04,-3.18887e-06,3.51096e-06
75.06,-4.15171e-06,2.47985e-06
75.08,-3.34168e-06,4.56637e-06
75.1,-2.95865e-06,2.41241e-06
75.12,-3.59993e-06,2.33484e-06
75.14,-4.18053e-06,3.68162e-06
75.16,-4.03904e-06,1.49474e-06
75.18,-2.86582e-06,2.18594e-06
75.2,-2.9436e-06,3.14922e-06
75.22,-4.0724e-06,3.2755e-06
75.24,-3.44965e-06,2.68019e-06
75.26,-3.38818e-06,2.55364e-06
75.28,-5.05644e-06,1.99747e-06
75.3,-4.73137e-06,3.91103e-06
75.32,-2.6718e-06,2.49462e-06
75.34,-4.95045e-06,2.26864e-06
75.36,-2.38165e-06,3.03597e-06
75.38,-3.77246e-06,4.40684e-06
75.4,-3.13799e-06,1.493e-06
75.42,-3.79098e-06,3.18839e-06
75.44,-4.34073e-06,3.4714e-06
75.46,-4.35288e-06,2.37287e-06
75.48,-2.74628e-06,2.9091e-06
75.5,-3.3637e-06,3.07992e-06
75.52,-4.51992e-06,3.46454e-06
75.54,-2.41368e-06,3.7152e-06
75.56,-4.16892e-06,2.45543e-06
75.58,-3.59355e-06,3.29716e-06
75.6,-3.14257e-06,2.73804e-06
75.62,-5.73448e-06,3.55471e-06
75.64,-2.10938e-06,2.96691e-06
75.66,-2.5002e-06,3.48751e-06
75.68,-4.68722e-06,2.95274e-06
75.7,-3.34836e-06,4.58678e-06
75.72,-3.10228e-06,2.30059e-06
75.74,-4.53575e-06,3.27348e-06
75.76,-2.55708e-06,2.78942e-06
75.78,-4.7496e-06,4.41056e-06
75.8,-4.14613e-06,2.77239e-06
75.82,-2.92061e-06,3.32914e-06
75.84,-2.73251e-06,3.14946e-06
75.86,-4.25341e-06,3.67219e-06
75.88,-3.47618e-06,3.19906e-06
75.9,-4.34609e-06,2.60256e-06
75.92,-2.81928e-06,2.66377e-06
75.94,-4.09494e-06,3.65561e-06
75.96,-2.71075e-06,3.04576e-06
75.98,-5.64233e-06,4.09887e-06
76,-9.09186e-07,2.85004e-06
76.02,-4.32107e-06,2.13496e-06
76.04,-3.61554e-06,3.09987e-06
76.06,-3.09948e-06,2.71785e-06
76.08,-6.00598e-06,3.62778e-06
76.1,-2.02498e-06,2.21639e-06
76.12,-3.16285e-06,3.54325e-06
76.14,-4.2941e-06,2.38167e-06
76.16,-2.15173e-06,3.72674e-06
