27.26,-0.00353288,0.000512702
27.28,-0.00351211,0.000310888
27.3,-0.00348945,7.08366e-05
27.32,0.000865404,-0.0432849
27.34,0.000862578,-0.0483539
27.36,0.000867158,-0.0483534
27.38,0.000867779,-0.048354
27.4,0.000870717,-0.0483541
27.42,0.000868217,-0.0483536
27.44,0.000867318,-0.0483536
27.46,0.000867894,-0.0483534
27.48,0.000867918,-0.0483536
27.5,0.00086825,-0.0483537
27.52,0.000868051,-0.0483533
27.54,0.000868315,-0.0483533
27.56,0.00110906,-0.0388453
27.58,0.000983507,-0.024015
27.6,0.000910566,-0.0166373
27.62,0.00281073,-0.0140133
27.64,0.00268548,-0.00951756
27.66,0.00349423,-0.00732528
27.68,0.0024539,-0.0050688
27.7,0.00288414,0.000610759
27.72,0.0033765,0.00207511
27.74,0.00652928,0.0100338
27.76,0.00610561,0.00803489
27.78,0.00461409,0.00303169
27.8,0.00547678,-0.00078348
27.82,0.00592624,-0.00625728
27.84,0.0093623,-0.0115058
27.86,0.0124856,-0.0145653
27.88,0.0149425,-0.0174775
27.9,0.0166111,-0.0191233
27.92,0.0243617,-0.0235332
27.94,0.0416368,-0.028217
27.96,0.0476562,-0.0269277
27.98,0.0460328,-0.0186001
28,0.0429018,0.00613886
28.02,0.0349668,0.0302047
28.04,0.0191298,0.0500117
28.06,-0.00446063,0.0708059
28.08,-0.0252088,0.0849987
28.1,-0.0452104,0.101349
28.12,-0.0463279,0.0946388
28.14,-0.0319608,0.0779832
28.16,-0.0204402,0.0580822
28.18,-0.0157355,0.0319194
28.2,-0.0103824,0.00478201
28.22,-0.0131716,0.0167363
28.24,-0.0134696,0.0252148
28.26,-0.0110027,0.0133783
28.28,-0.0106048,0.0158384
28.3,-0.0102006,0.0151951
28.32,-0.00839397,0.0112127
28.34,-0.00803759,0.0118988
28.36,-0.00723866,0.0101102
28.38,-0.00665232,0.0095106
28.4,-0.00598767,0.00887598
28.42,-0.0054195,0.0076916
28.44,-0.00496452,0.00710097
28.46,-0.00451375,0.00632066
28.48,-0.00411485,0.00585525
28.5,-0.00371022,0.00536748
28.52,-0.00339193,0.00487895
28.54,-0.00308796,0.00441225
28.56,-0.00280066,0.00396097
28.58,-0.00253925,0.00359637
28.6,-0.00231326,0.00329904
28.62,-0.00211021,0.00301892
28.64,-0.00192104,0.00275382
28.66,-0.00173794,0.00246451
28.68,-0.00158376,0.00223365
28.7,-0.00143523,0.00202195
28.72,-0.001308,0.00185372
28.74,-0.00119553,0.00169683
28.76,-0.00108149,0.00152687
28.78,-0.000986613,0.00138202
28.8,-0.000893309,0.00124532
28.82,-0.000817523,0.00113243
28.84,-0.000742608,0.00103107
28.86,-0.000674943,0.00093531
28.88,-0.000619483,0.000848977
28.9,-0.000554813,0.000767852
28.92,-0.000511978,0.000688913
28.94,-0.00046229,0.000624486
28.96,-0.000423694,0.000565724
28.98,-0.000385887,0.000512736
29,-0.000353891,0.000463721
29.02,-0.000319739,0.000413215
29.04,-0.000293356,0.000372644
29.06,-0.000261169,0.000339716
29.08,-0.000247109,0.000303833
29.1,-0.000219043,0.00027253
29.12,-0.000204822,0.000243742
29.14,-0.000185768,0.000217318
29.16,-0.000169301,0.000193534
29.18,-0.000157103,0.00017315
29.2,-0.000143008,0.00015339
29.22,-0.000126451,0.000140705
29.24,-0.000119894,0.000119115
29.26,-0.000108857,0.000106293
29.28,-9.97652e-05,9.19494e-05
29.3,-9.18356e-05,7.92683e-05
29.32,-8.41085e-05,6.8943e-05
29.34,-7.87564e-05,5.88428e-05
29.36,-7.24751e-05,4.97839e-05
29.38,-6.34563e-05,4.58764e-05
29.4,-6.292e-05,3.33405e-05
29.42,-5.67776e-05,2.76373e-05
29.44,-5.15364e-05,1.97383e-05
29.46,-5.02986e-05,1.59567e-05
29.48,-4.04684e-05,1.67261e-05
29.5,-4.09456e-05,7.04765e-06
29.52,-4.04433e-05,7.61697e-06
29.54,-3.01927e-05,-2.92067e-06
29.56,-3.5096e-05,-7.46992e-07
29.58,-2.97558e-05,-1.29431e-05
29.6,-2.75178e-05,-2.53978e-06
29.62,-3.09807e-05,-1.64621e-05
29.64,-2.01671e-05,-1.19732e-05
29.66,-2.96856e-05,-1.85456e-05
29.68,-1.59715e-05,-2.0376e-05
29.7,-3.09743e-05,-1.71162e-05
29.72,-1.71311e-05,-2.41006e-05
29.74,-2.414e-05,-1.39921e-05
29.76,-1.99607e-05,-2.89785e-05
29.78,-1.7406e-05,-2.4758e-05
29.8,-2.30466e-05,-2.8081e-05
29.82,-1.54812e-05,-3.17904e-05
29.84,-1.87806e-05,-2.33772e-05
29.86,-1.44159e-05,-3.66824e-05
29.88,-1.56698e-05,-2.53042e-05
29.9,-1.80594e-05,-3.78224e-05
29.92,-9.76328e-06,-3.08867e-05
29.94,-1.99681e-05,-3.49567e-05
29.96,-6.77903e-06,-3.46089e-05
29.98,-2.02436e-05,-3.32747e-05
30,-6.5676e-06,-3.88708e-05
30.02,-1.78167e-05,-3.48029e-05
30.04,-1.045e-05,-3.72253e-05
30.06,-1.48431e-05,-3.9118e-05
30.08,-1.31139e-05,-3.46147e-05
30.1,-8.3418e-06,-4.14428e-05
30.12,-1.71563e-05,-3.603e-05
30.14,-9.23542e-06,-4.0239e-05
30.16,-1.09346e-05,-3.83654e-05
30.18,-1.64155e-05,-3.97598e-05
30.2,-6.51986e-06,-3.9043e-05
30.22,-1.33715e-05,-3.822e-05
30.24,-9.75475e-06,-4.46868e-05
30.26,-1.18082e-05,-3.50105e-05
30.28,-1.01554e-05,-4.27316e-05
30.3,-1.20004e-05,-4.07681e-05
30.32,-1.15552e-05,-3.7775e-05
30.34,-6.67927e-06,-4.44099e-05
30.36,-1.57256e-05,-3.8068e-05
30.38,-7.99644e-06,-4.16499e-05
30.4,-9.39123e-06,-4.02438e-05
30.42,-1.57249e-05,-4.11353e-05
30.44,-5.31567e-06,-4.10237e-05
30.46,-1.27832e-05,-3.91208e-05
30.48,-8.84832e-06,-4.53652e-05
30.5,-1.27421e-05,-3.89275e-05
30.52,-1.08741e-05,-4.14872e-05
30.54,-7.27864e-06,-4.20968e-05
30.56,-1.22769e-05,-3.97034e-05
30.58,-7.08687e-06,-4.56092e-05
30.6,-1.4762e-05,-3.98241e-05
30.62,-1.05105e-05,-4.17632e-05
30.64,-8.79008e-06,-4.15332e-05
30.66,-1.22543e-05,-3.98227e-05
30.68,-6.55941e-06,-4.45734e-05
30.7,-1.242e-05,-3.94838e-05
30.72,-1.17843e-05,-4.40812e-05
30.74,-9.74562e-06,-4.10743e-05
30.76,-1.2775e-05,-4.06918e-05
30.78,-6.21132e-06,-4.36244e-05
30.8,-1.19666e-05,-3.92878e-05
30.82,-9.74682e-06,-4.44205e-05
30.84,-1.0227e-05,-4.14829e-05
30.86,-1.33519e-05,-4.11233e-05
30.88,-6.62772e-06,-4.38996e-05
30.9,-1.244e-05,-3.90331e-05
30.92,-9.69962e-06,-4.45791e-05
30.94,-8.96669e-06,-4.24541e-05
30.96,-1.391e-05,-4.12274e-05
30.98,-6.33636e-06,-4.39376e-05
31,-1.23368e-05,-3.60592e-05
31.02,-9.34815e-06,-4.15554e-05
31.04,-8.12155e-06,-3.98696e-05
31.06,-1.23323e-05,-4.16816e-05
31.08,-7.35078e-06,-4.63224e-05
31.1,-1.39993e-05,-3.90855e-05
31.12,-1.16252e-05,-4.34628e-05
31.14,-9.24227e-06,-4.09551e-05
31.16,-1.29914e-05,-4.08519e-05
31.18,-7.48599e-06,-4.54554e-05
31.2,-1.24792e-05,-3.94872e-05
31.22,-1.14881e-05,-4.38721e-05
31.24,-8.11619e-06,-4.36525e-05
31.26,-1.32823e-05,-4.03155e-05
31.28,-8.55692e-06,-4.68924e-05
31.3,-1.15495e-05,-4.09353e-05
31.32,-1.30391e-05,-4.36177e-05
31.34,-7.62291e-06,-4.52266e-05
31.36,-1.36151e-05,-4.0702e-05
31.38,-9.89838e-06,-4.64022e-05
31.4,-1.06599e-05,-4.31978e-05
31.42,-1.34281e-05,-4.31653e-05
31.44,-7.33608e-06,-4.68424e-05
31.46,-1.37201e-05,-4.13386e-05
31.48,-1.2021e-05,-4.61691e-05
31.5,-9.94519e-06,-4.43675e-05
31.52,-1.48699e-05,-4.32647e-05
31.54,-1.13587e-05,-4.7498e-05
31.56,-1.23495e-05,-4.24793e-05
31.58,-1.42114e-05,-4.49433e-05
31.6,-8.38113e-06,-4.55776e-05
31.62,-1.42488e-05,-4.27211e-05
31.64,-1.11126e-05,-4.72327e-05
31.66,-1.00145e-05,-4.45368e-05
31.68,-1.38562e-05,-4.31521e-05
31.7,-7.0842e-06,-4.82289e-05
31.72,-1.46772e-05,-4.16453e-05
31.74,-1.23557e-05,-4.65113e-05
31.76,-9.46774e-06,-4.50463e-05
31.78,-1.48693e-05,-4.33559e-05
31.8,-1.06831e-05,-4.74736e-05
31.82,-1.00089e-05,-4.29536e-05
31.84,-1.32753e-05,-4.46665e-05
31.86,-7.47518e-06,-4.73066e-05
31.88,-1.33979e-05,-4.18436e-05
31.9,-1.19798e-05,-4.68836e-05
31.92,-8.95498e-06,-4.60213e-05
31.94,-1.38381e-05,-4.28107e-05
31.96,-1.1172e-05,-4.77064e-05
31.98,-1.12311e-05,-4.38099e-05
32,-1.4502e-05,-4.51621e-05
32.02,-8.26164e-06,-4.87786e-05
32.04,-1.49967e-05,-4.28155e-05
32.06,-1.33507e-05,-4.65654e-05
32.08,-9.8806e-06,-4.75932e-05
32.1,-1.48685e-05,-4.3813e-05
32.12,-1.21839e-05,-4.79192e-05
32.14,-1.18013e-05,-4.51491e-05
32.16,-1.91992e-05,-4.10912e-05
32.18,-1.14986e-05,-4.43325e-05
32.2,-1.76191e-05,-3.91094e-05
32.22,-1.60702e-05,-4.39192e-05
32.24,-1.25319e-05,-4.50092e-05
32.26,-1.75269e-05,-4.08094e-05
32.28,-1.61176e-05,-4.35328e-05
32.3,-1.29379e-05,-4.18719e-05
32.32,-1.62696e-05,-3.835e-05
32.34,-1.50065e-05,-4.36063e-05
32.36,-1.4925e-05,-3.95484e-05
32.38,-1.87337e-05,-4.04007e-05
32.4,-1.32175e-05,-4.38709e-05
32.42,-1.91618e-05,-3.89538e-05
32.44,-1.83805e-05,-4.19392e-05
32.46,-1.4472e-05,-4.30743e-05
32.48,-1.88274e-05,-3.93717e-05
32.5,-1.86761e-05,-4.32106e-05
32.52,-1.38996e-05,-4.15572e-05
32.54,-2.07023e-05,-4.03547e-05
32.56,-1.7926e-05,-4.46663e-05
32.58,-1.72193e-05,-4.16993e-05
32.6,-2.15959e-05,-4.20903e-05
32.62,-1.8341e-05,-4.58926e-05
32.64,-2.07208e-05,-4.23207e-05
32.66,-2.26802e-05,-4.46086e-05
32.68,-1.70604e-05,-4.68686e-05
32.7,-2.24698e-05,-4.29448e-05
32.72,-2.2691e-05,-4.56543e-05
32.74,-1.86861e-05,-4.89394e-05
32.76,-2.58692e-05,-4.41907e-05
32.78,-2.53473e-05,-4.90752e-05
32.8,-2.26789e-05,-4.93725e-05
32.82,-2.82834e-05,-4.78357e-05
32.839,-2.72474e-05,-5.14038e-05
32.86,-2.38962e-05,-5.12569e-05
32.88,-3.12533e-05,-5.10749e-05
32.9,-2.99884e-05,-5.52079e-05
32.92,-2.83589e-05,-5.37417e-05
32.94,-3.44267e-05,-5.48327e-05
32.96,-3.32907e-05,-5.92715e-05
32.98,-3.24489e-05,-5.8761e-05
33,-3.63137e-05,-5.81641e-05
33.02,-3.67487e-05,-6.36512e-05
33.04,-3.65438e-05,-6.29099e-05
33.06,-3.15111e-05,-5.3799e-05
33.08,-2.76789e-05,-5.43902e-05
33.1,-2.23021e-05,-4.61924e-05
33.12,-2.29009e-05,-4.38068e-05
33.14,-1.44784e-05,-4.37547e-05
33.16,-1.46032e-05,-3.71299e-05
33.18,-1.37839e-05,-3.72751e-05
33.2,-6.17453e-06,-3.59988e-05
33.22,-1.14759e-05,-2.99095e-05
33.24,-7.61705e-06,-3.12593e-05
33.26,-3.02161e-06,-3.07224e-05
33.28,-5.11857e-06,-2.5411e-05
33.3,-2.5451e-06,-2.71357e-05
33.32,2.14635e-06,-2.55665e-05
33.34,-2.5246e-06,-2.11284e-05
33.36,6.74492e-07,-2.38757e-05
33.38,3.24508e-06,-2.12132e-05
33.4,-3.68943e-07,-1.94551e-05
33.42,1.94135e-06,-2.22007e-05
33.44,6.55257e-06,-1.77921e-05
33.46,2.82528e-06,-1.72891e-05
33.48,7.15897e-06,-1.96446e-05
33.5,6.82959e-06,-1.50265e-05
33.52,4.81709e-06,-1.64426e-05
33.54,9.65823e-06,-1.85518e-05
33.56,5.78172e-06,-1.35335e-05
33.58,6.03756e-06,-1.58206e-05
33.6,1.09157e-05,-1.72361e-05
33.62,4.35957e-06,-1.27334e-05
33.64,7.94649e-06,-1.55864e-05
33.66,1.21808e-05,-1.57926e-05
33.68,6.66814e-06,-1.2079e-05
33.7,8.82253e-06,-1.52315e-05
33.72,1.17988e-05,-1.38423e-05
33.74,6.96775e-06,-1.19524e-05
33.76,9.68907e-06,-1.52977e-05
33.78,1.08354e-05,-1.28349e-05
33.8,6.42681e-06,-1.2026e-05
33.82,1.15274e-05,-1.48224e-05
33.84,1.16469e-05,-1.17597e-05
33.86,8.14778e-06,-1.14986e-05
33.88,1.26162e-05,-1.45761e-05
33.9,9.34851e-06,-1.05631e-05
33.92,8.49294e-06,-1.25771e-05
33.94,1.37768e-05,-1.49602e-05
33.96,7.61636e-06,-9.91636e-06
33.98,1.04141e-05,-1.31291e-05
34,1.40011e-05,-1.29716e-05
34.02,8.78154e-06,-1.00034e-05
34.04,9.97259e-06,-1.3446e-05
34.06,1.28431e-05,-1.21602e-05
34.08,8.17869e-06,-1.05788e-05
34.1,9.66512e-06,-1.49013e-05
34.12,1.34197e-05,-1.07938e-05
34.14,8.91162e-06,-1.15558e-05
34.16,1.28217e-05,-1.43992e-05
34.18,1.1531e-05,-1.01091e-05
34.2,9.03173e-06,-1.13999e-05
34.22,1.36999e-05,-1.4366e-05
34.24,8.91135e-06,-9.14189e-06
34.26,9.16336e-06,-1.3088e-05
34.28,1.33136e-05,-1.36974e-05
34.3,8.43072e-06,-9.44238e-06
34.32,1.0041e-05,-1.27481e-05
34.34,1.41864e-05,-1.18499e-05
34.36,9.14411e-06,-1.02276e-05
34.38,1.16352e-05,-1.31915e-05
34.4,1.34216e-05,-1.0786e-05
34.42,8.84296e-06,-1.01877e-05
34.44,1.16772e-05,-1.30475e-05
34.46,1.14829e-05,-9.85971e-06
34.48,8.56607e-06,-1.07757e-05
34.5,1.19868e-05,-1.32933e-05
34.52,9.52391e-06,-9.46539e-06
34.54,9.07231e-06,-1.18216e-05
34.56,1.44512e-05,-1.41443e-05
34.58,9.29777e-06,-8.62422e-06
34.6,1.05046e-05,-1.28455e-05
34.62,1.3968e-05,-1.18777e-05
34.64,8.85669e-06,-9.17898e-06
34.66,1.06372e-05,-1.28617e-05
34.68,1.24111e-05,-1.08343e-05
34.7,7.89009e-06,-9.6774e-06
34.72,1.12816e-05,-1.43409e-05
34.74,1.2471e-05,-8.5623e-06
34.76,8.85751e-06,-1.08011e-05
34.78,1.49499e-05,-1.28151e-05
34.8,9.46024e-06,-8.77275e-06
34.82,9.93831e-06,-1.12193e-05
34.84,1.39731e-05,-1.23581e-05
34.86,8.23393e-06,-8.63382e-06
34.88,1.00069e-05,-1.23859e-05
34.9,1.26464e-05,-1.14275e-05
34.92,8.45251e-06,-9.80655e-06
34.94,1.13056e-05,-1.36929e-05
34.96,1.30481e-05,-9.58536e-06
34.98,9.1381e-06,-9.98608e-06
35,1.38398e-05,-1.35004e-05
35.02,1.05043e-05,-8.62435e-06
35.04,9.95833e-06,-1.14979e-05
35.06,1.39113e-05,-1.2564e-05
35.08,8.72626e-06,-8.19303e-06
35.1,1.02757e-05,-1.22082e-05
35.12,1.33089e-05,-1.10909e-05
35.14,8.15819e-06,-8.78604e-06
35.16,1.1314e-05,-1.32144e-05
35.18,1.16695e-05,-9.72324e-06
35.2,8.6111e-06,-1.02256e-05
35.22,1.36374e-05,-1.40363e-05
35.24,9.25308e-06,-8.96537e-06
35.26,9.15994e-06,-1.15319e-05
35.28,1.34341e-05,-1.28453e-05
35.3,7.88305e-06,-8.53272e-06
35.32,1.008e-05,-1.27908e-05
35.34,1.27496e-05,-1.15167e-05
35.36,8.31331e-06,-8.86884e-06
35.38,1.2618e-05,-1.35532e-05
35.4,1.12732e-05,-9.13423e-06
35.42,9.28895e-06,-1.07203e-05
35.44,1.44011e-05,-1.36922e-05
35.46,8.13498e-06,-7.72481e-06
35.48,1.02656e-05,-1.21985e-05
35.5,1.30047e-05,-1.12366e-05
35.52,8.07065e-06,-8.70343e-06
35.54,9.57231e-06,-1.22363e-05
35.56,1.15205e-05,-7.96919e-06
35.58,7.42352e-06,-9.2185e-06
35.6,1.38998e-05,-1.30291e-05
35.62,8.96196e-06,-8.23159e-06
35.64,9.62708e-06,-1.08473e-05
35.66,1.38416e-05,-1.13469e-05
35.68,8.93762e-06,-7.82302e-06
35.7,1.08778e-05,-1.21656e-05
35.72,1.30651e-05,-1.06488e-05
35.74,8.96775e-06,-9.22109e-06
35.76,1.23328e-05,-1.3392e-05
35.78,1.12961e-05,-8.85349e-06
35.8,9.4847e-06,-1.09168e-05
35.82,1.41795e-05,-1.33331e-05
35.84,8.75141e-06,-8.67437e-06
35.86,9.96285e-06,-1.26215e-05
35.88,1.34496e-05,-1.11238e-05
35.9,7.82716e-06,-9.56215e-06
35.92,1.20932e-05,-1.35988e-05
35.94,1.01197e-05,-9.20188e-06
35.96,8.8385e-06,-1.14646e-05
35.98,1.39895e-05,-1.30237e-05
36,7.57784e-06,-9.02801e-06
36.02,1.01582e-05,-1.25386e-05
36.04,1.17059e-05,-1.1217e-05
36.06,8.47073e-06,-1.0055e-05
36.08,1.18307e-05,-1.32217e-05
36.1,1.16156e-05,-9.54199e-06
36.12,9.1188e-06,-1.0945e-05
36.14,1.44396e-05,-1.31912e-05
36.16,9.34242e-06,-8.39959e-06
36.18,1.11245e-05,-1.24696e-05
36.2,1.42036e-05,-1.0965e-05
36.22,8.72016e-06,-1.01068e-05
36.24,1.14736e-05,-1.42531e-05
36.26,1.06465e-05,-8.55548e-06
36.28,9.3382e-06,-1.10594e-05
36.3,1.47106e-05,-1.1996e-05
36.32,9.92677e-06,-8.98263e-06
36.34,1.04081e-05,-1.34939e-05
36.36,1.04245e-05,-1.13368e-05
36.38,8.20224e-06,-9.72823e-06
36.4,1.33107e-05,-1.35656e-05
36.42,9.53354e-06,-8.64726e-06
36.44,9.99919e-06,-1.20481e-05
36.46,1.34486e-05,-1.1949e-05
36.48,7.85571e-06,-9.41924e-06
36.5,1.07535e-05,-1.47526e-05
36.52,1.07663e-05,-9.16951e-06
36.54,8.44377e-06,-1.0516e-05
36.56,1.4869e-05,-1.30125e-05
36.58,9.15561e-06,-8.38971e-06
36.6,9.49934e-06,-1.40314e-05
36.62,1.18158e-05,-1.02424e-05
36.64,9.23126e-06,-8.89432e-06
36.66,1.44638e-05,-1.39551e-05
36.68,5.63194e-06,-9.69701e-06
36.7,1.16733e-05,-1.04499e-05
36.72,1.3609e-05,-1.15234e-05
36.74,5.99962e-06,-1.07769e-05
36.76,1.31874e-05,-1.16899e-05
36.78,1.18302e-05,-9.86294e-06
36.8,5.49045e-06,-1.31169e-05
36.82,1.5734e-05,-1.05951e-05
36.84,9.00905e-06,-9.62431e-06
36.86,8.82375e-06,-1.54179e-05
36.88,1.31803e-05,-7.71698e-06
36.9,9.12756e-06,-1.10381e-05
36.92,1.35121e-05,-1.46611e-05
36.94,7.67897e-06,-7.29523e-06
36.96,1.20825e-05,-1.28105e-05
36.98,1.16052e-05,-1.20249e-05
37,8.24041e-06,-8.62925e-06
37.02,1.69443e-05,-1.44353e-05
37.04,5.40312e-06,-8.66525e-06
37.06,1.37031e-05,-1.13565e-05
37.08,9.75442e-06,-1.3235e-05
37.1,1.15334e-05,-7.33282e-06
37.12,1.05705e-05,-1.60242e-05
37.14,1.24281e-05,-6.77167e-06
37.16,7.22178e-06,-1.31731e-05
37.18,1.54107e-05,-1.22813e-05
37.2,5.93913e-06,-7.85336e-06
37.22,1.29918e-05,-1.7222e-05
37.24,9.77922e-06,-4.51362e-06
37.26,7.69538e-06,-1.535e-05
37.28,1.49443e-05,-8.14732e-06
37.3,5.83455e-06,-1.2026e-05
37.32,1.53711e-05,-1.09382e-05
37.34,8.09126e-06,-1.1035e-05
37.36,1.17163e-05,-8.80108e-06
37.38,1.18024e-05,-1.31571e-05
37.4,7.74858e-06,-9.53588e-06
37.42,1.27978e-05,-1.40086e-05
37.44,1.12995e-05,-6.58566e-06
37.46,9.50825e-06,-1.27796e-05
37.48,1.3246e-05,-1.17653e-05
37.5,7.79368e-06,-9.97359e-06
37.52,1.24823e-05,-1.50559e-05
37.54,9.61073e-06,-9.84897e-06
37.56,1.24901e-05,-9.46404e-06
37.58,1.26134e-05,-1.12583e-05
37.6,9.25899e-06,-9.43874e-06
37.62,1.32048e-05,-1.37979e-05
37.64,9.12661e-06,-9.1679e-06
37.66,9.41779e-06,-1.25946e-05
37.68,1.20692e-05,-1.15658e-05
37.7,1.01442e-05,-8.53874e-06
37.72,1.43154e-05,-1.15007e-05
37.74,8.89782e-06,-8.30747e-06
37.76,9.40587e-06,-1.20349e-05
37.78,1.34328e-05,-1.52207e-05
37.8,1.28414e-05,-1.69947e-05
37.82,1.74694e-05,-2.18773e-05
37.84,1.67155e-05,-2.14157e-05
37.86,2.2121e-05,-2.10684e-05
37.88,2.55181e-05,-2.34251e-05
37.9,-0.00013038,0.000282007
37.92,0.00711062,0.00745165
37.94,0.0161366,0.0154429
37.96,0.0243677,0.022625
37.98,0.0278445,0.027873
38,0.0338436,0.0339819
38.02,0.0266047,0.0302072
38.04,0.00917512,0.0170121
38.06,-0.018688,0.00218338
38.08,-0.0481685,-0.0181909
38.1,-0.0390124,-0.0144018
38.12,-0.00652636,0.0137844
38.14,-0.0214494,0.0220834
38.16,-0.0427951,0.0183993
38.18,-0.0359921,0.0192314
38.2,-0.0282747,0.0224038
38.22,-0.0351741,0.0253203
38.24,-0.0490607,0.0330194
38.26,-0.0281151,0.0256573
38.28,-0.0152053,0.00967185
38.3,0.00240016,-0.00904701
38.32,0.0280227,-0.03306
38.34,0.0323171,-0.0438662
38.36,-0.00478106,-0.0231391
38.38,0.0122753,-0.0147656
38.4,0.0317197,-0.00998568
38.42,0.0220595,-0.00158655
38.44,0.026616,0.00589747
38.46,0.0420062,0.0132727
38.48,0.0378519,0.0192652
38.5,0.0374509,0.0208519
38.52,0.0258901,0.0110889
38.54,0.00592886,0.000389558
38.56,-0.0177181,-0.0204492
38.58,-0.0308655,-0.0399575
38.6,0.00730146,-0.0230083
38.62,0.0129551,-0.011278
38.64,-0.0139456,-0.00802035
38.66,-0.0182351,0.000796676
38.68,-0.0191746,0.00984994
38.7,-0.0301833,0.0149582
38.72,-0.0345153,0.0220242
38.74,-0.031804,0.0239758
38.76,-0.0243181,0.0187235
38.78,-0.00844177,0.00497817
38.8,0.0123086,-0.014741
38.82,0.0343208,-0.0361272
38.84,0.00713103,-0.0240466
38.86,-0.0102224,-0.00565372
38.88,0.0180194,-0.00646785
38.9,0.0218718,-0.00257614
38.92,0.0151275,0.00321762
38.94,0.0227197,0.00719408
38.96,0.033965,0.0149684
38.98,0.0283244,0.0175793
39,0.021042,0.00780983
39.02,0.0114744,0.00335311
39.04,-0.00554243,-0.00664981
39.06,-0.0217773,-0.0204273
39.08,-0.0185272,-0.0220225
39.1,0.00907367,-0.00317723
39.12,-0.0138482,-0.00170213
39.14,-0.0246923,4.52287e-05
39.16,-0.015657,0.00783546
39.18,-0.0238455,0.0135313
39.2,-0.0395461,0.0213082
39.22,-0.0318243,0.0243548
39.24,-0.0251057,0.0155489
39.26,-0.0138542,0.00858586
39.28,0.00104777,-0.00500406
39.3,0.0165969,-0.0202095
39.32,0.0310367,-0.0343691
39.34,-0.0020686,-0.017757
39.36,-0.000149462,-0.00930488
39.38,0.0204691,-0.00875829
39.4,0.0197257,-0.00194655
39.42,0.0184775,0.00654413
39.44,0.032086,0.0120494
39.46,0.0386773,0.0221106
39.48,0.0333848,0.0217295
39.5,0.033269,0.0205851
39.52,0.0225869,0.0132914
39.54,0.00326452,-3.36957e-05
39.56,-0.0205992,-0.0207202
39.58,-0.0369257,-0.037493
39.6,-0.000101727,-0.0164145
39.62,-0.00179802,-0.00397632
39.64,-0.0271107,0.00182271
39.66,-0.0319882,0.010767
39.68,-0.0332181,0.0209853
39.7,-0.0402055,0.0250035
39.72,-0.0351453,0.0237867
39.74,-0.0273974,0.0155049
39.76,-0.0251308,0.0141279
39.78,-0.0131066,0.00714412
39.8,0.00755241,-0.00484017
39.82,0.0306579,-0.0251868
39.84,0.0361541,-0.0409442
39.86,-0.0027738,-0.0199801
39.88,0.00454624,-0.00730508
39.9,0.028028,-0.0056912
39.92,0.0255229,0.00313652
39.94,0.0293207,0.0137677
39.96,0.0439646,0.0225094
39.98,0.0364611,0.0212698
40,0.0274928,0.0150039
40.02,0.023585,0.010594
40.04,0.00539166,0.00233932
40.06,-0.0189163,-0.0136451
40.08,-0.040749,-0.0365328
40.1,-0.012364,-0.0204843
40.12,0.000148003,3.48738e-05
40.14,-0.0292701,0.00491452
40.16,-0.0404235,0.0131795
40.18,-0.0375938,0.0250633
40.2,-0.0466134,0.0303739
40.22,-0.0358287,0.0214642
40.24,-0.0233334,0.00849807
40.26,-0.0194999,0.00789329
40.28,-0.0122312,0.0012524
40.3,0.00448605,-0.00846251
40.32,0.0282849,-0.0301307
40.34,0.0369353,-0.0467685
40.36,-0.000279659,-0.0274761
40.38,-0.00825233,-0.0124783
40.4,0.0236074,-0.011173
40.42,0.0258987,-0.00360486
40.44,0.0232963,0.00896273
40.46,0.0400959,0.0168927
40.48,0.0406131,0.0199268
40.5,0.0298538,0.0190468
40.52,0.0148514,0.00480941
40.54,0.00501664,-0.0122123
40.56,-0.0143442,-0.0237398
40.58,-0.00883174,-0.0281243
40.6,0.0112651,-0.0150072
40.62,-0.00940838,-0.0117693
40.64,-0.0169631,-0.00531116
40.66,-0.00911204,-0.0015381
40.68,-0.0153164,0.000994018
40.7,-0.024211,0.00746385
40.72,-0.0264995,0.0160202
40.74,-0.0302306,0.0184719
40.76,-0.0274437,0.0176839
40.78,-0.0131561,0.00830183
40.8,0.00959383,-0.00803767
40.82,0.0265199,-0.0257118
40.84,0.0103937,-0.0192373
40.86,-0.002343,-0.00543759
40.88,0.0169176,-0.00331943
40.9,0.0225535,0.000795566
40.92,0.0161728,0.00780693
40.94,0.0268029,0.0124411
40.96,0.03725,0.0205779
40.98,0.0325607,0.0233274
41,0.0266434,0.0170151
41.02,0.0215187,0.0129108
41.04,0.00346721,0.00202488
41.06,-0.0168621,-0.0136855
41.08,-0.0351235,-0.035806
41.1,-0.0039803,-0.0165777
41.12,-0.00916935,-0.00323051
41.14,-0.0294713,0.00250005
41.16,-0.0333953,0.0111054
41.18,-0.0347475,0.0196426
41.2,-0.0447331,0.0264363
41.22,-0.0382787,0.0261016
41.24,-0.0324,0.0153223
41.26,-0.0293975,0.0184056
41.28,-0.0140148,0.00939612
41.3,0.00349703,-0.00320995
41.32,0.0276603,-0.0222035
41.34,0.0373139,-0.0381747
41.36,-0.00142038,-0.0154484
41.38,0.0166488,-0.00450232
41.4,0.0400282,0.00205186
41.42,0.0355531,0.0107723
41.44,0.040604,0.0214144
41.46,0.054125,0.0293787
41.48,0.0390018,0.0168045
41.5,0.0279577,0.0157309
41.52,0.0209021,0.0106936
41.54,0.0107017,-0.00773042
41.56,-0.00679885,-0.0280126
41.58,-0.0281801,-0.0508142
41.6,-0.00728332,-0.0380541
41.62,0.00694479,-0.0176608
41.64,-0.0191457,-0.0117928
41.66,-0.0280198,-0.00361948
41.68,-0.0253893,0.00685952
41.7,-0.0354217,0.0137743
41.72,-0.0443655,0.0212665
41.74,-0.0322731,0.0191572
41.76,-0.0318015,0.0187865
41.78,-0.013854,0.00520114
41.8,0.00438058,-0.0107515
41.82,0.023847,-0.0278843
41.84,0.015226,-0.0259676
41.86,-0.0108876,-0.00820515
41.88,0.0127359,-0.00864693
41.9,0.0183932,-0.00760377
41.92,0.010989,0.00161376
41.94,0.024501,0.00729362
41.96,0.0352819,0.0171789
41.98,0.0330686,0.0212224
42,0.0288029,0.0174203
42.02,0.0227976,0.0129875
42.04,0.00863974,1.20245e-05
42.06,-0.0094062,-0.0161362
42.08,-0.0277652,-0.0346727
42.1,-0.00767281,-0.0271881
42.12,0.00455691,-0.0105075
42.14,-0.0192717,-0.00409685
42.16,-0.0260673,0.00248157
42.18,-0.0252016,0.0116576
42.2,-0.0336836,0.016629
42.22,-0.0399209,0.0230047
42.24,-0.0322588,0.0224334
42.26,-0.0389017,0.0269066
42.28,-0.0194906,0.0147211
42.3,-0.000354546,-5.78306e-05
42.32,0.0245622,-0.0231352
42.34,0.0354608,-0.0396569
42.36,-0.00375184,-0.0154584
42.38,0.0113155,-0.0018881
42.4,0.0362763,0.00289254
42.42,0.0314046,0.00952013
42.44,0.0299996,0.016134
42.46,0.0394458,0.0211265
42.48,0.0367063,0.0209617
42.5,0.0348802,0.0224194
42.52,0.0254302,0.01549
42.54,0.0132032,0.000230565
42.56,-0.00641369,-0.0202766
42.58,-0.0304116,-0.0430888
42.6,-0.0164061,-0.0407686
42.62,0.0165882,-0.0175943
42.64,-0.011445,-0.0121888
42.66,-0.0283178,-0.00729313
42.68,-0.0196979,0.00155907
42.7,-0.0269721,0.00973912
42.72,-0.0412332,0.0173368
42.74,-0.0310699,0.0183314
42.76,-0.0269404,0.0126462
42.78,-0.0168101,0.00669615
42.8,0.00208084,-0.00584759
42.82,0.019609,-0.0204648
42.84,0.0199659,-0.0272242
42.86,-0.0143981,-0.00713333
42.88,0.00617138,-0.00555462
42.9,0.0202955,-0.006426
42.92,0.00970899,-0.00168934
42.94,0.0141532,0.00509641
42.96,0.0298371,0.0120601
42.98,0.0316294,0.0216113
43,0.0258282,0.016976
43.02,0.0178106,0.0087243
43.04,0.00542393,-0.000161454
43.06,-0.0160322,-0.0154466
43.08,-0.0339151,-0.0347222
43.1,-0.00751233,-0.0196841
43.12,0.0102074,0.000121488
43.14,-0.0225581,-0.00129206
43.16,-0.0247426,0.00212723
43.18,-0.0156989,0.00974754
43.2,-0.0312959,0.0158521
43.22,-0.0441548,0.0276355
43.24,-0.039857,0.0302008
43.26,-0.0305226,0.0251272
43.28,-0.0143911,0.0039588
43.3,0.000379314,-0.0196072
43.32,0.0196787,-0.0403424
43.34,0.00522365,-0.0383138
43.36,-0.0152106,-0.0229624
43.38,0.00470051,-0.0196969
43.4,0.00899833,-0.0176534
43.42,0.000710369,-0.0131421
43.44,0.00455669,-0.0133519
43.46,0.00905229,-0.0079848
43.48,0.0121663,-0.00169093
43.5,0.0137666,0.00013661
43.52,0.0161795,0.0045438
43.54,0.0213743,0.0116423
43.56,0.00993795,0.00751029
43.58,-0.0108696,-0.0107569
43.6,-0.00459903,-0.0154933
43.62,0.0201522,0.00299465
43.64,-0.00251403,0.0021618
43.66,-0.00836744,-0.000734928
43.68,0.00473114,0.000696236
43.7,-0.00103695,0.000686498
43.72,-0.0124529,0.00746463
43.74,-0.013343,0.0138699
43.76,-0.0122401,0.0124023
43.78,-0.0105208,0.0100564
43.8,-0.00119478,-0.000787173
43.82,0.0138347,-0.0151018
43.84,0.0119775,-0.021967
43.86,-0.0159966,-0.00510359
43.88,0.00447744,-0.00624674
43.9,0.00941934,-0.00828268
43.92,-0.00268248,-0.00586504
43.94,0.00403809,-0.00379118
43.96,0.0150308,0.00226899
43.98,0.0131443,0.00824145
44,0.012642,0.00675712
44.02,0.016482,0.00868889
44.04,0.0228367,0.017446
44.06,0.0031986,0.00965255
44.08,-0.0137078,-0.00469992
44.1,-0.0173619,-0.0116811
44.12,0.00620141,0.00811388
44.14,-0.0129561,0.0108308
44.16,-0.0261166,0.00875905
44.18,-0.0121602,0.0142175
44.2,-0.0194432,0.0160178
44.22,-0.0297944,0.0205679
44.24,-0.0290518,0.0269469
44.26,-0.0188075,0.0171064
44.28,-0.00589217,0.00126815
44.3,0.00906754,-0.0186543
44.32,0.0254916,-0.0355727
44.34,0.0030353,-0.0225427
44.36,-0.00473178,-0.0117175
44.38,0.014046,-0.0112107
44.4,0.0157084,-0.00524471
44.42,0.0149547,0.00257067
44.44,0.0256947,0.00703393
44.46,0.0291992,0.0142373
44.48,0.0333803,0.0207617
44.5,0.0354459,0.0226023
44.52,0.0321841,0.0230558
44.54,0.0174814,0.0136697
44.56,-0.00146779,0.000740065
44.58,-0.0209733,-0.0238776
44.6,-0.0185588,-0.0346451
44.62,0.0165909,-0.013808
44.64,-0.00273163,-0.00537335
44.66,-0.0250088,-0.000403851
44.68,-0.0176471,0.00502313
44.7,-0.0190198,0.00989382
44.72,-0.0312617,0.0150609
44.74,-0.0296259,0.0207511
44.76,-0.0257097,0.0172891
44.78,-0.0141615,0.00847402
44.8,0.00264302,-0.00610076
44.82,0.0196892,-0.0227783
44.84,0.014485,-0.0272945
44.86,-0.0148105,-0.00998354
44.88,0.00691215,-0.00855437
44.9,0.0177109,-0.00681188
44.92,0.00703484,-0.000901696
44.94,0.0141641,0.00340031
44.96,0.0287056,0.00992429
44.98,0.0279636,0.0191794
45,0.0275134,0.018674
45.02,0.0316218,0.0194573
45.04,0.0164598,0.00978032
45.06,-0.00484179,-0.00676716
45.08,-0.0271789,-0.0294012
45.1,-0.0141596,-0.0290217
45.12,0.0197319,-0.00691221
45.14,-0.00600646,-0.00852068
45.16,-0.0163433,-0.00948237
45.18,-0.0055356,-0.00252781
45.2,-0.0101604,-0.000649418
45.22,-0.0235374,0.00728764
45.24,-0.0250729,0.0156045
45.26,-0.0265868,0.0173686
45.28,-0.0239229,0.0153766
45.3,-0.00750881,0.00253571
45.32,0.0122938,-0.0178869
45.34,0.0195742,-0.0368109
45.36,-0.0200342,-0.0213907
45.38,-0.0170638,-0.0156381
45.4,0.00326482,-0.0185132
45.42,-0.00472953,-0.0156729
45.44,-0.00635804,-0.0101805
45.46,0.00480143,-0.00758737
45.48,0.00577446,-0.00079181
45.5,0.00647305,0.00177122
45.52,0.00855787,0.00260401
45.54,0.0179049,0.0124126
45.56,0.0105179,0.0167398
45.58,-0.0138224,-0.00322477
45.6,-0.0097366,-0.00872322
45.62,0.0126254,0.0087436
45.64,-0.00950365,0.00989448
45.66,-0.0170963,0.00911219
45.68,-0.0050836,0.0122241
45.7,-0.0115581,0.0105684
45.72,-0.0218314,0.0189857
45.74,-0.0220229,0.0233646
45.76,-0.0124517,0.0129173
45.78,-0.00446066,0.00547838
45.8,0.0106762,-0.00883007
45.82,0.0249179,-0.0234421
45.84,0.0141011,-0.0213459
45.86,-0.00886641,-0.00314637
45.88,0.0165894,-0.00237655
45.9,0.0231822,0.00141352
45.92,0.0148091,0.00691528
45.94,0.0248758,0.0122835
45.96,0.0374001,0.0202964
45.98,0.034616,0.0263982
46,0.0270878,0.0204576
46.02,0.0231437,0.0147406
46.04,0.0079126,0.00123409
46.06,-0.0116996,-0.0161587
46.08,-0.0317623,-0.0361411
46.1,-0.00266671,-0.020537
46.12,0.00741846,-0.00377915
46.14,-0.0189358,0.000831034
46.16,-0.0275329,0.00686038
46.18,-0.0207346,0.0141694
46.2,-0.0305807,0.0188631
46.22,-0.0405211,0.0260963
46.24,-0.0246722,0.0186402
46.26,-0.0202632,0.0142095
46.28,-0.0137866,0.00863707
46.3,0.00479661,-0.00441592
46.32,0.0235889,-0.0187495
46.34,0.0314406,-0.0323424
46.36,-0.00663183,-0.00974266
46.38,0.00660815,-0.00129224
46.4,0.0294146,7.18224e-05
46.42,0.0228117,0.00694523
46.44,0.0251306,0.0133871
46.46,0.0394213,0.0211129
46.48,0.0354045,0.0235485
46.5,0.0286643,0.0177214
46.52,0.0304732,0.0187199
46.54,0.0155071,0.00933904
46.56,-0.00589663,-0.00444872
46.58,-0.0261769,-0.0278422
46.6,-0.0252333,-0.0409094
46.62,0.0151847,-0.0217689
46.64,-0.00178076,-0.0161525
46.66,-0.0208492,-0.0138209
46.68,-0.0120959,-0.00750018
46.7,-0.0143854,0.00040523
46.72,-0.030327,0.00685604
46.74,-0.0323759,0.018078
46.76,-0.0351512,0.0225876
46.78,-0.024763,0.0133257
46.8,-0.00625694,-0.00298351
46.82,0.0143245,-0.0287019
46.84,0.00865553,-0.0398725
46.86,-0.0326009,-0.023794
46.88,-0.0171829,-0.0247626
46.9,-0.00280126,-0.0281349
46.92,-0.0145532,-0.0259878
46.94,-0.0159699,-0.0205077
46.96,-0.00274827,-0.0167757
46.98,-0.00235045,-0.0112029
47,-0.00440726,-0.0102395
47.02,-0.00274293,-0.00964918
47.04,0.00508427,-0.00438301
47.06,0.0106049,0.000885371
47.08,0.0190783,0.0106379
47.1,0.00136549,0.00928849
47.12,0.00237327,0.00713467
47.14,0.00960868,0.00555748
47.16,0.00405994,0.00632459
47.18,-0.00606713,0.0127173
47.2,-0.00832517,0.0156685
47.22,-0.0059407,0.0136551
47.24,-0.00884922,0.0154316
47.26,-0.0162952,0.0213068
47.28,-0.0110802,0.0219154
47.3,0.00810058,0.00974631
47.32,0.0251809,-0.00584
47.34,0.0316721,-0.0176063
47.36,-0.00352313,0.00673112
47.38,0.0172433,0.0117518
47.4,0.0327556,0.00838585
47.42,0.0215075,0.0115594
47.44,0.0215222,0.0150386
47.46,0.0361408,0.0215394
47.48,0.0390738,0.029108
47.5,0.0287945,0.0222459
47.52,0.0217509,0.0118162
47.54,0.00904786,0.00190409
47.56,-0.0137241,-0.0156453
47.58,-0.0365454,-0.0380801
47.6,-0.0159112,-0.0296711
47.62,0.0165754,-0.00506539
47.64,-0.0136469,-0.00294784
47.66,-0.0252105,-0.00250513
47.68,-0.0159088,0.00284493
47.7,-0.0204299,0.00880111
47.72,-0.0358769,0.0176885
47.74,-0.0331941,0.0222909
47.76,-0.0283627,0.0192296
47.78,-0.0192865,0.00873051
47.8,-0.00340025,-0.00600671
47.82,0.0162894,-0.0261108
47.84,0.0148867,-0.0341599
47.86,-0.0212351,-0.0157883
47.88,-0.00133692,-0.0139155
47.9,0.0118049,-0.0142686
47.92,0.00195588,-0.00901457
47.94,0.00629735,-0.00306889
47.96,0.020733,0.00264959
47.98,0.0211923,0.0117787
48,0.0229091,0.0133036
48.02,0.0231866,0.0126453
48.04,0.012572,0.00562505
48.06,-0.00477107,-0.00621575
48.08,-0.0169735,-0.0222542
48.1,0.0009472,-0.0155622
48.12,0.0125223,-0.000443098
48.14,-0.0118804,-0.00135713
48.16,-0.010863,-6.06171e-06
48.18,-0.00466486,0.00484388
48.2,-0.0199581,0.0101006
48.22,-0.0277365,0.0190476
48.24,-0.0242637,0.0225618
48.26,-0.0197229,0.0146972
48.28,-0.00626633,0.0040915
48.3,0.00859688,-0.0116697
48.32,0.0208885,-0.0249386
48.34,-0.000573366,-0.0158404
48.36,-0.00202619,-0.00749439
48.38,0.015914,-0.00564431
48.4,0.0130948,-0.00042757
48.42,0.0120542,0.00540592
48.44,0.0243139,0.00946153
48.46,0.0283744,0.0178525
48.48,0.0314226,0.0230205
48.5,0.0308963,0.0227259
48.52,0.0222501,0.0170668
48.54,0.00506304,0.00662031
48.56,-0.0178286,-0.00953753
48.58,-0.0353219,-0.0305022
48.6,-0.00677915,-0.0149994
48.62,0.00297626,0.00230903
48.64,-0.0288251,0.00736664
48.66,-0.0352124,0.0154507
48.68,-0.0316687,0.0231911
48.7,-0.0409411,0.0288813
48.72,-0.0398395,0.0279308
48.74,-0.0262298,0.0161849
48.76,-0.020059,0.0132907
48.78,-0.0141142,0.00839377
48.8,0.003711,-0.00142444
48.82,0.0266051,-0.0206006
48.84,0.0409586,-0.0402817
48.86,0.00394447,-0.0181822
48.88,0.00907444,-0.00507646
48.9,0.0330673,-0.00114122
48.92,0.0334824,0.00899215
48.94,0.0380702,0.0200681
48.96,0.0515095,0.0288792
48.98,0.0447637,0.0275871
49,0.0446187,0.0303964
49.02,0.0278461,0.0148508
49.04,0.00980228,-0.0017205
49.06,-0.0167276,-0.0228502
49.08,-0.0462586,-0.0451893
49.1,-0.0184315,-0.0243033
49.12,-0.00753508,-0.0055301
49.14,-0.0296465,0.000506761
49.16,-0.0433661,0.0095153
49.18,-0.0405334,0.0208317
49.2,-0.0496526,0.0256731
49.22,-0.0375412,0.0180294
49.24,-0.0249163,0.00823386
49.26,-0.0165759,0.00267404
49.28,-0.0207593,0.00705996
49.3,0.00203337,-0.0033262
49.32,0.0232861,-0.0212957
49.34,0.0412138,-0.0467059
49.36,0.0120005,-0.030694
49.38,-0.0118085,-0.00631328
49.4,0.0222491,-0.00463267
49.42,0.0322769,-0.00315824
49.44,0.0259255,0.00720905
49.46,0.0382498,0.0185069
49.48,0.0537588,0.030701
49.5,0.053706,0.0376892
49.52,0.0309492,0.0207569
49.54,0.0147041,-0.00234677
49.56,-0.00521977,-0.0256723
49.58,-0.0310276,-0.0497609
49.6,-0.00657538,-0.0363348
49.62,0.00994884,-0.0218243
49.64,-0.00983497,-0.0216275
49.66,-0.0126035,-0.0184474
49.68,-0.00422644,-0.0117015
49.7,-0.0133752,-0.00984601
49.72,-0.016198,-0.00464666
49.74,-0.0155395,0.00187456
49.76,-0.0197375,0.00437586
49.78,-0.0235619,0.0112602
49.8,-0.00809759,0.00207891
49.82,0.00750373,-0.0136378
49.84,0.00842441,-0.0196656
49.86,-0.0162243,-0.00207839
49.88,0.000661815,-0.00263593
49.9,0.0100458,-0.00608834
49.92,-0.00391448,-0.00139928
49.94,0.00372185,-0.000663719
49.96,0.0124136,0.00164035
49.98,0.0100321,0.00853497
50,0.0123033,0.00874132
50.02,0.0154862,0.0102597
50.04,0.00667293,0.00681653
50.06,-0.0105819,-0.00716128
50.08,-0.0212048,-0.0219236
50.1,0.0038735,-0.00978721
50.12,0.000994823,-0.00258971
50.14,-0.0141967,-0.00483387
50.16,-0.00741561,-0.00202774
50.18,-0.00553162,0.000765739
50.2,-0.0186139,0.00506672
50.22,-0.0208246,0.0119832
50.24,-0.0189057,0.0139996
50.26,-0.0215057,0.0145418
50.28,-0.01466,0.0118588
50.3,0.00359467,-0.000709092
50.32,0.0189405,-0.0146321
50.34,0.0177747,-0.0193048
50.36,-0.0123234,0.00233725
50.38,0.0105501,0.00304357
50.4,0.0226177,0.000839506
50.42,0.00986659,0.00558823
50.44,0.0147819,0.0091518
50.46,0.0307599,0.016112
50.48,0.0315615,0.026043
50.5,0.0230587,0.0194456
50.52,0.0217396,0.0118368
50.54,0.00654612,-0.000360336
50.56,-0.014595,-0.0191275
50.58,-0.0284356,-0.0365462
50.6,0.00389454,-0.0172901
50.62,0.00232808,-0.00764524
50.64,-0.0197368,-0.00548499
50.66,-0.0202719,0.00119375
50.68,-0.0166598,0.00739181
50.7,-0.0278461,0.0113708
50.72,-0.0339077,0.0207373
50.74,-0.0285319,0.022036
50.76,-0.0262336,0.0134619
50.78,-0.0201214,0.0109493
50.8,-0.00131777,-0.000992655
50.82,0.0235418,-0.0218375
50.84,0.0193549,-0.0291844
50.86,-0.0166201,-0.00924179
50.88,0.00388261,-0.00767999
50.9,0.0182259,-0.00865952
50.92,0.00933722,-0.000868729
50.94,0.0159466,0.00572589
50.96,0.0311603,0.0123276
50.98,0.0318484,0.0225212
51,0.0312307,0.0208089
51.02,0.0214465,0.0130345
51.04,0.00575347,4.98669e-05
51.06,-0.0121985,-0.0160058
51.08,-0.0263352,-0.0343243
51.1,0.00607409,-0.0167363
51.12,0.00148051,-0.00733831
51.14,-0.0188072,-0.00376001
51.16,-0.0198032,0.00343579
51.18,-0.0196947,0.0105879
51.2,-0.0297565,0.014108
51.22,-0.033288,0.0225669
51.24,-0.0282811,0.0207486
51.26,-0.031016,0.021434
51.28,-0.0153968,0.0120617
51.3,0.00467164,-0.00141701
51.32,0.0263366,-0.0187826
51.34,0.0285587,-0.0277722
51.36,-0.00324318,-0.00459265
51.38,0.0206151,0.00547158
51.4,0.0409568,0.00975725
51.42,0.0320347,0.0176128
51.44,0.0349516,0.0224046
51.46,0.0477374,0.028545
51.48,0.0340463,0.023581
51.5,0.0179443,0.00130139
51.52,0.0074342,0.000812026
51.54,-0.000485883,-0.00474691
51.56,-0.0237562,-0.0201403
51.58,-0.0381568,-0.0371815
51.6,-0.00693923,-0.0209321
51.62,0.00216979,-0.0073958
51.64,-0.0277023,-0.00410269
51.66,-0.0307848,0.00706734
51.68,-0.0357359,0.0189426
51.7,-0.0490573,0.0273178
51.72,-0.046436,0.0293899
51.74,-0.0398577,0.0259415
51.76,-0.0362356,0.0247632
51.78,-0.0264593,0.0144549
51.8,-0.00716581,0.00135663
51.82,0.017513,-0.0190587
51.84,0.0405731,-0.0440978
51.86,0.0124852,-0.0313677
51.88,0.00983141,-0.00584232
51.9,0.0425186,0.00769436
51.92,0.0544884,0.0179396
51.94,0.0488374,0.0240081
51.96,0.0433409,0.0197307
51.98,0.0420925,0.0208631
52,0.05068,0.030015
52.02,0.0329945,0.0189418
52.04,0.0170438,4.11368e-05
52.06,-0.00182263,-0.0185038
52.08,-0.0261093,-0.040814
52.1,-0.0233269,-0.0455798
52.12,-0.00360359,-0.0223688
52.14,-0.0269409,-0.00579242
52.16,-0.0491391,0.00587169
52.18,-0.0454305,0.0172382
52.2,-0.0470658,0.0216784
52.22,-0.0470617,0.0212441
52.24,-0.0476485,0.0255614
52.26,-0.0433439,0.0270111
52.28,-0.0318671,0.0127675
52.3,-0.0164265,-0.00341829
52.32,0.00656112,-0.0241614
52.34,0.0298326,-0.0502311
52.36,0.00900656,-0.0416114
52.38,0.00580924,-0.0166736
52.4,0.0336986,-0.00139843
52.42,0.0481242,0.00891811
52.44,0.0433184,0.0165842
52.46,0.043451,0.0203856
52.48,0.0444037,0.0185834
52.5,0.0373204,0.0168484
52.52,0.021824,0.00997976
52.54,0.00796471,-0.00772045
52.56,-0.00745035,-0.0253761
52.58,-0.0281299,-0.0417636
52.6,-0.00608508,-0.0298648
52.62,0.00466615,-0.0141795
52.64,-0.0209693,-0.0091754
52.66,-0.0268098,-0.000678119
52.68,-0.025615,0.00930762
52.7,-0.0371128,0.0167169
52.72,-0.0466023,0.025688
52.74,-0.0277639,0.0195034
52.76,-0.0278874,0.00953491
52.78,-0.0195473,0.00695303
52.8,0.00116565,-0.00343141
52.82,0.0222223,-0.0165437
52.84,0.0370533,-0.0324075
52.86,0.00251356,-0.0128825
52.88,0.0135607,-0.00279993
52.9,0.0317126,-0.000683986
52.92,0.0291631,0.00845858
52.94,0.0339618,0.0173087
52.96,0.047557,0.0235715
52.98,0.0359011,0.0220173
53,0.031327,0.0172105
53.02,0.0345615,0.0201798
53.04,0.0222835,0.012709
53.06,-8.18812e-05,-0.000211392
53.08,-0.0232354,-0.0206632
53.1,-0.0413061,-0.0447096
53.12,-0.00606862,-0.0242456
53.14,-0.0142109,-0.00960118
53.16,-0.03418,-0.00208439
53.18,-0.0408424,0.00965497
53.2,-0.0438935,0.0188905
53.22,-0.0459191,0.0219832
53.24,-0.0461769,0.0239834
53.26,-0.0374045,0.0234552
53.28,-0.0231273,0.00674253
53.3,-0.00957879,-0.0111284
53.32,0.0101442,-0.0300623
53.34,0.0330512,-0.0467878
53.36,0.000161414,-0.0305391
53.38,-0.00424489,-0.0167876
53.4,0.0196067,-0.0152277
53.42,0.0185349,-0.00873976
53.44,0.0189057,1.86701e-05
53.46,0.0300496,0.00509839
53.48,0.0348168,0.0147773
53.5,0.0329232,0.0170664
53.52,0.0270566,0.0119361
53.54,0.0146865,0.00195861
53.56,-0.00331222,-0.0123807
53.58,-0.0248673,-0.0329872
53.6,-0.00617036,-0.0275633
53.62,0.015699,-0.0103024
53.64,-0.0100011,-0.00790256
53.66,-0.0223361,-2.31897e-05
53.68,-0.0158422,0.00753903
53.7,-0.0249262,0.0132882
53.72,-0.0368251,0.0203308
53.74,-0.0319675,0.0248451
53.76,-0.0308504,0.0204717
53.78,-0.0223828,0.0131852
53.8,-0.0057315,0.00196449
53.82,0.0154243,-0.0136521
53.84,0.0332319,-0.0339977
53.86,0.00148738,-0.0170214
53.88,0.00551062,-0.00736291
53.9,0.0239632,-0.00517054
53.92,0.0218137,0.000697596
53.94,0.0223144,0.00840413
53.96,0.0349064,0.0139857
53.98,0.0388535,0.0233072
54,0.0304308,0.0171174
54.02,0.0248399,0.0136016
54.04,0.0125118,0.00406598
54.06,-0.00561389,-0.00748667
54.08,-0.0257421,-0.0280942
54.1,-0.0216155,-0.0329302
54.12,0.0144604,-0.00957712
54.14,-0.00981076,-0.00237056
54.16,-0.0301731,0.00122796
54.18,-0.0254176,0.00850508
54.2,-0.0284084,0.0166593
54.22,-0.0447069,0.0261105
54.24,-0.0419111,0.0292753
54.26,-0.0269462,0.0210244
54.28,-0.0134984,0.00273052
54.3,-0.00350223,-0.0162561
54.32,0.0164713,-0.0349896
54.34,0.0198127,-0.0411747
54.36,-0.0178935,-0.0210719
54.38,0.0026103,-0.016501
54.4,0.0199507,-0.0143588
54.42,0.0103456,-0.00592975
54.44,0.0158572,0.00158999
54.46,0.0300577,0.00743698
54.48,0.0308519,0.0179087
54.5,0.0297821,0.0181194
54.52,0.020946,0.00865871
54.54,0.00811304,-0.00114837
54.56,-0.00891031,-0.0133191
54.58,-0.0200604,-0.025376
54.6,0.00893484,-0.00487628
54.62,-0.00241422,0.000524883
54.64,-0.0206382,-0.000691211
54.66,-0.0138579,0.00450891
54.68,-0.0168766,0.0117349
54.7,-0.0335994,0.0193625
54.72,-0.0385746,0.0297308
54.74,-0.0294471,0.0234051
54.76,-0.0239842,0.0168461
54.78,-0.0210814,0.0167893
54.8,-0.00364992,0.00663141
54.82,0.0186708,-0.00874706
54.84,0.0385333,-0.0308902
54.86,0.0172957,-0.0194201
54.88,0.00980272,-0.00213042
54.9,0.0299046,0.0041901
54.92,0.0399202,0.0116463
54.94,0.03745,0.0201548
54.96,0.0427892,0.0245337
54.98,0.0401986,0.0221639
55,0.0399866,0.0235553
55.02,0.0368746,0.023474
55.04,0.024306,0.0121836
55.06,0.00870379,-0.00233706
55.08,-0.0153212,-0.0206354
55.1,-0.0371418,-0.0476898
55.12,-0.00766457,-0.0321534
55.14,-0.00974025,-0.0104713
55.16,-0.0359836,-0.000186896
55.18,-0.044649,0.011423
55.2,-0.04439,0.0197158
55.22,-0.0421232,0.0197589
55.24,-0.0353131,0.0140384
55.26,-0.0361273,0.0157282
55.28,-0.0239198,0.00780592
55.3,-0.00849893,-0.00701515
55.32,0.00967584,-0.0235284
55.34,0.0288159,-0.0439554
55.36,0.00224689,-0.0273649
55.38,0.000739755,-0.0131595
55.4,0.0234671,-0.00718058
55.42,0.0262386,6.36062e-05
55.44,0.02482,0.00874836
55.46,0.0367967,0.0157698
55.48,0.0420654,0.0229522
55.5,0.0341825,0.0209087
55.52,0.0336455,0.0196491
55.54,0.0176982,0.00663026
55.56,-0.00159029,-0.0100914
55.58,-0.0258568,-0.0339347
55.6,-0.026417,-0.0417601
55.62,0.0111295,-0.0197107
55.64,-0.00246204,-0.0128914
55.66,-0.0238051,-0.00826371
55.68,-0.0215529,0.00116365
55.7,-0.0258805,0.0100086
55.72,-0.0364906,0.0160274
55.74,-0.0409991,0.0255776
55.76,-0.0448963,0.0335826
55.78,-0.0236383,0.0182867
55.8,-0.00720543,-0.000232184
55.82,0.0140876,-0.0237691
55.84,0.033094,-0.0462719
55.86,-0.00468148,-0.0281846
55.88,-0.00491087,-0.0143038
55.9,0.0140019,-0.0109185
55.92,0.0167614,-0.00551045
55.94,0.0114752,-0.00146879
55.96,0.0160955,0.000446286
55.98,0.0222821,0.00656828
56,0.0257301,0.0137086
56.02,0.0284584,0.0166133
56.04,0.013468,0.00978655
56.06,0.000998317,0.00198294
56.08,-0.0122212,-0.00776674
56.1,-0.0236625,-0.0216988
56.12,0.00453851,-0.00689885
56.14,-0.00616642,-0.000778966
56.16,-0.0198911,-0.000321322
56.18,-0.0145428,0.00526959
56.2,-0.0185109,0.0105455
56.22,-0.0312466,0.0151386
56.24,-0.0262815,0.0189296
56.26,-0.0165383,0.0103357
56.28,-0.0159116,0.0104564
56.3,-0.000303337,-0.000501891
56.32,0.0184598,-0.0122192
56.34,0.0320356,-0.0274636
56.36,0.000487154,-0.0100156
56.38,0.00693214,-0.00053744
56.4,0.026486,0.000117233
56.42,0.0225205,0.00460902
56.44,0.0240146,0.0125463
56.46,0.0384803,0.0201106
56.48,0.0397267,0.0259549
56.5,0.0280244,0.016544
56.52,0.0233349,0.0122851
56.54,0.0118457,0.0031531
56.56,-0.00664245,-0.00963468
56.58,-0.0261672,-0.0280586
56.6,-0.0223214,-0.0335278
56.62,0.00573203,-0.0110014
56.64,-0.022722,0.000191902
56.66,-0.0393763,0.00804099
56.68,-0.0355547,0.0176675
56.7,-0.0413172,0.0253509
56.72,-0.0519527,0.0307825
56.74,-0.0508603,0.0363145
56.76,-0.0437509,0.0334051
56.78,-0.0327151,0.0144984
56.8,-0.015407,0.00166601
56.82,0.00937965,-0.0137327
56.84,0.0358269,-0.0371426
56.86,0.0288457,-0.040213
56.88,0.000927613,-0.0182352
56.9,0.0226162,-0.00883777
56.92,0.0380587,-0.00254733
56.94,0.0326516,0.00807209
56.96,0.0395162,0.0138466
56.98,0.0455082,0.018884
57,0.0380429,0.0189303
57.02,0.0308333,0.0147215
57.04,0.0188088,0.000787993
57.06,0.000310313,-0.0160414
57.08,-0.0214238,-0.0361449
57.1,-0.0153881,-0.0413783
57.12,0.0149737,-0.0194121
57.14,-0.0103398,-0.00967922
57.16,-0.0319135,-0.00172134
57.18,-0.0244105,0.00988141
57.2,-0.032528,0.0151797
57.22,-0.0422775,0.0217353
57.24,-0.0352387,0.0222367
57.26,-0.0343236,0.0227597
57.28,-0.0186558,0.00740551
57.3,-0.00714451,-0.00770132
57.32,0.0149418,-0.0306485
57.34,0.030633,-0.0454939
57.36,-0.0038715,-0.025009
57.38,-0.00536221,-0.0107032
57.4,0.0244606,-0.00491215
57.42,0.0278684,0.00422351
57.44,0.0239281,0.00991643
57.46,0.0338174,0.0157036
57.48,0.0417566,0.0240929
57.5,0.0255849,0.015672
57.52,0.0198027,0.0081325
57.54,0.0118162,0.000307397
57.56,-0.00788591,-0.00968303
57.58,-0.0226907,-0.0239905
57.6,-0.0133189,-0.0244402
57.62,0.00817412,-0.007778
57.64,-0.0175693,-0.00396532
57.66,-0.0244123,0.00143882
57.68,-0.0203514,0.0109599
57.7,-0.0321028,0.0169017
57.72,-0.0424464,0.0248952
57.74,-0.0374941,0.0279219
57.76,-0.0327977,0.0233208
57.78,-0.0218207,0.0142162
57.8,-0.00712355,-0.000765415
57.82,0.0161365,-0.0224569
57.84,0.0368521,-0.0430917
57.86,0.00111228,-0.0251585
57.88,0.000965792,-0.0135332
57.9,0.02301,-0.0081174
57.92,0.0265752,0.00163453
57.94,0.0277681,0.0102005
57.96,0.032389,0.0135666
57.98,0.0395008,0.0206234
58,0.0319283,0.0201124
58.02,0.0330485,0.0203561
58.04,0.0188857,0.00792534
58.06,0.00233724,-0.00626611
58.08,-0.0198025,-0.0272432
58.1,-0.0248431,-0.0383148
58.12,0.0130927,-0.0157921
58.14,-0.00299964,-0.00949711
58.16,-0.0235181,-0.00786877
58.18,-0.0158788,-0.00160726
58.2,-0.0187429,0.00679125
58.22,-0.0349635,0.0143729
58.24,-0.0342908,0.0204884
58.26,-0.0233119,0.0148358
58.28,-0.0190507,0.00507239
58.3,-0.00448164,-0.00765809
58.32,0.0140505,-0.0250011
58.34,0.0221107,-0.0351977
58.36,-0.0107143,-0.0119715
58.38,0.00620692,-0.00199188
58.4,0.0279104,0.0014565
58.42,0.0218022,0.00949934
58.44,0.0240083,0.0143251
58.46,0.0348705,0.0188325
58.48,0.0373867,0.0264508
58.5,0.0390247,0.0295286
58.52,0.0329498,0.0254659
58.54,0.0134763,0.00682013
58.56,-0.00565201,-0.0120312
58.58,-0.0305074,-0.0327831
58.6,-0.0248325,-0.0370443
58.62,0.0100515,-0.0160835
58.64,-0.0105431,-0.00806943
58.66,-0.0275577,-0.00631883
58.68,-0.0182997,0.00120924
58.7,-0.0232893,0.00810165
58.72,-0.0367063,0.013296
58.74,-0.0338023,0.0203521
58.76,-0.0262044,0.0150699
58.78,-0.0244778,0.00981678
58.8,-0.00574225,-0.00413957
58.82,0.0168713,-0.0250286
58.84,0.0202326,-0.037117
58.86,-0.0199785,-0.0182159
58.88,-0.00903034,-0.0149897
58.9,0.0104843,-0.0178971
58.92,0.00297032,-0.0115559
58.94,0.00523958,-0.00298592
58.96,0.0200424,0.00201747
58.98,0.0219954,0.0114882
59,0.0253073,0.0157188
59.02,0.0241497,0.0134877
59.04,0.018479,0.0103548
59.06,-0.0018065,-0.00386056
59.08,-0.0176642,-0.0218822
59.1,-0.0103804,-0.0248813
59.12,0.0223444,-0.00484421
59.14,-0.00117901,-0.00669301
59.16,-0.0115135,-0.00800401
59.18,-0.000592248,-0.00398294
59.2,-0.00545403,7.14679e-05
59.22,-0.0189928,0.00696706
59.24,-0.0212298,0.0159939
59.26,-0.0183133,0.0141789
59.28,-0.0155212,0.00848319
59.3,-0.00923502,0.00521617
59.32,0.00902575,-0.00427976
59.34,0.0241272,-0.016065
59.36,0.00232216,-0.000327135
59.38,0.0133459,0.0103569
59.4,0.0296428,0.0130767
59.42,0.0271215,0.0189563
59.44,0.0301953,0.02484
59.46,0.0436475,0.0310047
59.48,0.0304934,0.027591
59.5,0.0286444,0.0220817
59.52,0.0354433,0.027063
59.54,0.0194279,0.0180428
59.56,-0.000428945,0.00710884
59.58,-0.0190276,-0.0119376
59.6,-0.0433463,-0.0412187
59.62,-0.0157231,-0.0272173
59.64,-0.0172577,-0.00129653
59.66,-0.0458785,0.0118012
59.68,-0.0584624,0.0222505
59.7,-0.0560065,0.0302001
59.72,-0.0450422,0.0224221
59.74,-0.0456439,0.0234136
59.76,-0.0438382,0.027122
59.78,-0.0320257,0.0185597
59.8,-0.0131549,0.00620108
59.82,0.0117572,-0.0125518
59.84,0.0369458,-0.0346001
59.86,0.0304809,-0.0352867
59.88,0.0123498,-0.00965838
59.9,0.0398486,0.00589891
59.92,0.056396,0.0150486
59.94,0.053839,0.0240312
59.96,0.0452588,0.021678
59.98,0.0392633,0.0114023
60,0.0337838,0.015112
60.02,0.0262288,0.0101916
60.04,0.0134946,0.000992753
60.06,-0.00351004,-0.0127973
60.08,-0.030979,-0.0371852
60.1,-0.037228,-0.0490394
60.12,0.00153242,-0.0248927
60.14,-0.00999156,-0.0131663
60.16,-0.033289,-0.00862402
60.18,-0.0312102,0.00228279
60.2,-0.0380315,0.0148024
60.22,-0.0537554,0.0245981
60.24,-0.0409185,0.0231871
60.26,-0.0335669,0.0105206
60.28,-0.0223685,0.00397582
60.3,-0.00161306,-0.00574611
60.32,0.0220863,-0.0194633
60.34,0.0401936,-0.0324007
60.36,0.00299933,-0.0119112
60.38,0.0144073,-0.00379851
60.4,0.0357843,0.0001865
60.42,0.0343652,0.00929742
60.44,0.0376255,0.019803
60.46,0.0506907,0.0269362
60.48,0.0475202,0.0288206
60.5,0.0531879,0.0346702
60.52,0.0362916,0.0239172
60.54,0.0210594,0.00628362
60.56,0.00533206,-0.0132118
60.58,-0.0219365,-0.0405043
60.6,-0.0333556,-0.0597569
60.62,-0.00458258,-0.0455298
60.64,-0.00348337,-0.0247282
60.66,-0.0260385,-0.0129792
60.68,-0.033998,-0.00469471
60.7,-0.0259121,-0.000282932
60.72,-0.0310524,0.00289019
60.74,-0.0396113,0.0129322
60.76,-0.043205,0.0227886
60.78,-0.0275457,0.019513
60.8,-0.00790577,0.00681688
60.82,0.0144335,-0.00844599
60.84,0.0337764,-0.0270859
60.86,0.00616327,-0.0112167
60.88,0.00386053,0.0024702
60.9,0.0254882,0.00249424
60.92,0.0230767,0.00483686
60.94,0.0202394,0.011935
60.96,0.0346497,0.0181098
60.98,0.0336992,0.0206012
61,0.0236412,0.0171856
61.02,0.0156073,0.00590617
61.04,0.00220061,-0.00768516
61.06,-0.0174134,-0.0224734
61.08,-0.0361104,-0.0361603
61.1,-0.0166683,-0.0231629
61.12,-0.00800982,-0.00680107
61.14,-0.0316413,-0.000145814
61.16,-0.0407699,0.0113704
61.18,-0.0423474,0.021929
61.2,-0.0477052,0.0263174
61.22,-0.0437204,0.0250378
61.24,-0.0364233,0.0173111
61.26,-0.0290265,0.0154937
61.28,-0.0128773,0.000291939
61.3,-0.0018295,-0.0190783
61.32,0.017196,-0.038749
61.34,0.0223202,-0.0471708
61.36,-0.0153031,-0.0263454
61.38,-0.000594688,-0.0210089
61.4,0.0185927,-0.0195219
61.42,0.0129283,-0.00864154
61.44,0.0181468,0.00134821
61.46,0.0350797,0.00881982
61.48,0.0374632,0.0205724
61.5,0.0346211,0.0182062
61.52,0.0282259,0.0153914
61.54,0.0114322,0.00136219
61.56,-6.45263e-05,-0.0160616
61.58,-0.0178841,-0.0317929
61.6,0.00202016,-0.0231173
61.62,0.0138182,-0.00980258
61.64,-0.0108155,-0.00793995
61.66,-0.0150936,-0.0026639
61.68,-0.0116806,0.00585452
61.7,-0.022646,0.0103266
61.72,-0.0313447,0.0176162
61.74,-0.0318701,0.0246368
61.76,-0.0266729,0.0193386
61.78,-0.0239271,0.0177088
61.8,-0.0100491,0.00470152
61.82,0.0120187,-0.0104273
61.84,0.0310626,-0.0321837
61.86,0.00621772,-0.0197377
61.88,-0.00151869,-0.00462937
61.9,0.021078,-0.00171493
61.92,0.0244305,0.00403237
61.94,0.0227024,0.0114671
61.96,0.0329674,0.0162816
61.98,0.0385458,0.0240523
62,0.0278313,0.0166889
62.02,0.0254954,0.0151366
62.04,0.0219776,0.0126122
62.06,0.000719298,0.00109016
62.08,-0.0194035,-0.0178582
62.1,-0.036691,-0.0417718
62.12,-0.00152055,-0.023091
62.14,0.00633648,-0.00587254
62.16,-0.0232182,-0.000878663
62.18,-0.0321733,0.00574325
62.2,-0.0280567,0.0173726
62.22,-0.0410782,0.0261045
62.24,-0.046783,0.0296164
62.26,-0.0382686,0.0288696
62.28,-0.0248156,0.0177272
62.3,-0.0124243,-0.00137086
62.32,0.00589303,-0.0234903
62.34,0.0292918,-0.0464935
62.36,0.0104858,-0.0400805
62.38,-0.0181911,-0.0181757
62.4,0.00773685,-0.0130283
62.42,0.0223449,-0.0119556
62.44,0.0110058,-0.00298797
62.46,0.0209083,0.00336378
62.48,0.0321852,0.0099938
62.5,0.0303454,0.0170101
62.52,0.0224685,0.00879836
62.54,0.0245573,0.0131565
62.56,0.00586404,0.00328679
62.58,-0.0163356,-0.0152361
62.6,-0.0261074,-0.0313975
62.62,0.00991433,-0.0106383
62.64,0.00593688,-0.00110282
62.66,-0.0188461,-0.000352431
62.68,-0.0168878,0.00595399
62.7,-0.0136079,0.010299
62.72,-0.0284136,0.0161085
62.74,-0.0334321,0.0251695
62.76,-0.0233947,0.0190402
62.78,-0.0171724,0.0117995
62.8,-0.00484152,0.00155174
62.82,0.0150899,-0.0128454
62.84,0.0325375,-0.0339025
62.86,0.00911274,-0.0229699
62.88,-0.00391697,-0.00550078
62.9,0.0216335,-0.00104555
62.92,0.0286741,0.00659439
62.94,0.0281566,0.0157847
62.96,0.0367362,0.0208192
62.98,0.0428344,0.0274096
63,0.0311757,0.0213321
63.02,0.0316758,0.0200089
63.04,0.0223249,0.0141709
63.06,0.00164834,0.0024002
63.08,-0.0226021,-0.0158836
63.1,-0.0411274,-0.037814
63.12,-0.00321043,-0.016594
63.14,-0.0106859,-0.00394388
63.16,-0.0323161,0.0019338
63.18,-0.0354126,0.00862189
63.2,-0.0330755,0.0170534
63.22,-0.0438545,0.0259115
63.24,-0.0407407,0.0239153
63.26,-0.0346278,0.0245937
63.28,-0.0190982,0.00737793
63.3,-0.00459643,-0.00976353
63.32,0.0151644,-0.0294438
63.34,0.0371951,-0.0466844
63.36,0.00271819,-0.0303604
63.38,-0.0133269,-0.0138056
63.4,0.0165809,-0.0121796
63.42,0.0214165,-0.00805614
63.44,0.0146694,0.00160905
63.46,0.0282517,0.00815844
63.48,0.0373649,0.0168382
63.5,0.0399457,0.0256225
63.52,0.0400215,0.0277967
63.54,0.020054,0.00746872
63.56,0.00330468,-0.0147423
63.58,-0.0181105,-0.038432
63.6,-0.00310659,-0.0340537
63.62,0.0209108,-0.0196405
63.64,0.000859346,-0.0206901
63.66,-0.00511295,-0.0173661
63.68,0.00450081,-0.0137475
63.7,-0.00272822,-0.0117444
63.72,-0.01063,-0.00481203
63.74,-0.011347,0.00105865
63.76,-0.0120554,0.00171156
63.78,-0.0146404,0.00527114
63.8,-0.0247835,0.0158318
63.82,-0.00477655,0.0060512
63.84,0.0126568,-0.0105157
63.86,0.00744173,-0.0135662
63.88,-0.0174687,0.00514013
63.9,0.00649907,0.00203907
63.92,0.00978692,-3.8463e-05
63.94,-0.00140684,0.00351154
63.96,0.00641271,0.00317647
63.98,0.0156878,0.00923775
64,0.0160936,0.0153987
64.02,0.01663,0.0143395
64.04,0.010955,0.00954088
64.06,-0.00155222,-0.00216504
64.08,-0.0144988,-0.0149541
64.1,-0.0165883,-0.0235503
64.12,0.013522,-0.00628642
64.14,-0.00473797,-0.00558868
64.16,-0.014309,-0.00716566
64.18,-0.00213952,-0.00323592
64.2,-0.00758059,0.00047675
64.22,-0.0226808,0.00631292
64.24,-0.0208577,0.0147033
64.26,-0.0218704,0.0151422
64.28,-0.0275224,0.0176181
64.3,-0.0207355,0.0146813
64.32,-0.00312217,0.00176015
64.34,0.0116231,-0.0135168
64.36,0.0150005,-0.0260621
64.38,-0.015596,-0.00792632
64.4,0.00371585,-0.00368081
64.42,0.016411,-0.00409321
64.44,0.00495544,-0.000788424
64.46,0.00854985,0.00221846
64.48,0.0219194,0.00837248
64.5,0.0227159,0.0169783
64.52,0.0188074,0.0128893
64.54,0.015991,0.0100104
64.56,0.00229755,-0.00135589
64.58,-0.0120324,-0.0136419
64.6,-0.0166662,-0.0210099
64.62,0.0107767,-0.00187697
64.64,-0.00825334,0.00074161
64.66,-0.0181866,-0.00103164
64.68,-0.00808838,0.00441986
64.7,-0.0136341,0.00814744
64.72,-0.0295804,0.0152258
64.74,-0.0297971,0.0244473
64.76,-0.0264038,0.021878
64.78,-0.0273953,0.0186814
64.8,-0.0179982,0.0126282
64.82,0.00545336,-0.00144952
64.84,0.0315595,-0.0265061
64.86,0.0271887,-0.0338044
64.88,-0.0113434,-0.0127748
64.9,-0.00197496,-0.00779174
64.92,0.0206823,-0.00539091
64.94,0.0138352,-0.00115372
64.96,0.0133153,0.00491492
64.98,0.0288019,0.0111447
65,0.0322768,0.021938
65.02,0.0274689,0.0195676
65.04,0.0161811,0.00598301
65.06,0.000353044,-0.00210897
65.08,-0.0182693,-0.0148742
65.1,-0.0233677,-0.0229367
65.12,0.0128131,-0.00261127
65.14,-0.00544911,-0.00145503
65.16,-0.0195052,-0.00326767
65.18,-0.0116461,0.00165795
65.2,-0.0152532,0.00910148
65.22,-0.0328695,0.0172528
65.24,-0.0356587,0.0270153
65.26,-0.0259049,0.0190845
65.28,-0.0223512,0.0118817
65.3,-0.0133424,0.00596635
65.32,0.00485595,-0.00518378
65.34,0.0280788,-0.0258188
65.36,0.0273645,-0.033402
65.38,-0.0124771,-0.0108437
65.4,0.00273932,-0.00663512
65.42,0.021768,-0.00766049
65.44,0.0161123,-0.00398906
65.46,0.0136783,0.00392453
65.48,0.029418,0.0111845
65.5,0.0377807,0.0231555
65.52,0.0265484,0.0159897
65.54,0.0230133,0.0130566
65.56,0.0094842,0.000970452
65.58,-0.00705241,-0.0119826
65.6,-0.0208112,-0.0289445
65.62,-0.00235227,-0.0214713
65.64,0.00575917,-0.00673582
65.66,-0.0150584,-0.00387698
65.68,-0.0171742,0.00174094
65.7,-0.0171698,0.0082128
65.72,-0.0276739,0.0135054
65.74,-0.0336448,0.0215397
65.76,-0.0306653,0.0233131
65.78,-0.0205471,0.0101233
65.8,-0.00768163,0.00188535
65.82,0.00628558,-0.012249
65.84,0.0224263,-0.0269127
65.86,0.011554,-0.0209766
65.88,-0.00429998,-0.00471505
65.9,0.0194131,0.00062242
65.92,0.0287975,0.00743156
65.94,0.0258229,0.0165844
65.96,0.0351347,0.0221553
65.98,0.0462997,0.0297069
66,0.0334212,0.0256719
66.02,0.024972,0.0158357
66.04,0.0326743,0.0215876
66.06,0.0151264,0.0140181
66.08,-0.00910526,0.00178491
66.1,-0.0367801,-0.0251086
66.12,-0.0401695,-0.0394513
66.14,0.000976553,-0.0155787
66.16,-0.0117535,-0.00422019
66.18,-0.0359687,-8.93557e-05
66.2,-0.0352272,0.00978766
66.22,-0.0375356,0.0203858
66.24,-0.0489864,0.0277842
66.26,-0.054627,0.0338911
66.28,-0.0448724,0.033147
66.3,-0.0297437,0.0162639
66.32,-0.0129806,-0.00334404
66.34,0.0111618,-0.0275183
66.36,0.0342677,-0.0502062
66.38,0.00836453,-0.0415189
66.4,-0.00905814,-0.0251433
66.42,0.0169185,-0.0162215
66.44,0.0263957,-0.00943813
66.46,0.0192933,-0.00260246
66.48,0.0216276,-0.00164743
66.5,0.0271481,0.00441812
66.52,0.0324209,0.0138193
66.54,0.0328709,0.0162103
66.56,0.0131581,0.00130684
66.58,-0.00577838,-0.0171165
66.6,-0.0201215,-0.0383207
66.62,0.0131762,-0.0224536
66.64,0.0164554,-0.0127495
66.66,-0.00735552,-0.0120637
66.68,-0.00425877,-0.00801134
66.7,-0.00133266,-0.00313698
66.72,-0.0121991,-0.000244351
66.74,-0.0144643,0.00737775
66.76,-0.0184758,0.0117853
66.78,-0.0191346,0.014322
66.8,-0.0206133,0.0175364
66.82,-0.00338579,0.00511466
66.84,0.0129223,-0.00928267
66.86,0.0188387,-0.022973
66.88,-0.00874264,-0.00566263
66.9,0.00522436,-0.00192029
66.92,0.0165556,-0.00539528
66.94,0.00356267,-0.0032975
66.96,0.0068111,-0.000575211
66.98,0.0198712,0.0053088
67,0.0199631,0.0129186
67.02,0.0204613,0.0125303
67.04,0.0226301,0.0140592
67.06,0.011377,0.00458278
67.08,-0.00575779,-0.0120128
67.1,-0.0202056,-0.0322766
67.12,0.00471131,-0.0232017
67.14,0.0160586,-0.00974006
67.16,-0.00555856,-0.00878142
67.18,-0.0115121,-0.00369043
67.2,-0.00747396,0.00274169
67.22,-0.0125816,0.00336209
67.24,-0.0194453,0.00871753
67.26,-0.0221673,0.0160173
67.28,-0.0247999,0.0184317
67.3,-0.022211,0.018143
67.32,-0.00476731,0.005942
67.34,0.0142122,-0.0125544
67.36,0.024653,-0.0299252
67.38,-0.0134379,-0.00955621
67.4,-0.00735645,-0.00125688
67.42,0.0134081,-0.00435814
67.44,0.00688869,-0.00308208
67.46,0.000431976,-0.000584
67.48,0.0133525,0.00177171
67.5,0.0179694,0.0107516
67.52,0.0184201,0.0148384
67.54,0.0139268,0.00933746
67.56,0.00633677,0.00208645
67.58,-0.00405365,-0.00829178
67.6,-0.0113948,-0.0170743
67.62,0.00596112,-0.00606054
67.64,-0.00533895,-0.00133618
67.66,-0.0165452,0.00155806
67.68,-0.0105794,0.00649483
67.7,-0.0151167,0.00818234
67.72,-0.0229108,0.0124177
67.74,-0.0266016,0.0209282
67.76,-0.0272709,0.0217131
67.78,-0.0215487,0.0173648
67.8,-0.0135023,0.0096822
67.82,0.0024198,-0.00170452
67.84,0.0182763,-0.0170419
67.86,0.0240346,-0.0296201
67.88,-0.0117455,-0.00873747
67.9,0.00638083,-0.00245564
67.92,0.0251939,-0.00114226
67.94,0.0170272,0.00349031
67.96,0.0189278,0.0100225
67.98,0.0342651,0.0172189
68,0.0377488,0.026411
68.02,0.0338663,0.0244185
68.04,0.0266339,0.0182651
68.06,0.0110252,0.00703466
68.08,-0.00848011,-0.00878797
68.1,-0.0272803,-0.0310214
68.12,-0.00814411,-0.0274688
68.14,0.00564266,-0.0105879
68.16,-0.0194619,-0.00321565
68.18,-0.0308977,0.00706815
68.2,-0.0286777,0.0153711
68.22,-0.0329629,0.0169509
68.24,-0.0349978,0.0209453
68.26,-0.0331188,0.0217838
68.28,-0.0327355,0.0235183
68.3,-0.0175019,0.00982563
68.32,-0.00586033,-0.00451936
68.34,0.0145955,-0.0213061
68.36,0.0349649,-0.0381071
68.38,0.00200551,-0.0174782
68.4,0.00201919,-0.00308301
68.42,0.0285608,-0.000104442
68.44,0.03028,0.00757771
68.46,0.0284584,0.0146651
68.48,0.041118,0.0222281
68.5,0.0422485,0.0261374
68.52,0.0419888,0.0285006
68.54,0.0244905,0.0183456
68.56,0.0107144,-0.000196566
68.58,-0.00669152,-0.0189149
68.6,-0.031107,-0.0395757
68.62,-0.0138921,-0.0330395
68.64,0.00843097,-0.0127464
68.66,-0.0171461,-0.00837121
68.68,-0.0262944,-0.00404675
68.7,-0.0195851,0.00409622
68.72,-0.0291976,0.00918647
68.74,-0.0343908,0.0142222
68.76,-0.0287476,0.0154729
68.78,-0.0312828,0.0164503
68.8,-0.0223328,0.0146521
68.82,-4.72018e-05,0.00400263
68.84,0.022703,-0.0122235
68.86,0.0382846,-0.0300828
68.88,0.00274683,-0.00598911
68.9,0.0141887,0.00545166
68.92,0.0374157,0.0109325
68.94,0.0371305,0.0168572
68.96,0.0377395,0.0261488
68.98,0.0436898,0.0265906
69,0.0356683,0.0213833
69.02,0.0297765,0.0196087
69.042,0.0240874,0.0134934
69.06,0.0101297,-5.54239e-05
69.08,-0.00901981,-0.0193981
69.1,-0.0305035,-0.0458465
69.12,-0.011739,-0.0422881
69.14,0.000910669,-0.023433
69.16,-0.0235885,-0.0118108
69.18,-0.0368285,-0.00343703
69.2,-0.0291154,0.00570485
69.22,-0.0352886,0.01079
69.24,-0.0473767,0.019168
69.26,-0.0422302,0.0230442
69.28,-0.037865,0.022502
69.3,-0.02253,0.00871616
69.32,-0.00609159,-0.00843326
69.34,0.0162112,-0.0292903
69.36,0.0234972,-0.0397565
69.38,-0.0108226,-0.0180196
69.4,0.00671891,-0.00737356
69.42,0.0300046,-0.00151418
69.44,0.0245374,0.00674185
69.46,0.0283049,0.0142851
69.48,0.0364013,0.0176592
69.5,0.0408415,0.0268525
69.52,0.0441154,0.0321784
69.54,0.0256436,0.0161752
69.56,0.0112792,-0.00285013
69.58,-0.00852142,-0.0219021
69.6,-0.0370684,-0.0444423
69.62,-0.0142452,-0.0310024
69.64,0.00353084,-0.0122348
69.66,-0.0187157,-0.00716384
69.68,-0.0303229,-0.00143589
69.7,-0.0258472,0.00933605
69.72,-0.0350551,0.0144233
69.74,-0.0384373,0.0183197
69.76,-0.0279015,0.0156015
69.78,-0.0292097,0.0140158
69.8,-0.0192306,0.00635508
69.82,0.00066423,-0.00488191
69.84,0.0203469,-0.0191311
69.86,0.0284672,-0.0320948
69.88,-0.00626477,-0.0106772
69.9,0.0118063,-0.0015155
69.92,0.0316513,0.00195885
69.94,0.0268342,0.0128173
69.96,0.0358374,0.0210281
69.98,0.0452194,0.026305
70,0.0326298,0.0208867
70.02,0.0323666,0.0217796
70.04,0.0242243,0.0135402
70.06,0.00893708,0.00199127
70.08,-0.0137163,-0.0136651
70.1,-0.0382558,-0.0351535
70.12,-0.0234021,-0.0306327
70.14,0.00108676,-0.0079889
70.16,-0.0270008,-0.00164219
70.18,-0.038077,0.00209698
70.2,-0.0307927,0.0124685
70.22,-0.0420259,0.0218332
70.24,-0.048976,0.024532
70.26,-0.0290616,0.0145307
70.28,-0.0193059,0.00450164
70.3,-0.0113908,0.000595598
70.32,0.0103879,-0.0105625
70.34,0.0336991,-0.0300143
70.36,0.0214969,-0.0281303
70.38,0.000819788,-0.00663769
70.4,0.0259278,0.00362626
70.42,0.0422547,0.00997544
70.44,0.0360227,0.0168184
70.46,0.0356168,0.0170859
70.48,0.0410945,0.0192144
70.5,0.0408092,0.0242524
70.52,0.0277576,0.018719
70.54,0.0153591,0.00996444
70.56,0.00501295,-0.00027617
70.58,-0.017733,-0.0160284
70.6,-0.0454607,-0.0344037
70.62,-0.0319913,-0.0135462
70.64,-0.0338336,0.00806803
70.66,-0.0506553,0.0114538
70.68,-0.0425731,0.00993581
70.7,-0.0185999,-0.000626669
70.72,-0.0109018,-0.0146838
70.74,-0.00167833,-0.0227384
70.76,0.0156614,-0.0328194
70.78,0.00894356,-0.0240126
70.8,-0.00158937,-0.0144568
70.82,0.00280783,-0.0193581
70.84,0.00271856,-0.0160961
70.86,0.00049986,-0.0122394
70.88,0.00200931,-0.0136019
70.9,0.00123509,-0.0110009
70.92,0.00133657,-0.0107143
70.94,0.000926193,-0.00964372
70.96,0.0010224,-0.00859315
70.98,0.000904358,-0.00781383
71,0.000816297,-0.00701928
71.02,0.000673985,-0.00648141
71.04,0.00062854,-0.00593638
71.06,0.000569864,-0.00533464
71.08,0.000502335,-0.00483301
71.1,0.0004301,-0.00432812
71.12,0.000381712,-0.00393465
71.14,0.000344748,-0.00360441
71.16,0.000302183,-0.0032626
71.18,0.000261854,-0.00296224
71.2,0.000226092,-0.00265959
71.22,0.000196137,-0.00239239
71.24,0.000169074,-0.00216942
71.26,0.00014289,-0.00197704
71.28,0.000122456,-0.00177862
71.3,9.81438e-05,-0.00161309
71.32,8.01768e-05,-0.00143688
71.34,6.1578e-05,-0.00129732
71.36,4.53071e-05,-0.00116286
71.38,3.51897e-05,-0.00105138
71.4,2.09366e-05,-0.000945481
71.42,7.63953e-06,-0.000844948
71.44,-3.50865e-06,-0.000753813
71.46,-1.2526e-05,-0.0006721
71.48,-2.03921e-05,-0.000595118
71.5,-2.43409e-05,-0.000535983
71.52,-3.13527e-05,-0.000469834
71.54,-3.72723e-05,-0.000418059
71.56,-4.34622e-05,-0.000366262
71.58,-4.60282e-05,-0.000318795
71.6,-5.13803e-05,-0.000280823
71.62,-5.50353e-05,-0.000242349
71.64,-5.79105e-05,-0.000208627
71.66,-6.25754e-05,-0.000175082
71.68,-6.25985e-05,-0.000148985
71.7,-6.67362e-05,-0.000122594
71.72,-6.89185e-05,-9.98475e-05
71.74,-7.12545e-05,-7.88749e-05
71.76,-7.2302e-05,-5.98126e-05
71.78,-7.47994e-05,-4.20605e-05
71.8,-7.52009e-05,-2.7158e-05
71.82,-7.675e-05,-1.23214e-05
71.84,-7.82318e-05,1.11706e-06
71.86,-7.7986e-05,1.27767e-05
71.88,-7.75769e-05,2.2303e-05
71.9,-7.94586e-05,3.49034e-05
71.92,-7.77354e-05,4.11529e-05
71.94,-7.83266e-05,5.00138e-05
71.96,-7.85529e-05,5.67255e-05
71.98,-7.66618e-05,6.32938e-05
72,-7.73891e-05,6.96964e-05
72.02,-7.84379e-05,7.53219e-05
72.04,-7.77591e-05,7.92007e-05
72.06,-7.69978e-05,8.21826e-05
72.08,-7.82513e-05,8.73061e-05
72.1,-7.63645e-05,8.87204e-05
72.12,-7.75546e-05,9.37259e-05
72.14,-7.75818e-05,9.66618e-05
72.16,-6.45407e-05,8.66939e-05
72.18,-5.47803e-05,7.93432e-05
72.2,-4.74626e-05,7.60239e-05
72.22,-3.97468e-05,6.98673e-05
72.24,-3.79027e-05,6.81297e-05
72.26,-3.44089e-05,6.33977e-05
72.28,-2.17996e-05,6.72699e-05
72.3,-1.86569e-05,6.14739e-05
72.32,-1.3406e-05,5.62201e-05
72.34,-1.04994e-05,5.29707e-05
72.36,-4.73454e-06,5.18285e-05
72.38,-1.16267e-06,5.13056e-05
72.4,3.20342e-06,5.06825e-05
72.42,4.77802e-06,4.93892e-05
72.44,8.67555e-06,4.50321e-05
72.46,1.08624e-05,4.37946e-05
72.48,1.15789e-05,4.26087e-05
72.5,1.51067e-05,4.13831e-05
72.52,1.52971e-05,4.15186e-05
72.54,1.74853e-05,4.01671e-05
72.56,1.9969e-05,3.80575e-05
72.58,1.9794e-05,3.76039e-05
72.6,2.14176e-05,3.66329e-05
72.62,2.25237e-05,3.62136e-05
72.64,2.40096e-05,3.67744e-05
72.66,2.45289e-05,3.56642e-05
72.68,2.61377e-05,3.45289e-05
72.7,2.5727e-05,3.53047e-05
72.72,2.81385e-05,3.35193e-05
72.74,2.88816e-05,3.44401e-05
72.76,2.98253e-05,3.55006e-05
72.78,3.08934e-05,3.33775e-05
72.8,3.06508e-05,3.3164e-05
72.82,3.05789e-05,3.33377e-05
72.84,3.16251e-05,3.19376e-05
72.86,3.04941e-05,3.17533e-05
72.88,3.07246e-05,3.16599e-05
72.9,3.20092e-05,3.09309e-05
72.92,3.08044e-05,3.10002e-05
72.94,3.04738e-05,3.09726e-05
72.96,3.175e-05,2.95737e-05
72.98,3.06189e-05,3.05719e-05
73,3.12097e-05,3.06471e-05
73.02,3.24684e-05,2.98653e-05
73.04,3.09954e-05,3.05947e-05
73.06,3.17786e-05,3.09817e-05
73.08,3.36665e-05,3.08929e-05
73.1,3.2742e-05,3.13626e-05
73.12,3.33251e-05,3.14236e-05
73.14,3.30561e-05,3.0091e-05
73.16,3.27119e-05,3.05168e-05
73.18,3.20438e-05,3.03229e-05
73.2,3.30707e-05,2.93027e-05
73.22,3.18566e-05,2.9684e-05
73.24,3.16872e-05,2.95444e-05
73.26,3.17133e-05,2.89697e-05
73.28,3.16108e-05,2.84823e-05
73.3,3.09267e-05,3.02997e-05
73.32,3.26901e-05,2.83981e-05
73.34,3.1696e-05,2.82851e-05
73.36,3.1864e-05,3.02397e-05
73.38,3.33747e-05,2.91158e-05
73.4,3.35793e-05,3.12262e-05
73.42,3.32076e-05,2.94834e-05
73.44,3.30099e-05,2.92449e-05
73.46,3.32592e-05,2.93883e-05
73.48,3.32293e-05,2.86912e-05
73.5,3.21417e-05,3.00093e-05
73.52,3.41092e-05,2.86829e-05
73.54,3.06173e-05,2.78675e-05
73.56,3.15466e-05,2.86282e-05
73.58,3.13573e-05,2.79918e-05
73.6,3.27215e-05,2.79915e-05
73.62,3.16329e-05,2.91878e-05
73.64,2.6444e-05,2.55185e-05
73.66,2.95223e-05,2.97532e-05
73.68,2.85395e-05,2.72497e-05
73.7,2.77903e-05,2.59798e-05
73.72,3.0089e-05,2.54038e-05
73.74,2.48842e-05,2.31626e-05
