27.28,-0.00434561,-0.00052233
27.3,-0.00432239,-0.000762786
27.319,3.07891e-05,-0.0441154
27.34,2.81412e-05,-0.0491834
27.359,3.27384e-05,-0.0491832
27.38,3.30219e-05,-0.0491834
27.4,3.58201e-05,-0.0491831
27.42,3.32225e-05,-0.0491827
27.44,3.49336e-05,-0.0491828
27.46,3.37384e-05,-0.0491831
27.48,3.34166e-05,-0.0491837
27.5,3.27891e-05,-0.0491839
27.52,3.30939e-05,-0.0491843
27.541,3.37052e-05,-0.0491845
27.56,3.37268e-05,-0.0491844
27.58,3.35031e-05,-0.0491843
27.6,3.3598e-05,-0.0491843
27.62,3.33496e-05,-0.0491841
27.64,0.000311869,-0.0384996
27.66,0.000318373,-0.0238608
27.68,0.00077475,-0.0172503
27.7,0.00348745,-0.0149531
27.72,0.00331397,-0.0126562
27.74,0.00549072,-0.00842983
27.76,0.00577392,-0.00587245
27.78,0.00670811,-0.00201744
27.8,0.00755705,0.000686572
27.82,0.00950973,0.000288032
27.84,0.0115034,0.00133807
27.86,0.011147,0.00217182
27.88,0.00860256,0.000447696
27.9,0.00836324,0.00136346
27.92,0.0104161,0.00156114
27.94,0.00727472,0.00123194
27.96,0.00843857,0.00191388
27.98,0.011615,0.000416049
28,0.010068,0.000802058
28.02,0.00913865,-0.000620016
28.04,0.00940451,-0.00274563
28.06,0.00705683,-0.00166535
28.08,0.0101693,-0.000697172
28.1,0.0124822,-0.000814277
28.12,0.00349291,-0.000649718
28.14,-0.000337508,0.00048259
28.16,-0.000256922,0.000296481
28.18,0.000366322,-0.000636499
28.2,0.000403783,-0.00157875
28.22,9.14574e-05,-0.0016974
28.24,3.13922e-05,-0.0010532
28.26,0.000166694,-0.000422847
28.28,0.000171596,-0.000353474
28.3,7.66228e-05,-0.000728011
28.32,4.28261e-05,-0.00110867
28.34,8.03364e-05,-0.00113618
28.36,0.000105856,-0.000873393
28.38,5.89792e-05,-0.000609483
28.4,-1.85545e-06,-0.000550932
28.42,-1.5351e-05,-0.000693093
28.44,1.76989e-06,-0.000841289
28.46,1.30154e-06,-0.000841512
28.48,-8.00229e-06,-0.000730628
28.5,-1.5553e-05,-0.000632459
28.52,-2.92689e-05,-0.000606747
28.54,-3.37707e-05,-0.000659623
28.56,-3.61864e-05,-0.000710264
28.58,-3.87527e-05,-0.000702954
28.6,-3.78623e-05,-0.000653239
28.62,-3.98831e-05,-0.00060975
28.64,-4.08245e-05,-0.00060175
28.66,-4.15382e-05,-0.000618692
28.68,-4.25922e-05,-0.000631752
28.7,-4.48933e-05,-0.000621492
28.72,-4.75415e-05,-0.000597136
28.74,-5.16278e-05,-0.000574751
28.76,-7.24901e-05,-0.000542842
28.78,-8.97498e-05,-0.000527223
28.8,-0.000104542,-0.000514684
28.82,-0.000114623,-0.000499175
28.84,-0.000125012,-0.000478344
28.86,-0.000137837,-0.000455441
28.88,-0.000153752,-0.000433883
28.9,-0.000167224,-0.000416948
28.92,-0.000178698,-0.000401555
28.94,-0.000189088,-0.000386219
28.96,-0.00020054,-0.000368955
28.98,-0.000210423,-0.00035242
29,-0.000220415,-0.000336443
29.02,-0.000230913,-0.000321
29.04,-0.000240595,-0.000306642
29.06,-0.00024962,-0.000292024
29.08,-0.000256768,-0.00027822
29.1,-0.00026435,-0.000264194
29.12,-0.000272748,-0.000250595
29.14,-0.000280546,-0.000236786
29.16,-0.000288411,-0.000223683
29.18,-0.000294478,-0.000211498
29.2,-0.000301008,-0.000199344
29.22,-0.000307727,-0.000186602
29.24,-0.000314702,-0.000174063
29.26,-0.000321448,-0.000161271
29.28,-0.000327225,-0.000149803
29.3,-0.000332468,-0.000138018
29.32,-0.000338169,-0.000126181
29.34,-0.000344151,-0.000114227
29.36,-0.00035047,-0.000101972
29.38,-0.000353327,-9.19016e-05
29.4,-0.000362745,-7.42748e-05
29.42,-0.000377021,-5.30207e-05
29.44,-0.000392007,-3.4769e-05
29.46,-0.000405207,-1.75116e-05
29.48,-0.000415671,-2.59029e-06
29.5,-0.000425581,1.26415e-05
29.52,-0.000435666,2.84283e-05
29.54,-0.000446189,4.42109e-05
29.56,-0.000457199,6.02168e-05
29.58,-0.000466543,7.43749e-05
29.6,-0.000474867,8.68427e-05
29.62,-0.000483428,0.00010037
29.64,-0.000492367,0.000114386
29.66,-0.000499473,0.00012757
29.68,-0.000507095,0.000140594
29.7,-0.000514932,0.000153144
29.72,-0.000522602,0.000165861
29.74,-0.000530477,0.000178408
29.76,-0.00053709,0.000190142
29.78,-0.000542578,0.00020135
29.8,-0.000549371,0.000213474
29.82,-0.000556413,0.000225688
29.84,-0.000562397,0.000237169
29.86,-0.000568498,0.000248492
29.88,-0.000574845,0.000259972
29.9,-0.000580891,0.000271433
29.92,-0.000586181,0.000282399
29.94,-0.000591347,0.000293553
29.96,-0.000596714,0.00030458
29.98,-0.000602163,0.000315694
30,-0.0006082,0.000327567
30.02,-0.000612689,0.000338086
30.04,-0.000617804,0.000348357
30.06,-0.00062338,0.000359144
30.08,-0.000628741,0.000370238
30.1,-0.000632597,0.000380185
30.12,-0.000637512,0.000390609
30.14,-0.000641974,0.00040077
30.16,-0.000646583,0.000411184
30.18,-0.00065388,0.000421871
30.199,-0.000674472,0.000445951
30.22,-0.00069483,0.000469037
30.24,-0.000715126,0.000489945
30.26,-0.000739183,0.000510624
30.28,-0.000758359,0.000534535
30.3,-0.000772942,0.000555251
30.32,-0.000788872,0.000575002
30.34,-0.000806137,0.000594274
30.36,-0.000821895,0.000613471
30.38,-0.000837309,0.000634073
30.4,-0.000850902,0.00065424
30.42,-0.000865471,0.000673318
30.44,-0.000879588,0.000691487
30.46,-0.000893317,0.000709964
30.48,-0.000906094,0.000727937
30.5,-0.000918702,0.000746304
30.52,-0.000915267,0.000751693
30.54,-0.000911046,0.00075383
30.56,-0.000906891,0.000756677
30.58,-0.000903358,0.000758209
30.6,-0.000898942,0.000760948
30.62,-0.000895184,0.000766015
30.64,-0.000891469,0.000771021
30.66,-0.000887281,0.000773964
30.68,-0.000883653,0.0007764
30.7,-0.00087887,0.00077876
30.72,-0.000875205,0.000783126
30.74,-0.000870468,0.000786739
30.76,-0.000866526,0.00079036
30.78,-0.000862457,0.00079353
30.8,-0.000859406,0.00079735
30.82,-0.0008543,0.000799836
30.84,-0.000850305,0.000802828
30.86,-0.000846417,0.000806639
30.88,-0.000843183,0.000810409
30.9,-0.000838957,0.000813353
30.92,-0.000834547,0.00081621
30.94,-0.000830808,0.000819609
30.96,-0.000827109,0.00082322
30.98,-0.000823972,0.000827553
31,-0.000818385,0.000829943
31.02,-0.000814341,0.000833841
31.04,-0.000810854,0.000837245
31.06,-0.000808019,0.000841273
31.08,-0.000803222,0.000844445
31.1,-0.000798981,0.000847515
31.12,-0.000795201,0.000850637
31.14,-0.000791356,0.000853904
31.16,-0.000786869,0.000856726
31.18,-0.000782845,0.000859505
31.2,-0.000779347,0.000862843
31.22,-0.000776364,0.000866552
31.24,-0.000771704,0.00087008
31.26,-0.000767223,0.000873094
31.279,-0.000763217,0.000876154
31.3,-0.000759548,0.000879395
31.32,-0.000756452,0.000883506
31.34,-0.000751952,0.000886433
31.36,-0.000747842,0.000889571
31.38,-0.00074303,0.000892321
31.4,-0.000740065,0.00089636
31.42,-0.00073565,0.000899597
31.44,-0.000731448,0.000902714
31.46,-0.000727537,0.000905966
31.48,-0.000723941,0.000909538
31.5,-0.000719284,0.000912747
31.52,-0.000714951,0.000915683
31.54,-0.000711344,0.000918798
31.56,-0.000707781,0.000922293
31.58,-0.000704644,0.000925604
31.6,-0.000700169,0.000928758
31.62,-0.000696197,0.000931875
31.64,-0.000692162,0.000935152
31.66,-0.00068845,0.000938272
31.68,-0.00068435,0.000940965
31.7,-0.000680289,0.00094433
31.72,-0.000676329,0.000947792
31.74,-0.000672303,0.000951646
31.76,-0.000668854,0.000955816
31.78,-0.000664095,0.000958835
31.8,-0.000659853,0.000961807
31.82,-0.000655377,0.000965303
31.84,-0.000651826,0.000969628
31.86,-0.000647009,0.000972779
31.88,-0.000642494,0.000975916
31.9,-0.000637876,0.000979533
31.92,-0.000634136,0.000982677
31.94,-0.000630628,0.000986575
31.96,-0.000626362,0.0009893
31.98,-0.000622306,0.000992468
32,-0.000617897,0.000996035
32.02,-0.000614239,0.000999791
32.04,-0.000610784,0.00100367
32.06,-0.000606195,0.00100673
32.08,-0.000602202,0.00101039
32.1,-0.000598426,0.00101385
32.12,-0.000593614,0.00101767
32.14,-0.000590145,0.00102159
32.16,-0.000587071,0.00102084
32.18,-0.00058153,0.00102408
32.2,-0.000578637,0.00102762
32.22,-0.00057667,0.00102861
32.24,-0.000574263,0.00103007
32.26,-0.000570566,0.00103138
32.28,-0.000567542,0.00103438
32.3,-0.000564819,0.00103766
32.32,-0.000562396,0.00103989
32.34,-0.000560278,0.00104208
32.36,-0.000556804,0.00104313
32.38,-0.000554018,0.00104498
32.4,-0.000551286,0.00104785
32.42,-0.000548871,0.00105074
32.44,-0.00054728,0.00105412
32.46,-0.000543963,0.00105587
32.48,-0.000540601,0.00105772
32.5,-0.000537492,0.0010596
32.52,-0.0005352,0.00106195
32.54,-0.000532804,0.00106464
32.56,-0.00052951,0.00106625
32.58,-0.000526407,0.00106851
32.6,-0.000523573,0.0010704
32.62,-0.000520831,0.00107303
32.64,-0.000518682,0.00107537
32.66,-0.0005154,0.00107813
32.68,-0.00051181,0.00108051
32.7,-0.000509612,0.00108386
32.72,-0.000506436,0.0010859
32.74,-0.000503863,0.00108868
32.76,-0.000501456,0.00109172
32.78,-0.000497728,0.0010938
32.8,-0.000494886,0.00109627
32.82,-0.000491655,0.00109848
32.84,-0.000489141,0.00110124
32.86,-0.000486558,0.00110419
32.88,-0.000483248,0.00110706
32.9,-0.000480481,0.00111047
32.92,-0.000476937,0.00111296
32.94,-0.000473755,0.00111518
32.96,-0.000470594,0.00111781
32.98,-0.000468152,0.00112105
33,-0.000464008,0.00112309
33.02,-0.000460631,0.00112601
33.04,-0.000458115,0.00112867
33.06,-0.000454317,0.00113125
33.08,-0.000451266,0.00113394
33.1,-0.000448551,0.00113705
33.12,-0.000444614,0.00113926
33.14,-0.000442231,0.00114279
33.16,-0.000438405,0.00114535
33.18,-0.000435058,0.00114776
33.2,-0.000431728,0.00115059
33.22,-0.000428987,0.00115429
33.24,-0.000426978,0.00115777
33.26,-0.000423269,0.00116002
33.28,-0.000419266,0.00116247
33.3,-0.000415472,0.0011654
33.32,-0.000413154,0.00116911
33.34,-0.000409814,0.00117207
33.36,-0.000407167,0.00117506
33.38,-0.000402767,0.00117737
33.4,-0.00039916,0.00118004
33.42,-0.0003965,0.00118314
33.44,-0.000392655,0.00118548
33.46,-0.00038902,0.00118818
33.48,-0.000386887,0.00119225
33.5,-0.000383885,0.00119528
33.52,-0.000379206,0.00119735
33.54,-0.000375407,0.00119993
33.56,-0.000372622,0.00120313
33.58,-0.00036874,0.00120566
33.6,-0.000364889,0.00120832
33.62,-0.000362253,0.00121244
33.64,-0.000358736,0.00121581
33.66,-0.000354098,0.00121779
33.68,-0.000350996,0.00122159
33.7,-0.000346719,0.00122429
33.72,-0.000342967,0.00122729
33.74,-0.000339727,0.0012306
33.76,-0.000335386,0.00123342
33.78,-0.000332505,0.00123716
33.8,-0.000328801,0.00124101
33.82,-0.000323522,0.0012434
33.84,-0.000321021,0.00124738
33.86,-0.000316658,0.00124973
33.88,-0.000312443,0.0012526
33.9,-0.000309326,0.00125646
33.92,-0.000304885,0.00125899
33.94,-0.000301855,0.00126232
33.96,-0.000298634,0.00126612
33.98,-0.000295327,0.00126975
34,-0.000290955,0.00127222
34.02,-0.000286042,0.00127456
34.04,-0.00028271,0.00127812
34.06,-0.000278205,0.00128032
34.08,-0.000275295,0.00128411
34.1,-0.000270758,0.00128729
34.12,-0.000267731,0.00129084
34.14,-0.000264096,0.00129394
34.16,-0.000261023,0.00129744
34.18,-0.000255178,0.00129927
34.2,-0.000252546,0.00130309
34.22,-0.000247823,0.00130538
34.24,-0.00024477,0.00130905
34.26,-0.000240333,0.0013118
34.28,-0.000236741,0.00131543
34.3,-0.000233012,0.00131874
34.32,-0.000228855,0.00132204
34.34,-0.000225276,0.00132523
34.36,-0.000221895,0.00132845
34.38,-0.000218616,0.00133166
34.4,-0.000214882,0.00133317
34.42,-0.000212989,0.00133862
34.44,-0.000208542,0.00134354
34.46,-0.000202649,0.00134618
34.48,-0.000199759,0.00134966
34.5,-0.000196515,0.00135235
34.52,-0.000191842,0.00135526
34.54,-0.000187486,0.00135959
34.56,-0.000184062,0.00136339
34.58,-0.000179557,0.0013663
34.6,-0.000176392,0.00136945
34.62,-0.000172724,0.00137245
34.64,-0.000169112,0.00137571
34.66,-0.000166061,0.00137951
34.68,-0.000162154,0.00138268
34.7,-0.000158721,0.0013859
34.72,-0.00015366,0.00138768
34.74,-0.00014978,0.00139076
34.76,-0.000146252,0.00139378
34.78,-0.0001426,0.00139735
34.8,-0.000137788,0.00139957
34.82,-0.000134287,0.00140293
34.84,-0.000130769,0.00140559
34.86,-0.000127207,0.00140824
34.88,-0.000123871,0.00141109
34.9,-0.000120576,0.00141444
34.92,-0.000116348,0.00141707
34.94,-0.000112813,0.00141967
34.96,-0.000109335,0.00142252
34.98,-0.00010576,0.00142538
35,-0.00010228,0.00142847
35.02,-9.89109e-05,0.0014311
35.04,-9.56107e-05,0.0014338
35.06,-9.1687e-05,0.00143587
35.08,-8.84122e-05,0.00143797
35.1,-8.55494e-05,0.00144073
35.12,-8.28586e-05,0.00144322
35.14,-7.96483e-05,0.00144568
35.16,-7.68447e-05,0.00144822
35.18,-7.40519e-05,0.00145059
35.2,-7.12732e-05,0.00145288
35.22,-6.88536e-05,0.0014555
35.24,-6.61601e-05,0.00145794
35.26,-6.33145e-05,0.00146037
35.28,-6.10203e-05,0.00146232
35.3,-5.86479e-05,0.00146435
35.32,-5.60013e-05,0.00146668
35.34,-5.32165e-05,0.00146886
35.36,-5.00494e-05,0.00147093
35.38,-4.73967e-05,0.00147313
35.4,-4.46466e-05,0.00147527
35.42,-4.22783e-05,0.00147693
35.44,-4.01202e-05,0.00147882
35.46,-3.74734e-05,0.00148072
35.48,-3.51972e-05,0.00148239
35.5,-3.27141e-05,0.00148404
35.52,-3.05632e-05,0.00148536
35.54,-2.84739e-05,0.00148711
35.56,-2.63605e-05,0.00148856
35.58,-2.4418e-05,0.00149015
35.6,-2.3317e-05,0.00149199
35.62,-2.14397e-05,0.00149351
35.64,-1.95037e-05,0.0014947
35.66,-1.7805e-05,0.00149627
35.68,-1.60181e-05,0.00149756
35.7,-1.43041e-05,0.00149877
35.72,-1.25789e-05,0.00150028
35.74,-1.19101e-05,0.00150276
35.76,-9.60019e-06,0.00150373
35.78,-7.70092e-06,0.00150491
35.8,-6.0969e-06,0.00150605
35.82,-4.32424e-06,0.00150688
35.84,-2.55566e-06,0.00150806
35.86,-2.58127e-06,0.00151035
35.88,-7.95443e-07,0.00151081
35.9,1.26036e-06,0.0015118
35.92,2.69615e-06,0.00151276
35.94,4.07668e-06,0.0015135
35.96,3.61763e-06,0.00151527
35.98,4.95754e-06,0.00151634
36,6.06644e-06,0.00151681
36.02,7.2853e-06,0.00151771
36.04,8.75757e-06,0.00151871
36.06,1.03902e-05,0.00151885
36.08,1.14599e-05,0.00151995
36.1,1.28057e-05,0.00152131
36.12,1.35431e-05,0.00152284
36.14,1.50395e-05,0.00152304
36.16,1.5867e-05,0.00152368
36.18,1.73423e-05,0.00152452
36.2,1.77264e-05,0.00152564
36.22,1.85744e-05,0.00152647
36.24,1.94721e-05,0.00152687
36.26,1.92115e-05,0.00152934
36.28,2.09624e-05,0.00152978
36.3,2.17359e-05,0.00153025
36.32,2.15967e-05,0.00153183
36.34,2.27683e-05,0.00153245
36.36,2.42883e-05,0.00153246
36.38,2.56312e-05,0.00153308
36.4,2.67835e-05,0.00153368
36.42,2.78217e-05,0.00153415
36.44,2.89918e-05,0.00153428
36.46,2.9453e-05,0.00153532
36.48,3.04086e-05,0.00153581
36.5,3.18868e-05,0.00153616
36.52,3.19896e-05,0.00153726
36.54,3.25344e-05,0.00153741
36.56,3.21778e-05,0.00153894
36.58,3.35074e-05,0.00153937
36.6,3.44213e-05,0.00153964
36.62,3.35317e-05,0.00154179
36.64,3.48931e-05,0.00154166
36.66,3.53877e-05,0.00154225
36.68,3.62261e-05,0.00154247
36.7,3.71952e-05,0.00154276
36.72,3.73531e-05,0.00154404
36.74,3.8754e-05,0.00154408
36.76,3.95035e-05,0.00154423
36.78,3.91047e-05,0.00154553
36.8,4.09344e-05,0.00154503
36.82,4.03952e-05,0.00154598
36.84,4.20586e-05,0.00154603
36.86,4.29618e-05,0.00154638
36.88,4.27171e-05,0.00154811
36.9,4.42057e-05,0.00154803
36.92,4.50285e-05,0.0015491
36.94,4.64367e-05,0.00154929
36.96,4.72603e-05,0.00154961
36.98,4.77101e-05,0.00155034
37,4.81056e-05,0.00155063
37.02,4.79284e-05,0.00155131
37.04,4.86602e-05,0.0015512
37.06,4.80331e-05,0.0015528
37.08,4.95467e-05,0.00155247
37.1,0.0012094,0.00153211
37.12,-0.000587052,0.00285512
37.14,0.0132982,0.0121474
37.16,0.0251293,0.0218065
37.18,0.0327342,0.0302801
37.2,0.0445614,0.0400704
37.22,0.0474505,0.0450076
37.24,0.0338297,0.0363149
37.26,0.0154041,0.0214887
37.28,-0.00606525,0.00594276
37.3,-0.00906726,0.00890616
37.32,-0.0113898,0.00802437
37.34,-0.0103676,0.0085819
37.36,-0.0143086,0.0130069
37.38,-0.0169,0.0163498
37.4,-0.0217108,0.0210453
37.42,-0.024015,0.0249218
37.44,-0.0279883,0.0296297
37.46,-0.0366216,0.0377571
37.48,-0.0246011,0.0327889
37.5,6.84812e-05,0.0193947
37.52,0.0147376,0.0124982
37.54,0.0180427,0.0183856
37.56,0.0244991,0.0225908
37.58,0.0316971,0.029572
37.6,0.0380817,0.0352391
37.62,0.0466205,0.042855
37.64,0.0529847,0.0497444
37.66,0.0653403,0.0595633
37.68,0.0792925,0.0706409
37.7,0.0808094,0.0757638
37.72,0.0676935,0.0682528
37.74,0.05276,0.0571401
37.76,0.0324192,0.0396266
37.78,0.00604522,0.0184639
37.8,-0.00782677,0.00857335
37.82,-0.00402862,0.000998104
37.84,0.00798984,-0.011684
37.86,0.0187061,-0.0192796
37.88,0.0210828,-0.0213943
37.9,0.0267267,-0.0253176
37.92,0.0294147,-0.0277407
37.94,0.0354775,-0.0316655
37.96,0.03884,-0.0347781
37.98,0.0298896,-0.0251704
38,0.0157621,-0.00697868
38.02,0.0058558,0.00842614
38.04,0.0127287,0.00829325
38.06,0.0106525,0.00961507
38.08,0.0168295,0.0150387
38.1,0.0255349,0.0226359
38.12,0.0342461,0.029796
38.14,0.0432887,0.0378358
38.16,0.0538517,0.046798
38.18,0.0616499,0.0550748
38.2,0.0688388,0.0616182
38.22,0.0597372,0.059138
38.24,0.0431975,0.0498138
38.26,0.0231169,0.0346578
38.28,-0.000580906,0.0175302
38.3,-0.0165301,0.00937289
38.32,-0.0138887,0.0105884
38.34,-0.0109185,0.00595668
38.36,-0.00759538,0.00459539
38.38,-0.00885977,0.00629737
38.4,-0.00907323,0.0074779
38.42,-0.0120814,0.0102612
38.44,-0.0124704,0.0134511
38.46,-0.0154388,0.0165232
38.48,-0.00950713,0.0151216
38.5,0.00981674,0.00622098
38.52,0.0130623,0.0140949
38.54,0.0196896,0.0189728
38.56,0.0259471,0.0241015
38.58,0.0328227,0.0302054
38.6,0.0398762,0.0367911
38.62,0.0463733,0.0441985
38.64,0.0585889,0.0536036
38.66,0.0713168,0.0644658
38.68,0.0827852,0.0744531
38.7,0.0833764,0.0791793
38.72,0.0679702,0.0720134
38.74,0.0491166,0.0599008
38.76,0.0281119,0.043895
38.78,0.00319311,0.0262604
38.8,-0.018462,0.0125991
38.82,-0.0142798,0.0107495
38.84,-0.00615906,0.000478264
38.86,0.0030747,-0.00619617
38.88,0.00435143,-0.00687612
38.9,0.00577157,-0.00733163
38.92,0.00503357,-0.00721159
38.94,0.00888777,-0.00772229
38.96,0.0100557,-0.00894414
38.98,0.0055975,-0.00522251
39,-4.73977e-05,0.00540359
39.02,0.00948144,0.00735647
39.04,0.00823942,0.00842794
39.06,0.0143097,0.0136368
39.08,0.0233849,0.0209379
39.1,0.0317997,0.0284484
39.12,0.0383066,0.0353068
39.14,0.0464038,0.0420785
39.16,0.0562026,0.0504704
39.18,0.0664053,0.0592535
39.2,0.072699,0.0668208
39.22,0.0626126,0.063396
39.24,0.0467761,0.0545549
39.26,0.0259937,0.0382025
39.28,0.000949669,0.0200214
39.3,-0.0155288,0.0116973
39.32,-0.0131106,0.00862209
39.34,-0.00494593,-0.00142074
39.36,0.00333293,-0.00693586
39.38,0.00485866,-0.00761342
39.4,0.00602718,-0.00801702
39.42,0.00636558,-0.00849679
39.44,0.00814422,-0.00826705
39.46,0.00870981,-0.00894377
39.48,0.00490086,-0.00554002
39.5,0.000317529,0.00516272
39.52,0.0092732,0.00830672
39.54,0.0109907,0.0115184
39.56,0.0160791,0.0163804
39.58,0.0262805,0.0247295
39.6,0.0354256,0.032799
39.62,0.0426524,0.040225
39.64,0.0517109,0.0479079
39.66,0.0626879,0.0574397
39.68,0.0742245,0.0673302
39.7,0.0771657,0.0738774
39.72,0.0650067,0.0701629
39.74,0.0497181,0.0622703
39.76,0.0263157,0.0457954
39.78,-0.00145302,0.0277688
39.8,-0.0220944,0.0172945
39.82,-0.018263,0.014304
39.84,-0.010135,0.00395107
39.86,-0.00175787,-0.00142047
39.88,-0.000861833,-0.00130102
39.9,-5.77297e-05,-0.00132644
39.92,-0.00220206,-0.000275238
39.94,-0.000156129,0.000937635
39.96,0.000986069,-5.95634e-05
39.98,-0.0020379,0.0022643
40,-0.00156706,0.00702723
40.02,0.0066307,0.00723229
40.04,0.00506939,0.00765001
40.06,0.0123963,0.0140835
40.08,0.0225962,0.0223987
40.1,0.0321571,0.0304166
40.12,0.0387077,0.0374931
40.14,0.0462707,0.043997
40.16,0.0562668,0.052704
40.18,0.0676879,0.0622189
40.2,0.074344,0.0704391
40.22,0.0651964,0.067458
40.24,0.047481,0.0565896
40.26,0.0281491,0.0407367
40.28,0.00362853,0.022471
40.3,-0.0149247,0.00896337
40.32,-0.00803449,0.00619775
40.34,-0.000177307,-0.00439442
40.36,0.00862532,-0.0114276
40.38,0.0114554,-0.0133138
40.4,0.0143163,-0.0150126
40.42,0.0152858,-0.0160705
40.44,0.0200099,-0.0178256
40.46,0.0221947,-0.0200855
40.48,0.0143262,-0.0130224
40.5,0.00129868,0.00286987
40.52,0.00753884,0.00739514
40.54,0.00874821,0.00779081
40.56,0.00850006,0.00969661
40.58,0.0177436,0.0168687
40.6,0.0278295,0.0249004
40.62,0.0344348,0.0310879
40.64,0.0392158,0.036463
40.66,0.05005,0.0450377
40.68,0.0616799,0.0538822
40.7,0.0672957,0.0606046
40.72,0.0580399,0.0569819
40.74,0.0401955,0.0436605
40.76,0.0217753,0.0266465
40.78,-0.00254152,0.00806308
40.8,-0.00950768,0.00371818
40.82,-0.00436999,-0.000101763
40.84,0.00304447,-0.00687627
40.86,0.00760968,-0.0100869
40.88,0.0107012,-0.0119989
40.9,0.0150146,-0.0147146
40.92,0.015718,-0.014826
40.94,0.0193059,-0.016741
40.96,0.0195824,-0.0170264
40.98,0.012498,-0.0103182
41,4.53852e-05,0.00505178
41.02,0.00782092,0.0071301
41.04,0.00622676,0.00684003
41.06,0.00830683,0.00968764
41.08,0.0179271,0.0171505
41.1,0.0273679,0.0253773
41.12,0.0329603,0.0317837
41.14,0.041332,0.0384284
41.16,0.0513695,0.0468754
41.18,0.061052,0.0550304
41.2,0.0675073,0.0624961
41.22,0.0559413,0.0586529
41.24,0.0401395,0.0522111
41.26,0.0224055,0.0407736
41.28,-0.00306381,0.0233901
41.3,-0.0207618,0.014757
41.32,-0.0166942,0.0133335
41.34,-0.0100043,0.00538627
41.36,-0.00457804,0.00176517
41.38,-0.00354068,0.00173131
41.4,-0.00242153,0.00155501
41.42,-0.00497428,0.0044688
41.44,-0.00219168,0.00399577
41.46,-0.00488847,0.00620126
41.48,-0.00966516,0.00983952
41.5,0.00372959,0.00599734
41.52,0.0101205,0.00998594
41.54,0.0115042,0.0130467
41.56,0.0209794,0.0205628
41.58,0.0309344,0.0285995
41.6,0.0376817,0.0348373
41.62,0.0457007,0.0423283
41.64,0.0511961,0.0491151
41.66,0.0637487,0.0590925
41.68,0.0778998,0.0706694
41.7,0.0807628,0.0770654
41.72,0.0676397,0.0707571
41.74,0.0490935,0.0581164
41.76,0.0307655,0.0412944
41.78,0.0078117,0.021815
41.8,-0.0122258,0.00454144
41.82,-0.00549292,0.00229722
41.84,0.00275383,-0.00862127
41.86,0.0133061,-0.0169171
41.88,0.0187176,-0.0204386
41.9,0.0231772,-0.0236267
41.92,0.0261292,-0.0268272
41.94,0.0293867,-0.0285676
41.96,0.0342578,-0.0327049
41.98,0.0235556,-0.0235485
42,0.0077924,-0.00665631
42.02,0.00567371,0.00353278
42.04,0.00911894,0.00345924
42.06,0.00675453,0.00525817
42.08,0.0124401,0.00984025
42.1,0.018936,0.014884
42.12,0.0248761,0.0200973
42.14,0.0326046,0.0264306
42.16,0.0362564,0.0316485
42.18,0.0440068,0.0366115
42.2,0.0554371,0.0450267
42.22,0.0512594,0.0447476
42.24,0.0397567,0.0350218
42.26,0.0242708,0.0192553
42.28,0.00259653,0.000567986
42.3,0.000340026,-0.00139767
42.32,0.00377016,-0.00798844
42.34,0.0124177,-0.0147422
42.36,0.0156365,-0.0166721
42.38,0.0193633,-0.0186972
42.4,0.0202941,-0.0200227
42.42,0.0241958,-0.021604
42.44,0.029159,-0.0247265
42.46,0.0292663,-0.0250916
42.48,0.0219161,-0.0183261
42.5,0.00902513,-0.00400114
42.52,0.00618713,0.00592913
42.54,0.010967,0.00694494
42.56,0.00990671,0.00878398
42.58,0.0179552,0.0154034
42.6,0.0275108,0.0230027
42.62,0.0345791,0.0294546
42.64,0.0409524,0.0356653
42.66,0.0518223,0.044522
42.68,0.0623837,0.0534641
42.7,0.0712837,0.0621857
42.72,0.0637582,0.0610604
42.74,0.0437967,0.050237
42.76,0.0227128,0.0344285
42.78,-0.000943647,0.0173432
42.8,-0.0153214,0.0100136
42.82,-0.0118005,0.00940823
42.84,-0.00623757,0.00388437
42.86,-0.00175839,0.00108162
42.88,-0.000393803,0.000639957
42.9,0.0028943,-0.00102178
42.92,0.00160577,0.000474811
42.94,0.00394346,0.000340198
42.96,0.00359419,0.00116143
42.98,-0.000154656,0.00425365
43,-0.00530666,0.0096889
43.02,0.0061701,0.00941967
43.04,0.0066431,0.0075731
43.06,0.00660561,0.00918249
43.08,0.0155941,0.0171947
43.1,0.0263838,0.0250307
43.12,0.034976,0.0324376
43.14,0.0390185,0.038086
43.16,0.0477696,0.0448158
43.18,0.0585433,0.0535883
43.2,0.0686083,0.0628149
43.22,0.0620176,0.060894
43.24,0.0491744,0.0536681
43.26,0.0290249,0.0364538
43.28,0.00754781,0.0178671
43.3,-0.0114541,0.00228714
43.32,-0.00430636,0.000510595
43.34,0.00330172,-0.00794578
43.36,0.0115311,-0.0139342
43.38,0.0148054,-0.0161482
43.4,0.0192757,-0.0191164
43.42,0.0222134,-0.0219413
43.44,0.0258102,-0.0234501
43.46,0.029025,-0.0259918
43.48,0.0229289,-0.0206338
43.5,0.00880255,-0.00603921
43.52,0.00693463,0.0044462
43.54,0.0113567,0.00612086
43.56,0.00917295,0.00750903
43.58,0.0154342,0.0125382
43.6,0.0236366,0.0191605
43.62,0.0298604,0.0249404
43.64,0.0353041,0.0302023
43.66,0.044905,0.0378838
43.68,0.0544209,0.0453133
43.7,0.0615625,0.0521046
43.72,0.0579968,0.0523266
43.74,0.043093,0.04445
43.76,0.0251864,0.0307145
43.78,0.0026232,0.013733
43.8,-0.0115532,0.00594712
43.82,-0.00771382,0.00355693
43.84,-0.0003618,-0.00318838
43.86,0.00415616,-0.00622258
43.88,0.00525029,-0.00657008
43.9,0.00844194,-0.00822334
43.92,0.00891032,-0.00797114
43.94,0.0112037,-0.00839054
43.96,0.0110857,-0.00804676
43.98,0.0082458,-0.00572106
44,-0.000684027,0.00519289
44.02,0.00630675,0.00763211
44.04,0.00710489,0.00698687
44.06,0.00606586,0.00833156
44.08,0.0149429,0.015852
44.1,0.0261225,0.0241262
44.12,0.0341467,0.0313724
44.14,0.0418772,0.0386287
44.16,0.0471388,0.0437541
44.18,0.0585908,0.0526958
44.2,0.0689175,0.0618545
44.22,0.0627574,0.0611178
44.24,0.0475182,0.0512316
44.26,0.029181,0.0340871
44.28,0.00773512,0.0141711
44.3,-0.00658557,0.00204374
44.32,-0.000916223,-0.00166099
44.34,0.00699412,-0.0105057
44.36,0.013817,-0.0153061
44.38,0.0164612,-0.0169915
44.4,0.0205924,-0.0197285
44.42,0.0224206,-0.0209119
44.44,0.0269951,-0.0235028
44.46,0.0289978,-0.0252046
44.48,0.0227564,-0.0194947
44.5,0.0109947,-0.00623474
44.52,0.00330675,0.00555194
44.54,0.00813136,0.00442055
44.56,0.00416475,0.00422009
44.58,0.0104747,0.00943355
44.6,0.0204947,0.0173698
44.62,0.0262774,0.0224689
44.64,0.0349384,0.0293912
44.66,0.0429186,0.0366253
44.68,0.0500889,0.0432371
44.7,0.0576548,0.0504011
44.72,0.0544816,0.0507699
44.74,0.0397771,0.0421399
44.76,0.0215625,0.0257425
44.78,-0.00244047,0.00669323
44.8,-0.00704533,0.00461065
44.82,-0.00433808,0.000200565
44.84,0.00202534,-0.00468725
44.86,0.00366298,-0.00520311
44.88,0.00495314,-0.00544376
44.9,0.0054939,-0.00641383
44.92,0.006415,-0.00500339
44.94,0.00902702,-0.0058343
44.96,0.00759332,-0.00422101
44.98,0.00361882,-0.00102986
45,0.00083845,0.00529945
45.02,0.0103586,0.00874832
45.04,0.0108755,0.0110672
45.06,0.0153324,0.0152814
45.08,0.0246123,0.0227067
45.1,0.0328723,0.0296473
45.12,0.0397046,0.0359541
45.14,0.0452266,0.0418338
45.16,0.0556023,0.0504878
45.18,0.0660754,0.0592923
45.2,0.0758011,0.0684911
45.22,0.066291,0.0651434
45.24,0.0512995,0.0557299
45.26,0.0352251,0.0403171
45.28,0.0103791,0.0206982
45.3,-0.00737351,0.00793292
45.32,-0.00423153,0.00360567
45.34,0.00445021,-0.0078411
45.36,0.014526,-0.0149677
45.38,0.0181314,-0.0172115
45.4,0.021468,-0.0195208
45.42,0.0215616,-0.0200243
45.44,0.0277826,-0.0230474
45.46,0.0316695,-0.0265178
45.48,0.0258144,-0.0214067
45.5,0.0145728,-0.0077117
45.52,0.00516429,0.00660284
45.54,0.0129763,0.00728983
45.56,0.0106992,0.00848524
45.58,0.0163881,0.0134166
45.6,0.0258603,0.0209431
45.62,0.0344143,0.0288019
45.64,0.0426284,0.0359577
45.66,0.0491938,0.0426505
45.68,0.0608782,0.0519208
45.7,0.0703811,0.060536
45.72,0.0636722,0.0602012
45.74,0.0463807,0.0505318
45.76,0.0266389,0.0342332
45.78,0.00232524,0.0151402
45.8,-0.0104165,0.00615288
45.82,-0.00644888,0.00284745
45.84,0.000112598,-0.00389874
45.86,0.00343211,-0.00557192
45.88,0.00355889,-0.00508172
45.9,0.0060297,-0.00625954
45.92,0.00489229,-0.00492485
45.94,0.00771015,-0.0053703
45.96,0.00765994,-0.00486421
45.98,0.00371242,-0.00147953
46,-0.00194513,0.00732857
46.02,0.00847322,0.00760761
46.04,0.00751679,0.00813597
46.06,0.0100469,0.0112946
46.08,0.0199967,0.0195406
46.1,0.0302453,0.0275016
46.12,0.0380052,0.0346354
46.14,0.0430636,0.039936
46.16,0.0530084,0.0482889
46.18,0.0629505,0.0566898
46.2,0.0734547,0.066463
46.22,0.0662278,0.0643832
46.24,0.0506734,0.0542748
46.26,0.0328598,0.0378262
46.28,0.00909778,0.0174081
46.3,-0.00658922,0.00470595
46.32,-0.00107071,-0.000235141
46.34,0.00804306,-0.0106445
46.36,0.0161801,-0.0162672
46.38,0.0190689,-0.0181875
46.4,0.0229706,-0.0208586
46.42,0.0254343,-0.0228609
46.44,0.0306554,-0.0257698
46.46,0.0341385,-0.0286723
46.48,0.027616,-0.0229584
46.5,0.0149003,-0.00908027
46.52,0.00480397,0.0053945
46.54,0.0103521,0.00418682
46.56,0.00642359,0.00374064
46.58,0.0123062,0.00889776
46.6,0.022082,0.0164296
46.62,0.0285822,0.0226458
46.64,0.0327587,0.0273852
46.66,0.0437731,0.036124
46.68,0.0543014,0.0443005
46.7,0.0604285,0.0504591
46.72,0.0563527,0.0505706
46.74,0.043182,0.0426055
46.76,0.0248614,0.0266644
46.78,0.000682208,0.00615167
46.8,-0.00449663,0.00177948
46.82,-0.000509449,-0.00269817
46.84,0.00576723,-0.00814997
46.86,0.00808242,-0.00910125
46.88,0.00996418,-0.00976208
46.9,0.0104461,-0.0106286
46.92,0.0127834,-0.0109197
46.94,0.0159333,-0.0123618
46.96,0.0150276,-0.0112252
46.98,0.0112583,-0.00765714
47,0.00196218,0.00313303
47.02,0.00853763,0.00733016
47.04,0.00993257,0.00893801
47.06,0.0111954,0.0113481
47.08,0.0202509,0.0182278
47.1,0.0284699,0.0253245
47.12,0.035642,0.0318575
47.14,0.0408123,0.0371089
47.16,0.0511961,0.0455542
47.18,0.0614288,0.0539826
47.2,0.069705,0.0619938
47.22,0.0621889,0.0595939
47.24,0.047097,0.0497665
47.26,0.0294827,0.0339318
47.28,0.00397825,0.0121932
47.3,-0.00538135,0.00393078
47.32,-0.000192906,-0.00211519
47.34,0.00764375,-0.0111014
47.36,0.0134596,-0.0145494
47.38,0.0151718,-0.0153696
47.4,0.0180355,-0.0175381
47.42,0.0188948,-0.0174138
47.44,0.0242856,-0.0205128
47.46,0.0257121,-0.0215801
47.48,0.0197735,-0.0162652
47.5,0.00756001,-0.00268655
47.52,0.00702067,0.00637154
47.54,0.0121584,0.00805516
47.56,0.0118683,0.0100964
47.58,0.0196576,0.0163473
47.6,0.0285211,0.0235789
47.62,0.0364712,0.0307775
47.64,0.0413153,0.0361913
47.66,0.0519707,0.0447066
47.68,0.0626683,0.0534155
47.7,0.0713612,0.0618077
47.72,0.0631096,0.0595949
47.74,0.0468426,0.0487831
47.76,0.0258029,0.030341
47.78,-3.70787e-05,0.00842733
47.8,-0.0040754,0.00401203
47.82,0.00164715,-0.00283923
47.84,0.0088802,-0.0100305
47.86,0.0124252,-0.0116354
47.88,0.0146582,-0.0128115
47.9,0.0168073,-0.0144921
47.92,0.0176302,-0.0144492
47.94,0.0223539,-0.0170867
47.96,0.0238754,-0.0179512
47.98,0.0184549,-0.013168
48,0.00603976,-0.000737889
48.02,0.00874601,0.0061583
48.04,0.0118288,0.0079298
48.06,0.0127065,0.0102568
48.08,0.0199566,0.0162311
48.1,0.0280208,0.0228468
48.12,0.0329375,0.0280345
48.14,0.0423381,0.0353143
48.16,0.0509145,0.0428967
48.18,0.0589144,0.0503381
48.2,0.0682821,0.0584355
48.22,0.062276,0.0575421
48.24,0.0465913,0.0479855
48.26,0.0285098,0.030822
48.28,0.00365156,0.00917072
48.3,-0.00363966,0.00300286
48.32,0.000414207,-0.00361222
48.34,0.00779933,-0.0113559
48.36,0.0117352,-0.0129501
48.38,0.0125208,-0.012667
48.4,0.0151918,-0.0141753
48.42,0.0142783,-0.0135005
48.44,0.0175363,-0.0143141
48.46,0.019225,-0.0151894
48.48,0.0145772,-0.0107685
48.5,0.00314296,0.000967377
48.52,0.00300747,0.0070094
48.54,0.00687628,0.00621423
48.56,0.00425961,0.00673786
48.58,0.0116293,0.0129229
48.6,0.0220409,0.0206096
48.62,0.0299641,0.0274821
48.64,0.0345043,0.0330826
48.66,0.0427805,0.0392317
48.68,0.0538937,0.0476184
48.7,0.0630991,0.055624
48.72,0.0580176,0.0541399
48.74,0.0445368,0.0430844
48.76,0.0273465,0.0241643
48.78,0.00402694,0.00061135
48.8,0.00349655,-0.00421365
48.82,0.00975414,-0.0133703
48.84,0.0184679,-0.0216474
48.86,0.0228765,-0.0243033
48.88,0.0260908,-0.0262802
48.9,0.03143,-0.0301484
48.92,0.033317,-0.0316508
48.94,0.0392391,-0.0356168
48.96,0.0428188,-0.0386528
48.98,0.0332683,-0.030873
49,0.0189255,-0.0162342
49.02,0.00296401,0.00183985
49.04,0.0109637,0.00392305
49.06,0.00866355,0.00630423
49.08,0.0123191,0.00989005
49.1,0.0200363,0.0160134
49.12,0.0243932,0.0213965
49.14,0.0323873,0.0272059
49.16,0.042208,0.0351087
49.18,0.0500385,0.0417736
49.2,0.0572009,0.0481332
49.22,0.0557255,0.0493827
49.24,0.0416761,0.0404201
49.26,0.0223924,0.0231801
49.28,-0.00125253,0.00343687
49.3,-0.00243619,0.00137315
49.32,0.0018983,-0.00521131
49.34,0.00817558,-0.010679
49.36,0.00998713,-0.0112504
49.38,0.012287,-0.0120763
49.4,0.0128723,-0.013446
49.42,0.0147128,-0.0132183
49.44,0.0180682,-0.0148517
49.46,0.0178345,-0.0142138
49.48,0.0138505,-0.0101999
49.5,0.00256124,0.000152443
49.52,0.00590374,0.00570447
49.54,0.00769981,0.00684987
49.56,0.00865177,0.00954959
49.58,0.0176249,0.016599
49.6,0.027383,0.0245307
49.62,0.0339574,0.030615
49.64,0.0395688,0.036623
49.66,0.0504886,0.0451654
49.68,0.0611533,0.0540902
49.7,0.0703353,0.0629153
49.72,0.0674146,0.0644598
49.74,0.0521447,0.0554295
49.76,0.0316682,0.0371018
49.78,0.00813682,0.0144303
49.8,-0.00395942,0.00303135
49.82,0.00129238,-0.00119858
49.84,0.00765558,-0.00939125
49.86,0.0123624,-0.0121126
49.88,0.0136857,-0.0127024
49.9,0.0172122,-0.0149245
49.92,0.0184944,-0.0157023
49.94,0.0222475,-0.0176262
49.96,0.0244014,-0.0192048
49.98,0.0210572,-0.0163043
50,0.0091575,-0.00541084
50.02,0.00452294,0.00504444
50.04,0.0112488,0.00682241
50.06,0.0105052,0.00849021
50.08,0.0171878,0.0140442
50.1,0.0257787,0.020876
50.119,0.0308807,0.0270125
50.14,0.0394513,0.0334287
50.16,0.0492852,0.0419204
50.18,0.0575659,0.0495714
50.2,0.0668319,0.0578023
50.22,0.0648038,0.0598049
50.24,0.0509176,0.0509318
50.26,0.0329982,0.034278
50.28,0.00833833,0.0114583
50.3,-0.00202543,0.00206786
50.32,0.00277805,-0.0031064
50.34,0.00972291,-0.0110833
50.36,0.0130351,-0.0127548
50.38,0.0138197,-0.0126871
50.4,0.0146084,-0.0140196
50.42,0.0174993,-0.0143808
50.44,0.0218458,-0.0168407
50.46,0.0225596,-0.0170564
50.48,0.0190585,-0.0141146
50.5,0.00940928,-0.00412156
50.52,0.00503415,0.00672627
50.54,0.0105512,0.00826495
50.56,0.00965254,0.00975488
50.58,0.0154188,0.0145178
50.6,0.0239882,0.0213561
50.62,0.0312945,0.0281377
50.64,0.0356254,0.0328712
50.66,0.0456124,0.0409602
50.68,0.0548223,0.0484547
50.7,0.0622853,0.0555029
50.72,0.0618471,0.0582428
50.74,0.048015,0.0503245
50.76,0.0287988,0.0338846
50.78,0.00621025,0.0129181
50.8,-0.00728977,0.00224339
50.82,-0.00285076,-0.00144368
50.84,0.00351807,-0.00873463
50.86,0.00872451,-0.0110904
50.88,0.010743,-0.0119051
50.9,0.0133133,-0.0134469
50.92,0.0125151,-0.0134661
50.94,0.0158098,-0.0140813
50.96,0.0186428,-0.0159877
50.98,0.0157602,-0.0134997
51,0.00555167,-0.00288159
51.02,0.00528469,0.00628934
51.04,0.0113029,0.0090647
51.06,0.0114167,0.0112133
51.08,0.0182001,0.016689
51.1,0.0271166,0.023917
51.12,0.0344388,0.0304336
51.14,0.0401267,0.0368138
51.16,0.0495256,0.0440393
51.18,0.0595177,0.0524849
51.2,0.0688137,0.0609262
51.22,0.0662562,0.0628688
51.24,0.0513907,0.0541184
51.26,0.0316613,0.0363152
51.28,0.00649014,0.0138656
51.3,-0.00369901,0.00438632
51.32,0.000893539,-0.000234962
51.34,0.00701926,-0.00904052
51.36,0.0112481,-0.0121965
51.38,0.0124753,-0.0123811
51.4,0.0127776,-0.0137218
51.42,0.0156543,-0.0141244
51.44,0.0205208,-0.0170889
51.46,0.0217047,-0.0180422
51.48,0.0189649,-0.0158637
51.5,0.00953334,-0.00605071
51.52,0.00315099,0.00569425
51.54,0.010214,0.00698381
51.56,0.00803665,0.0077021
51.58,0.0142413,0.0127139
51.6,0.0227772,0.0196642
51.62,0.0295996,0.0259692
51.64,0.0349238,0.0319634
51.66,0.0446963,0.0393529
51.68,0.0549196,0.047351
51.7,0.0629932,0.0548232
51.72,0.0614947,0.0567563
51.74,0.0474146,0.0486013
51.76,0.0302819,0.0331858
51.78,0.00383504,0.00991244
51.8,-0.00343768,0.00255489
51.82,0.00102235,-0.00313141
51.84,0.00733495,-0.0115446
51.86,0.0112262,-0.0139141
51.88,0.0122614,-0.0137854
51.9,0.0137561,-0.0152759
51.92,0.0150616,-0.0153266
51.94,0.0191073,-0.0177175
51.96,0.0203456,-0.0186758
51.98,0.016933,-0.0157902
52,0.00662153,-0.00650619
52.02,0.00151852,0.00361835
52.04,0.0066856,0.00437512
52.06,0.0041121,0.00491905
52.08,0.0103241,0.00962145
52.1,0.0186186,0.0163139
52.12,0.0259241,0.0228569
52.14,0.0309108,0.0285157
52.16,0.0384775,0.0344765
52.18,0.0479861,0.0419934
52.2,0.0558218,0.0488239
52.22,0.0572334,0.0528429
52.24,0.0461037,0.045819
52.26,0.0297059,0.0311509
52.28,0.00729358,0.00968568
52.3,-0.00114044,0.00126535
52.32,0.00295961,-0.00424725
52.34,0.00917602,-0.0122523
52.36,0.0142361,-0.0148871
52.38,0.0168359,-0.0159818
52.4,0.0197188,-0.0182258
52.42,0.0202002,-0.0187465
52.44,0.0246356,-0.0212036
52.46,0.0277868,-0.0234885
52.48,0.0250854,-0.0211719
52.5,0.0145705,-0.0119462
52.52,0.00119172,0.00263381
52.54,0.00906979,0.00527507
52.56,0.00889506,0.00692205
52.58,0.0131268,0.0114146
52.6,0.0224497,0.0193118
52.62,0.0302936,0.0257796
52.64,0.0393485,0.0333698
52.66,0.0487026,0.0417461
52.68,0.0572211,0.0500733
52.7,0.0638615,0.0568071
52.72,0.0752496,0.0664718
52.74,0.0637143,0.0619521
52.76,0.0430838,0.0460632
52.78,0.0182573,0.0246144
52.8,-0.00531126,0.00665238
52.82,-0.00368328,0.00671276
52.84,-0.000921076,0.000143543
52.86,0.00279014,-0.00532781
52.88,0.00286714,-0.00475556
52.9,0.000803895,-0.00234129
52.92,-0.00316093,0.000959756
52.94,-0.000472133,0.000590905
52.96,0.000497266,0.000745162
52.979,-0.00422662,0.00502351
53,-0.00847221,0.00784169
53.02,0.00897315,0.00637137
53.04,0.0139684,0.0128204
53.06,0.0169385,0.0166072
53.08,0.0247702,0.0225891
53.1,0.0320021,0.0281316
53.12,0.0368439,0.0334144
53.14,0.0437667,0.0398407
53.16,0.0498875,0.0464805
53.18,0.0622652,0.0565922
53.2,0.0743079,0.0664216
53.22,0.0743108,0.0696376
53.24,0.0605173,0.0613101
53.26,0.0415922,0.0440284
53.28,0.0166621,0.018251
53.3,0.0010245,0.000852086
53.32,0.00776027,-0.00446412
53.34,0.0146171,-0.0147128
53.36,0.0220654,-0.0206022
53.38,0.0254486,-0.0226898
53.4,0.0300688,-0.0261582
53.42,0.0329443,-0.028386
53.44,0.0397997,-0.0334394
53.46,0.0452091,-0.0378701
53.48,0.0421548,-0.035468
53.5,0.0294519,-0.0250171
53.52,0.00852905,-0.00533874
53.54,0.00649313,0.00297321
53.56,0.00993114,0.0039088
53.58,0.00884873,0.00679258
53.6,0.0144056,0.0116147
53.62,0.0217534,0.0176615
53.64,0.0288241,0.0240742
53.66,0.0336008,0.0298161
53.68,0.0430128,0.0363252
53.7,0.0546644,0.0446395
53.72,0.0585823,0.0498009
53.74,0.048318,0.0435335
53.76,0.0333066,0.0293056
53.78,0.0125885,0.00728287
53.8,0.00331422,-0.00329304
53.82,0.00669949,-0.00784808
53.84,0.0124572,-0.0154524
53.86,0.0172315,-0.0183314
53.88,0.0196035,-0.0194152
53.9,0.0199986,-0.0206409
53.92,0.0247929,-0.0230526
53.94,0.0300596,-0.0266477
53.96,0.0311117,-0.0276384
53.98,0.0290093,-0.0259889
54,0.0189103,-0.0170664
54.02,0.00182786,-0.000130739
54.04,0.00732009,0.00383293
54.06,0.0070415,0.00355702
54.08,0.00791428,0.0057859
54.1,0.015649,0.0119002
54.12,0.0224515,0.0183335
54.14,0.0307004,0.0248527
54.16,0.0390833,0.0323605
54.18,0.046882,0.0393823
54.2,0.0539573,0.0464138
54.22,0.0598239,0.0522989
54.24,0.0491749,0.0474444
54.26,0.0330265,0.03309
54.28,0.0103142,0.011811
54.3,-0.00149437,0.00139435
54.32,0.000661808,-0.00127703
54.34,0.00402279,-0.00745538
54.36,0.00697272,-0.0088712
54.38,0.0064653,-0.00765465
54.4,0.00630099,-0.00788845
54.42,0.00779522,-0.00732454
54.44,0.00987451,-0.00804793
54.46,0.00912905,-0.00714897
54.48,0.00575447,-0.0042419
54.5,0.000587729,0.000248804
54.52,0.00606883,0.00702337
54.54,0.0132478,0.0112876
54.56,0.0152322,0.0147587
54.58,0.0230958,0.0206069
54.6,0.0312943,0.0275844
54.62,0.0373746,0.0334067
54.64,0.0423466,0.038651
54.66,0.0524913,0.0476047
54.68,0.0618765,0.0563155
54.7,0.0715992,0.0651318
54.72,0.0736691,0.0700252
54.74,0.0590018,0.0622903
54.76,0.0394918,0.0458586
54.78,0.0147544,0.0219182
54.8,-0.00292074,0.0055482
54.82,0.000915586,0.00138653
54.84,0.00705454,-0.0081456
54.86,0.0136758,-0.0132872
54.88,0.0165748,-0.014491
54.9,0.0193146,-0.0161835
54.92,0.0198891,-0.0170012
54.94,0.0245573,-0.0193643
54.96,0.0288295,-0.0224549
54.98,0.0273013,-0.0212215
55,0.0164952,-0.0125494
55.02,0.00192141,0.00243776
55.04,0.00911374,0.00540596
55.06,0.00863797,0.00638197
55.08,0.0118926,0.00991911
55.1,0.0197373,0.0162555
55.12,0.0271465,0.0228728
55.14,0.032615,0.028646
55.16,0.0429649,0.0367346
55.18,0.0517014,0.0443598
55.2,0.0603405,0.0520017
55.22,0.0633111,0.0572344
55.24,0.0510547,0.050774
55.26,0.0329076,0.0358932
55.28,0.00903087,0.0128475
55.3,-0.000971882,0.00289849
55.32,0.00165483,-0.00148474
55.34,0.00693113,-0.0100822
55.36,0.0119473,-0.0138754
55.38,0.0136277,-0.014119
55.4,0.0128265,-0.0147149
55.42,0.0154931,-0.0148294
55.44,0.0199032,-0.0175828
55.46,0.020999,-0.018223
55.48,0.0184673,-0.0163298
55.5,0.0104028,-0.00888976
55.52,0.00120541,0.00410509
55.54,0.00879145,0.00601231
55.56,0.0061781,0.0061993
55.58,0.0107275,0.00982873
55.6,0.0182442,0.0160272
55.62,0.0260914,0.0228113
55.64,0.0334182,0.0290996
55.66,0.0371967,0.0341533
55.68,0.0471172,0.0417687
55.7,0.0572837,0.0501078
55.72,0.0616076,0.0557091
55.74,0.0505102,0.0492423
55.76,0.0340187,0.0339031
55.78,0.0123474,0.0118305
55.8,-0.00219572,-0.0019277
55.82,0.00227451,-0.00489685
55.84,0.00796854,-0.0124291
55.86,0.0124533,-0.0151324
55.88,0.0141884,-0.0155148
55.9,0.0143106,-0.0168669
55.92,0.0176096,-0.0177826
55.94,0.0216967,-0.0205057
55.96,0.0232224,-0.0217174
55.98,0.0217352,-0.0206625
56,0.0123334,-0.0122021
56.02,0.000492239,0.00199768
56.04,0.00733368,0.00489597
56.06,0.0058601,0.00571107
56.08,0.00949385,0.0091643
56.1,0.0179056,0.0160575
56.12,0.0259503,0.0231632
56.14,0.0337674,0.0298972
56.16,0.038549,0.0354434
56.18,0.048613,0.0435024
56.2,0.0581617,0.0512824
56.22,0.0613492,0.0566258
56.24,0.0517486,0.0528662
56.26,0.0330095,0.0371718
56.28,0.00920821,0.0157661
56.3,-0.00322577,0.00266312
56.32,-8.69863e-05,-0.000590223
56.34,0.00409791,-0.00828094
56.36,0.00930789,-0.0115695
56.38,0.0104376,-0.0116157
56.4,0.0127238,-0.0130195
56.42,0.0132969,-0.0128679
56.44,0.0171336,-0.015085
56.46,0.0187179,-0.0161455
56.48,0.0163648,-0.0142903
56.5,0.00869883,-0.00753679
56.52,2.07293e-05,0.00415951
56.54,0.00787197,0.00620789
56.56,0.00607458,0.00688683
56.58,0.010927,0.0109076
56.6,0.0188748,0.0175177
56.62,0.0262162,0.0238511
56.64,0.0340421,0.0304628
56.66,0.0387961,0.0366177
56.68,0.0479375,0.043628
56.7,0.0585481,0.0523099
56.72,0.0619792,0.0580689
56.74,0.0521538,0.0539185
56.76,0.0345323,0.0381294
56.78,0.0109612,0.0146457
56.8,-0.00240702,0.0022994
56.82,0.000475788,-0.00103331
56.84,0.00585096,-0.00918617
56.86,0.0111948,-0.0125197
56.88,0.013153,-0.0129308
56.9,0.014721,-0.0143922
56.92,0.0154119,-0.0143981
56.94,0.0194838,-0.0170239
56.96,0.0216799,-0.0185231
56.98,0.0199944,-0.0172388
57,0.0112286,-0.00925043
57.02,0.0021754,0.00321626
57.04,0.0100375,0.00595195
57.06,0.0111299,0.00839382
57.08,0.0151716,0.0124271
57.1,0.0239387,0.0192938
57.12,0.029143,0.0251001
57.14,0.0385611,0.0321178
57.16,0.0479112,0.0403844
57.18,0.056346,0.0481096
57.2,0.0650191,0.0562249
57.22,0.0682099,0.0613154
57.24,0.0552997,0.0547058
57.26,0.0360555,0.0390605
57.28,0.0123326,0.0165449
57.3,-0.00280457,0.0031287
57.32,0.000308953,0.000824285
57.34,0.00493494,-0.00701057
57.36,0.00989357,-0.01183
57.38,0.0104254,-0.0114467
57.4,0.0111956,-0.0116803
57.42,0.0113663,-0.0110357
57.44,0.0150661,-0.0131041
57.46,0.0167694,-0.0140977
57.48,0.014217,-0.0121299
57.5,0.007339,-0.00571569
57.52,0.00320981,0.00472431
57.54,0.0117212,0.00832763
57.56,0.0130229,0.0112242
57.58,0.018546,0.0162777
57.6,0.0278461,0.0236655
57.62,0.0350912,0.03037
57.64,0.03884,0.03486
57.66,0.0500677,0.044113
57.68,0.0611009,0.0532589
57.7,0.0710886,0.0622663
57.72,0.0708214,0.0657511
57.74,0.0577882,0.0594814
57.76,0.0363525,0.0413032
57.78,0.0110222,0.0174184
57.8,-0.00245765,0.00505625
57.82,0.00257387,0.000119583
57.84,0.0089814,-0.0098883
57.86,0.0156413,-0.0172318
57.88,0.0181991,-0.018545
57.9,0.0205369,-0.0196642
57.92,0.02125,-0.0203715
57.94,0.0269183,-0.0242023
57.96,0.0310027,-0.0273228
57.98,0.0295544,-0.0262506
58,0.0192044,-0.0176331
58.02,0.00283002,-0.00019353
58.04,0.00806712,0.00480665
58.06,0.0096233,0.00591104
58.08,0.0113595,0.00899091
58.1,0.0194118,0.0156577
58.12,0.0276576,0.0229418
58.14,0.0353761,0.0300352
58.16,0.0424175,0.0367012
58.18,0.0534035,0.0456121
58.2,0.0632404,0.0541624
58.22,0.0654542,0.0592088
58.24,0.0533194,0.0545843
58.26,0.0337028,0.0393873
58.28,0.00842628,0.0171125
58.3,-0.00300913,0.00647577
58.32,-0.000387283,0.00235644
58.34,0.00494293,-0.00655358
58.36,0.00998173,-0.0113192
58.38,0.010982,-0.0112864
58.4,0.00963201,-0.0111936
58.42,0.0120953,-0.0112561
58.44,0.0166343,-0.014078
58.46,0.0175391,-0.0143956
58.48,0.0147975,-0.0122707
58.5,0.00844282,-0.00619408
58.52,0.00220528,0.00537331
58.54,0.0105004,0.00757636
58.56,0.0103254,0.00931509
58.58,0.0147405,0.0133149
58.6,0.0229103,0.0197424
58.62,0.0269308,0.0250487
58.64,0.0354815,0.0314197
58.66,0.044419,0.0394192
58.68,0.0518538,0.0464412
58.7,0.0595838,0.0536802
58.72,0.0652281,0.0600317
58.74,0.0522645,0.053619
58.76,0.0335477,0.0378049
58.78,0.00998132,0.0144516
58.8,-0.00090279,0.00363246
58.82,0.00105761,-0.000244759
58.84,0.00665705,-0.00886002
58.86,0.0119659,-0.0130926
58.88,0.0130118,-0.0130902
58.9,0.0118393,-0.012763
58.92,0.0153493,-0.0144005
58.94,0.0200278,-0.0172574
58.96,0.0201616,-0.0171813
58.98,0.0181912,-0.0157042
59,0.0106134,-0.00840428
59.02,0.00208278,0.00433206
59.04,0.0101761,0.00688005
59.06,0.010779,0.00908192
59.08,0.01528,0.0133923
59.1,0.0251163,0.0210921
59.12,0.0319828,0.0274981
59.14,0.0364131,0.0329736
59.16,0.0468629,0.0408578
59.18,0.0578918,0.0498277
59.2,0.0672501,0.0584568
59.22,0.0677632,0.0622884
59.24,0.0550718,0.0559509
59.26,0.0343171,0.0384611
59.28,0.00872298,0.0154591
59.3,-0.000922647,0.00554722
59.32,0.00271394,0.000175984
59.34,0.00939162,-0.00993412
59.36,0.0156041,-0.0168943
59.38,0.0187019,-0.0187096
59.4,0.0208799,-0.0198468
59.42,0.0209476,-0.0210845
59.44,0.0256965,-0.0232495
59.46,0.0310828,-0.0272641
59.48,0.0303365,-0.0263745
59.5,0.0192568,-0.0179216
59.52,0.002152,-0.00165306
59.54,0.00677545,0.00323014
59.56,0.00758425,0.003827
59.58,0.00882512,0.0061728
59.6,0.0170711,0.0128926
59.62,0.0237793,0.0199802
59.64,0.0325516,0.0263287
59.66,0.0418457,0.0346023
59.68,0.0500147,0.0419448
59.7,0.0576025,0.0490932
59.72,0.0623727,0.0552284
59.74,0.04924,0.0492583
59.76,0.0306397,0.0344772
59.78,0.00488423,0.0122456
59.8,-0.00396249,0.00388635
59.82,-0.00138721,0.000175624
59.84,0.00255977,-0.00666897
59.86,0.00615039,-0.00930721
59.88,0.00660315,-0.00836934
59.9,0.00415548,-0.00768591
59.92,0.005643,-0.00673931
59.94,0.00876086,-0.00847666
59.96,0.00897938,-0.00807071
59.98,0.00524928,-0.00479229
60,0.000868237,-0.000765188
60.02,0.00398655,0.0060758
60.04,0.0105676,0.00962446
60.06,0.0132576,0.0134151
60.08,0.0203787,0.0191955
60.1,0.0294099,0.0266726
60.12,0.0354509,0.0325055
60.14,0.0400984,0.0377396
60.16,0.0503832,0.0465771
60.18,0.0599046,0.0552019
60.2,0.0706136,0.064681
60.22,0.0707666,0.0685124
60.24,0.0571623,0.061951
60.26,0.0350561,0.043536
60.28,0.00838832,0.0192496
60.3,-0.00308634,0.00806393
60.32,0.00191636,0.00304764
60.34,0.00833617,-0.00684837
60.36,0.0149815,-0.0133111
60.38,0.0177153,-0.0147027
60.4,0.0209198,-0.0168811
60.42,0.02152,-0.0177564
60.44,0.0273633,-0.0212265
60.46,0.0322802,-0.024828
60.48,0.0306222,-0.0235209
60.5,0.0196619,-0.0153481
60.52,0.00380207,0.00017014
60.54,0.00792842,0.00399616
60.56,0.00796727,0.00404413
60.58,0.00896088,0.00625993
60.6,0.0169371,0.0124811
60.62,0.0254205,0.0197844
60.64,0.0325041,0.0259189
60.66,0.0378469,0.0314781
60.68,0.0484176,0.0396699
60.7,0.0571247,0.0470401
60.72,0.0609605,0.0523098
60.74,0.0490269,0.046215
60.76,0.0321403,0.0324271
60.78,0.00793496,0.0101951
60.8,-0.00123826,0.000605064
60.82,0.00146943,-0.00299417
60.84,0.00693825,-0.0109632
60.86,0.0111382,-0.0137878
60.88,0.0117167,-0.013385
60.9,0.0125659,-0.0142909
60.92,0.0145071,-0.0147369
60.94,0.017821,-0.0166949
60.96,0.0189878,-0.0174392
60.98,0.0171089,-0.0159766
61,0.00845724,-0.00843538
61.02,0.000600319,0.00358068
61.04,0.00807362,0.00550345
61.06,0.00731757,0.00666965
61.08,0.0115798,0.0107854
61.1,0.0206245,0.0179506
61.12,0.0261711,0.02379
61.14,0.0352781,0.030682
61.16,0.043993,0.0384756
61.18,0.0517009,0.0456041
61.2,0.058897,0.0530785
61.22,0.0635298,0.0582742
61.24,0.0524353,0.0528674
61.26,0.0337811,0.0376386
61.28,0.00830708,0.015256
61.3,-0.00609297,0.00339632
61.32,-0.0043237,0.00190906
61.34,-0.00053137,-0.00454036
61.36,0.00356028,-0.0069684
61.38,0.00287332,-0.00564308
61.4,0.00123183,-0.00444682
61.42,0.00359899,-0.00497316
61.44,0.00672796,-0.00647922
61.46,0.00509947,-0.00482715
61.48,0.00170124,-0.00170795
61.5,-0.00115571,0.000484145
61.52,0.00545478,0.00700411
61.54,0.0121796,0.0118499
61.56,0.0150588,0.0155233
61.58,0.0224322,0.0211506
61.6,0.0304634,0.0280826
61.62,0.0372158,0.0342342
61.64,0.0451617,0.0413739
61.66,0.0514501,0.0478769
61.68,0.0629713,0.057429
61.7,0.0745244,0.0673577
61.72,0.0729475,0.0705305
61.74,0.0576694,0.062339
61.76,0.0368294,0.0440862
61.78,0.00975279,0.0183242
61.8,-0.00254862,0.00465143
61.82,0.00296149,-5.66757e-07
61.84,0.00943093,-0.00955765
61.86,0.0162194,-0.0157021
61.88,0.0184374,-0.0169355
61.9,0.0181428,-0.0176512
61.92,0.023453,-0.0204557
61.94,0.0303372,-0.0249696
61.96,0.0330251,-0.0269702
61.98,0.0314367,-0.0257666
62,0.0210693,-0.0171315
62.02,0.00282939,0.000122619
62.04,0.00668464,0.00485966
62.06,0.0071656,0.00470054
62.08,0.00781357,0.00691162
62.1,0.0159094,0.0135734
62.12,0.0244662,0.0206631
62.14,0.0322275,0.0273957
62.16,0.0371669,0.0336176
62.18,0.0472944,0.0411348
62.2,0.0587328,0.0502009
62.22,0.0611021,0.0550205
62.24,0.0495789,0.0483423
62.26,0.0328515,0.0328085
62.28,0.0062622,0.0078509
62.3,-0.000139242,-0.000403789
62.32,0.00295242,-0.00488553
62.34,0.00782095,-0.0124991
62.36,0.0120246,-0.0146943
62.38,0.0131475,-0.014865
62.4,0.0158969,-0.0165071
62.42,0.0161433,-0.0176841
62.44,0.0191204,-0.0184861
62.46,0.0227987,-0.0211584
62.48,0.0224361,-0.0206234
62.5,0.0121555,-0.0121596
62.52,-0.000158212,0.00137143
62.54,0.00649528,0.00420103
62.56,0.0055267,0.00522053
62.58,0.00911923,0.00847359
62.6,0.0175135,0.0151901
62.62,0.0256781,0.0224436
62.64,0.0306654,0.0283413
62.66,0.0391556,0.0350923
62.68,0.0489863,0.0429716
62.7,0.0572295,0.050198
62.72,0.0624512,0.0565447
62.74,0.0508983,0.0509987
62.76,0.0328182,0.0380822
62.78,0.00735617,0.0167101
62.8,-0.0062337,0.00492546
62.82,-0.00240187,0.00186965
62.84,0.00221026,-0.00574314
62.86,0.00679117,-0.00954536
62.88,0.00727697,-0.00881179
62.9,0.00576817,-0.00864738
62.92,0.00816341,-0.00860108
62.94,0.0122798,-0.0110059
62.96,0.0128532,-0.0112051
62.98,0.00958478,-0.00859514
63,0.00399323,-0.00386781
63.02,0.00174707,0.00393464
63.04,0.00890345,0.00669654
63.06,0.00987544,0.00971889
63.08,0.0156574,0.0144807
63.1,0.0243031,0.0216634
63.12,0.0308486,0.0274516
63.14,0.0382908,0.0342379
63.16,0.0468977,0.0424223
63.18,0.0521432,0.0484003
63.2,0.0655224,0.0589639
63.22,0.0741922,0.0678572
63.24,0.0626485,0.0624236
63.26,0.0445961,0.046471
63.28,0.0188777,0.0215951
63.3,-0.00153761,0.00171503
63.32,0.00247599,-0.00105623
63.34,0.00691991,-0.00872829
63.36,0.0129119,-0.0148034
63.38,0.015197,-0.0152291
63.4,0.0186604,-0.0176591
63.42,0.0223877,-0.0205036
63.44,0.0252118,-0.0229496
63.46,0.0256432,-0.0239644
63.48,0.0304167,-0.0264076
63.5,0.0220298,-0.0206175
63.52,0.00628751,-0.00610763
63.54,0.00388361,0.00242048
63.56,0.00767852,0.00288361
63.58,0.00651593,0.00401197
63.6,0.0128214,0.00916604
63.62,0.019956,0.0152206
63.64,0.026586,0.0209558
63.66,0.0345659,0.0275406
63.68,0.0370155,0.0293686
63.7,0.0328767,0.0272731
63.72,0.0379535,0.0321388
63.74,0.0468776,0.0393034
63.76,0.0348624,0.0276003
63.78,0.0122794,0.0120992
63.8,0.00940044,0.00213348
63.82,0.0127234,-0.00521202
63.84,0.0116738,-0.0121311
63.86,0.0131093,-0.0133405
63.88,0.00880241,-0.00956783
63.9,0.00200539,-0.00329383
63.92,-0.000166362,-0.000151557
63.94,0.000181994,-0.00067761
63.96,0.000326187,-0.000314576
63.98,0.000111655,-0.000872477
64,-4.2712e-05,-0.00106761
64.02,-4.0668e-05,-0.000989014
64.04,-2.62854e-05,-0.000672144
64.06,-8.02365e-05,-0.000472429
64.08,-0.000160675,-0.000498671
64.1,-0.000197737,-0.000640962
64.12,-0.000225011,-0.000724766
64.14,-0.000273227,-0.00065908
64.16,-0.000342869,-0.000515666
64.18,-0.000390441,-0.000417227
64.2,-0.000416339,-0.000410901
64.22,-0.000448818,-0.000454739
64.24,-0.000497727,-0.000474507
64.26,-0.000545086,-0.000433711
64.28,-0.000586287,-0.000359492
64.3,-0.000618257,-0.000303278
64.32,-0.000649755,-0.000283959
64.34,-0.00068207,-0.000287818
64.36,-0.000713531,-0.000283839
64.38,-0.000747185,-0.000257237
64.4,-0.000782221,-0.000214823
64.42,-0.000816122,-0.000176752
64.44,-0.000849946,-0.000155387
64.46,-0.000880349,-0.000142538
64.48,-0.000910105,-0.000127083
64.5,-0.000944001,-0.000104724
64.52,-0.000975976,-7.42853e-05
64.54,-0.00100742,-4.62668e-05
64.56,-0.00103514,-2.43971e-05
64.58,-0.00106534,-8.1978e-06
64.6,-0.00109363,1.00236e-05
64.62,-0.00112211,2.9838e-05
64.64,-0.00115045,5.07649e-05
64.66,-0.00117628,7.18497e-05
64.68,-0.00120374,8.90398e-05
64.7,-0.00123008,0.000105175
64.72,-0.00125478,0.000122275
64.74,-0.00127979,0.000140566
64.76,-0.00130063,0.000161911
64.78,-0.00131797,0.0001818
64.8,-0.00131307,0.000184107
64.82,-0.0013079,0.000180568
64.84,-0.00130217,0.000177239
64.86,-0.00129735,0.000175662
64.88,-0.00129476,0.000174733
64.9,-0.00128922,0.000175895
64.92,-0.00128357,0.000175922
64.94,-0.00127932,0.00017451
64.96,-0.00127488,0.000172656
64.98,-0.00126972,0.000171553
65,-0.00126421,0.000171121
65.02,-0.0012588,0.000170684
65.04,-0.00125415,0.000169696
65.06,-0.00124852,0.000169257
65.08,-0.00124329,0.000168461
65.1,-0.00123879,0.00016745
65.12,-0.00123359,0.000167258
65.14,-0.00122822,0.000167806
65.16,-0.00122305,0.000167166
65.18,-0.00121882,0.00016596
65.2,-0.00121334,0.00016552
65.22,-0.00120882,0.00016428
65.24,-0.00120381,0.000163475
65.26,-0.00119805,0.000163793
65.28,-0.00119245,0.000163765
65.3,-0.00118753,0.000163172
65.32,-0.00118317,0.000161361
65.34,-0.00117769,0.000161387
65.36,-0.00117286,0.000161107
65.38,-0.00116829,0.000160274
65.4,-0.00116242,0.000160046
65.42,-0.00115648,0.000160007
65.44,-0.00115154,0.00015925
65.46,-0.00114728,0.000158019
65.48,-0.00114088,0.000157976
65.5,-0.00113666,0.000157017
65.52,-0.00113133,0.000156515
65.54,-0.00112642,0.000155824
65.56,-0.0011198,0.000156299
65.58,-0.00111647,0.000154317
65.6,-0.00111092,0.000154651
65.62,-0.00110411,0.000154807
65.64,-0.00109987,0.000153209
65.66,-0.00109436,0.000152935
65.68,-0.00108949,0.000152038
65.7,-0.00108285,0.000152929
65.72,-0.00107921,0.000151268
65.74,-0.00107412,0.000150847
65.76,-0.00106748,0.000151685
65.78,-0.00106322,0.000150548
65.8,-0.00105704,0.000150336
65.82,-0.00105222,0.00014986
65.84,-0.00104512,0.000150218
65.86,-0.0010416,0.000148957
65.88,-0.00103619,0.000148662
65.9,-0.00102959,0.000149469
65.92,-0.001025,0.000148228
65.94,-0.00101912,0.00014817
65.96,-0.00101383,0.000147385
65.98,-0.0010073,0.000147951
66,-0.00100353,0.000146237
66.02,-0.000998284,0.000145824
66.04,-0.00099196,0.000146622
66.06,-0.00098756,0.000145605
66.08,-0.000982028,0.000145243
66.099,-0.000977318,0.000144536
66.12,-0.000970412,0.000145532
66.14,-0.000966837,0.000143821
66.16,-0.000960794,0.000143539
66.18,-0.000954493,0.000143903
66.2,-0.000949799,0.000143074
66.22,-0.000944082,0.000143046
66.24,-0.000938991,0.00014242
66.26,-0.000932406,0.000143239
66.28,-0.000928621,0.000142153
66.3,-0.000923268,0.000142017
66.32,-0.000916822,0.000142877
66.34,-0.000912354,0.000142004
66.359,-0.000906887,0.000141726
66.38,-0.000901803,0.000141289
66.4,-0.000895092,0.000142112
66.42,-0.000891012,0.000140686
66.44,-0.000885427,0.000140452
66.46,-0.000878478,0.000141357
66.48,-0.000873913,0.000140337
66.5,-0.000868101,0.000140631
66.52,-0.000862889,0.000139998
66.54,-0.000855958,0.000140212
66.56,-0.000852146,0.000138837
66.58,-0.000846175,0.000138336
66.6,-0.000838921,0.000138389
66.62,-0.000834013,0.000138042
66.64,-0.000830003,0.000137818
66.66,-0.000827399,0.000141391
66.68,-0.000822227,0.000145334
66.7,-0.000817122,0.000147121
66.72,-0.00081212,0.00014579
66.74,-0.000806663,0.000144492
66.76,-0.000802147,0.0001443
66.78,-0.000797318,0.000145459
66.8,-0.000791837,0.000147381
66.82,-0.00078516,0.000149661
66.84,-0.000780821,0.000148456
66.86,-0.000775182,0.000147977
66.88,-0.000770636,0.000147696
66.9,-0.000763962,0.000149127
66.92,-0.000760399,0.000148539
66.94,-0.00075494,0.00014904
66.96,-0.000748689,0.000149705
66.98,-0.000743892,0.000149164
67,-0.000739513,0.000148839
67.02,-0.000734002,0.000149785
67.04,-0.000728462,0.000150333
67.06,-0.000723938,0.000150605
67.08,-0.000719817,0.000149814
67.1,-0.000714478,0.000150962
67.12,-0.000709727,0.000150554
67.14,-0.000705336,0.000150446
67.16,-0.000699659,0.000150996
67.18,-0.000694092,0.000151287
67.2,-0.000689585,0.000151602
67.22,-0.000685772,0.00015135
67.24,-0.000680294,0.000151965
67.26,-0.000675349,0.000152623
67.28,-0.000670079,0.000152964
67.3,-0.000665304,0.000153328
67.32,-0.00065904,0.000154091
67.34,-0.000654993,0.000153196
67.36,-0.000649694,0.000153424
67.38,-0.000644932,0.000153678
67.4,-0.00063938,0.00015462
67.42,-0.000637055,0.000152628
67.44,-0.000637405,0.000149644
67.46,-0.000638757,0.000153094
67.48,-0.000635478,0.000157684
67.5,-0.000626209,0.000158019
67.52,-0.000619223,0.000155537
67.54,-0.000615531,0.000153387
67.56,-0.000613293,0.000151901
67.58,-0.000607166,0.000154044
67.6,-0.00060034,0.000155438
67.62,-0.000595547,0.000155389
67.64,-0.000591473,0.000154663
67.66,-0.000585804,0.000154946
67.68,-0.000579926,0.000155998
67.7,-0.00057502,0.000156293
67.72,-0.000570905,0.00015615
67.74,-0.000565069,0.000156691
67.76,-0.000560301,0.000156263
67.78,-0.000555641,0.000155628
67.8,-0.000549768,0.000156362
67.82,-0.000544396,0.000156986
67.84,-0.000539796,0.000157381
67.859,-0.000535566,0.00015704
67.88,-0.000529533,0.000157309
67.9,-0.000523007,0.000158649
67.919,-0.000519281,0.000157518
67.94,-0.000514115,0.000157682
67.96,-0.000508051,0.000158896
67.98,-0.000504074,0.000158327
68,-0.000498651,0.000158073
68.02,-0.000493692,0.000157949
68.04,-0.000487142,0.000158719
68.06,-0.000483565,0.000157577
68.08,-0.000478079,0.00015808
68.1,-0.000471454,0.000159149
68.12,-0.000467418,0.000158421
68.14,-0.00046244,0.00015897
68.16,-0.000457549,0.000158567
68.18,-0.000451229,0.000159485
68.2,-0.000447806,0.000158404
68.22,-0.000442377,0.000158728
68.24,-0.000435899,0.000159407
68.26,-0.000431885,0.000158744
68.28,-0.000426064,0.000159146
68.3,-0.000421507,0.000159116
68.32,-0.000414621,0.000160538
68.34,-0.000411125,0.000159281
68.36,-0.000406497,0.000159412
68.38,-0.000399963,0.000160837
68.4,-0.000395672,0.000160285
68.42,-0.000390273,0.000160361
68.44,-0.000385458,0.000160486
68.46,-0.000378964,0.000161623
68.48,-0.000375208,0.000160361
68.5,-0.000369727,0.000160282
68.52,-0.000363875,0.000161397
68.54,-0.000359298,0.000161662
