0,-0.00492299,0.000362089
0,-0.00490166,0.000161372
0,-0.00487913,-7.84635e-05
0,-0.000531984,-0.043377
0,-0.000535127,-0.0484393
0,-0.000530108,-0.0484393
0,-0.000529269,-0.0484398
0,-0.000526452,-0.0484397
0,-0.000529144,-0.0484397
0,-0.000527065,-0.0484398
0,-0.00052938,-0.0484397
0,-0.000529607,-0.0484398
0,-0.00053051,-0.0484399
0,-0.000530658,-0.0484402
0,-0.000531117,-0.0484403
0,-0.000531175,-0.0484407
0,-0.00120988,-0.0279874
0,0.000661368,-0.0184073
0,-0.001112,-0.0153017
0,0.00250962,-0.0130497
0,0.00550412,-0.0125021
0,0.00902331,-0.0108723
0,0.0102383,-0.00884934
0,0.0117607,-0.00718535
0,0.0108245,-0.00901733
0,0.0135592,-0.00941877
0,0.0123019,-0.00962479
0,0.0110187,-0.0113048
0,0.0135696,-0.0111374
0,0.0126187,-0.0102508
0,0.0147485,-0.0115101
0,0.0117965,-0.0140498
0,0.0142098,-0.0151564
0,0.0137708,-0.0160664
27.94,0.0120973,-0.0177927
27.96,0.0145267,-0.0203197
27.98,0.00880412,-0.0198582
28,0.00762762,-0.0239192
28.02,-0.00237997,-0.0164951
28.04,-0.00698769,-0.00430483
28.06,-0.00073568,0.00496509
28.08,0.00238349,0.00285599
28.1,-0.000571887,0.000492984
28.12,-0.000757687,-6.88501e-05
28.14,-0.00080168,-0.000379989
28.16,-0.000483033,-7.38964e-05
28.18,-0.000472035,0.000403488
28.2,-0.00059132,0.000635764
28.22,-0.000564303,0.000474255
28.24,-0.000472409,0.000194676
28.26,-0.000446013,9.95009e-05
28.28,-0.000465238,0.000239188
28.3,-0.000473214,0.000440796
28.32,-0.000452333,0.000517975
28.34,-0.000438538,0.000447679
28.36,-0.000426755,0.000345154
28.38,-0.000414038,0.000322056
28.4,-0.000395101,0.000392555
28.42,-0.000389456,0.000479849
28.44,-0.000386054,0.000511768
28.46,-0.000383856,0.000488051
28.48,-0.000363079,0.00045411
28.5,-0.000346047,0.000455649
28.52,-0.000339953,0.000488637
28.54,-0.000339485,0.000528823
28.56,-0.000342686,0.000544443
28.58,-0.000336627,0.000533569
28.6,-0.000334932,0.000518443
28.62,-0.000330074,0.000523852
28.64,-0.00032548,0.000542233
28.66,-0.000319996,0.000563261
28.68,-0.000316222,0.000572148
28.7,-0.000313378,0.000568345
28.72,-0.000306662,0.000567058
28.74,-0.000300016,0.000572671
28.76,-0.000293242,0.000584197
28.78,-0.000290118,0.000596439
28.8,-0.000286779,0.000604071
28.82,-0.000281549,0.000608319
28.84,-0.000275412,0.000613212
28.86,-0.000270654,0.000619919
28.88,-0.00026637,0.000630147
28.9,-0.00026274,0.000640405
28.92,-0.000259262,0.00064877
28.94,-0.000255674,0.000656462
28.96,-0.000251296,0.000663233
28.98,-0.000248919,0.000670885
29,-0.000245738,0.000680651
29.02,-0.000243553,0.000689167
29.04,-0.000241275,0.000698313
29.06,-0.000237837,0.000707419
29.08,-0.000235194,0.000715313
29.1,-0.000231698,0.000724298
29.12,-0.000229013,0.000734018
29.14,-0.000225965,0.000744412
29.16,-0.000224215,0.000753858
29.18,-0.000223484,0.000762233
29.2,-0.000221535,0.000771045
29.22,-0.000218959,0.000780482
29.24,-0.000216817,0.000790287
29.26,-0.000213681,0.000800819
29.28,-0.000212755,0.000809337
29.3,-0.000211871,0.000818466
29.32,-0.000210011,0.00082784
29.34,-0.000207232,0.00083762
29.36,-0.000204122,0.000848159
29.38,-0.000203449,0.000857029
29.4,-0.000201808,0.000867295
29.42,-0.000200466,0.000876563
29.44,-0.000198304,0.000886938
29.46,-0.0001953,0.0008973
29.48,-0.000193795,0.000906782
29.5,-0.000193191,0.000916069
29.52,-0.000191639,0.000925565
29.54,-0.000189418,0.000935967
29.56,-0.000187184,0.000946013
29.58,-0.000185207,0.000955756
29.6,-0.000184301,0.000965235
29.62,-0.000183475,0.000974531
29.64,-0.000181567,0.000984414
29.66,-0.000179371,0.000994421
29.68,-0.000176772,0.00100521
29.7,-0.000176579,0.00101449
29.72,-0.000175839,0.0010233
29.74,-0.000173993,0.00103389
29.76,-0.000172687,0.00104414
29.78,-0.000170404,0.00105468
29.8,-0.000169335,0.00106476
29.82,-0.000168997,0.00107385
29.84,-0.000168202,0.00108347
29.86,-0.000166061,0.00109315
29.88,-0.000163621,0.00110388
29.9,-0.000162155,0.00111356
29.92,-0.000161821,0.00112313
29.94,-0.000160331,0.00113377
29.96,-0.000159361,0.00114309
29.98,-0.00015734,0.00115354
30,-0.000158937,0.00116247
30.02,-0.000160619,0.00117201
30.04,-0.000162396,0.00118393
30.06,-0.000163633,0.00119348
30.08,-0.00016411,0.00120114
30.1,-0.000163507,0.00120889
30.12,-0.000163726,0.00121759
30.14,-0.000164445,0.00122724
30.16,-0.000165132,0.00123674
30.18,-0.000165956,0.00124591
30.2,-0.000166197,0.0012545
30.22,-0.000166384,0.00126249
30.24,-0.000160047,0.00126702
30.26,-0.000158892,0.00127848
30.28,-0.00015436,0.00128586
30.3,-0.000149372,0.00129014
30.32,-0.000147893,0.00129189
30.34,-0.000145601,0.00129619
30.36,-0.000142514,0.00130334
30.38,-0.000138323,0.00131162
30.4,-0.000134939,0.001318
30.42,-0.000131501,0.00132296
30.44,-0.000128212,0.00132781
30.46,-0.000124268,0.00133262
30.48,-0.000119605,0.00133932
30.5,-0.000116415,0.0013455
30.52,-0.000112643,0.00135102
30.54,-0.000109723,0.00135594
30.56,-0.000106215,0.00136092
30.58,-0.000102073,0.00136692
30.6,-9.79768e-05,0.00137274
30.62,-9.57198e-05,0.00137798
30.64,-9.20042e-05,0.00138346
30.66,-8.86474e-05,0.00138839
30.68,-8.44142e-05,0.00139358
30.7,-7.98141e-05,0.00139947
30.72,-7.58112e-05,0.00140479
30.74,-7.29746e-05,0.00140921
30.76,-6.89366e-05,0.00141435
30.78,-6.57732e-05,0.00141932
30.8,-6.11319e-05,0.00142429
30.82,-5.6133e-05,0.00143021
30.84,-5.33512e-05,0.00143436
30.86,-5.03969e-05,0.00143879
30.88,-4.62747e-05,0.00144373
30.9,-4.18098e-05,0.00144887
30.92,-3.63886e-05,0.00145476
30.94,-3.34315e-05,0.00145883
30.96,-2.98007e-05,0.00146334
30.98,-2.55395e-05,0.00146875
31,-2.15598e-05,0.00147414
31.02,-1.65277e-05,0.00148005
31.04,-1.4024e-05,0.00148398
31.06,-1.04229e-05,0.00148872
31.08,-6.01259e-06,0.00149393
31.1,-1.34246e-06,0.00149936
31.12,2.81345e-06,0.0015047
31.14,5.80936e-06,0.00150909
31.16,9.87985e-06,0.00151372
31.18,1.43693e-05,0.00151888
31.2,1.95093e-05,0.00152439
31.22,2.11271e-05,0.00152774
31.24,2.51203e-05,0.00153245
31.26,2.98509e-05,0.00153738
31.28,3.53559e-05,0.0015431
31.3,3.73055e-05,0.00154701
31.32,4.15576e-05,0.00155162
31.34,4.58061e-05,0.00155697
31.36,5.00976e-05,0.00156227
31.38,5.34487e-05,0.00156665
31.4,5.68868e-05,0.00157105
31.42,6.17604e-05,0.0015766
31.44,6.47562e-05,0.0015811
31.46,6.87935e-05,0.00158559
31.48,7.29814e-05,0.00159026
31.5,7.74483e-05,0.00159556
31.52,8.11771e-05,0.00159984
31.54,8.47488e-05,0.00160472
31.56,8.98535e-05,0.0016107
31.58,9.20139e-05,0.00161408
31.6,9.64748e-05,0.00161924
31.62,0.000100972,0.00162468
31.64,0.000104598,0.00162951
31.66,0.000108303,0.00163404
31.68,0.000113413,0.0016398
31.7,0.000115317,0.00164381
31.72,0.000119367,0.00164903
31.74,0.000122492,0.00165379
31.76,0.000123525,0.00165929
31.78,0.000128666,0.00166667
31.8,0.00013202,0.0016708
31.82,0.000136325,0.00167572
31.84,0.000140292,0.00168074
31.86,0.000142566,0.001685
31.88,0.000148141,0.00169183
31.9,0.000150774,0.00169741
31.92,0.00015461,0.00170326
31.94,0.000158106,0.00170785
31.96,0.000161902,0.00171375
31.98,0.000166082,0.00171963
32,0.000168897,0.00172468
32.02,0.000173461,0.0017318
32.04,0.000175311,0.00173619
32.06,0.000180226,0.00174268
32.08,0.000182176,0.00174697
32.1,0.000187125,0.00175351
32.12,0.000189,0.00175793
32.14,0.000193497,0.00176442
32.16,0.000195714,0.00176926
32.18,0.000199602,0.00177537
32.2,0.000202649,0.00178114
32.22,0.000206968,0.00178734
32.24,0.000209323,0.00179229
32.26,0.000213311,0.00179791
32.28,0.00021667,0.0018039
32.3,0.000218901,0.0018085
32.32,0.000223977,0.00181562
32.34,0.000225326,0.00182055
32.36,0.000228621,0.00182645
32.38,0.000232264,0.00183266
32.4,0.000234912,0.00183858
32.42,0.000239195,0.00184519
32.44,0.000240759,0.00185013
32.46,0.000243373,0.00185631
32.48,0.000246623,0.00186247
32.5,0.000248785,0.00186794
32.52,0.000252589,0.00187459
32.54,0.000254926,0.00188012
32.56,0.000257165,0.00188537
32.58,0.000260312,0.00189183
32.6,0.000262834,0.00189802
32.62,0.000265475,0.00190409
32.64,0.000268363,0.00191029
32.66,0.000270725,0.00191585
32.68,0.000273524,0.00192165
32.7,0.000276668,0.0019281
32.72,0.000279014,0.00193402
32.74,0.000281176,0.00193966
32.76,0.000283585,0.00194624
32.78,0.000286703,0.00195287
32.8,0.00028847,0.00195856
32.82,0.000292386,0.00196535
32.84,0.000295872,0.00197202
32.86,0.000297012,0.00197729
32.88,0.000299016,0.00198291
32.9,0.00030298,0.00199021
32.919,0.000305611,0.0019964
32.94,0.000307012,0.00200194
32.96,0.000309055,0.00200826
32.98,0.000312424,0.00201509
33,0.000314512,0.00202132
33.02,0.000316354,0.00202724
33.04,0.000318789,0.00203377
33.06,0.000321862,0.00204043
33.08,0.000324233,0.00204658
33.1,0.00032568,0.00205275
33.12,0.000328116,0.00205911
33.14,0.000326419,0.00206213
33.16,0.000325715,0.00206478
33.18,0.000322249,0.00206579
33.2,0.000318941,0.00206705
33.22,0.000316868,0.00206843
33.24,0.000315681,0.0020709
33.26,0.000312203,0.00207205
33.28,0.00030999,0.00207389
33.3,0.000309132,0.00207671
33.32,0.000305396,0.00207734
33.34,0.000302836,0.00207883
33.36,0.000301261,0.0020811
33.38,0.000298682,0.00208217
33.4,0.000297127,0.00208365
33.42,0.000296072,0.002086
33.44,0.000293305,0.00208634
33.46,0.000291078,0.00208784
33.48,0.000289181,0.00208962
33.5,0.000286644,0.00209084
33.52,0.000285502,0.00209322
33.54,0.000283664,0.00209403
33.56,0.00028219,0.00209542
33.58,0.000280593,0.00209706
33.6,0.000278798,0.00209836
33.62,0.000278332,0.00210028
33.64,0.000275109,0.00210071
33.66,0.000275052,0.00210292
33.68,0.000272318,0.00210365
33.7,0.000273032,0.00210601
33.72,0.000270016,0.00210615
33.74,0.000269992,0.00210831
33.76,0.000266636,0.00210806
33.78,0.000266304,0.00210998
33.8,0.000263201,0.00211005
33.82,0.000262597,0.00211226
33.84,0.000260533,0.00211304
33.86,0.000260327,0.00211455
33.88,0.000260378,0.00211632
33.9,0.000296562,0.00133675
33.92,0.00294451,0.00245118
33.94,0.00377158,0.00203091
33.96,0.00469027,0.0030543
33.98,0.0071115,0.00747393
34,0.0077106,0.00740893
34.02,0.00699423,0.00550012
34.04,0.00127738,-0.00329412
34.06,0.00189353,-0.00242983
34.08,-0.00101401,-0.00184737
34.1,-0.00365742,0.000570971
34.12,-0.0089743,0.00565925
34.14,-0.00992506,0.00818088
34.16,-0.0100736,0.00964113
34.18,-0.0132919,0.0118358
34.2,-0.0152592,0.0151571
34.22,-0.0197577,0.0206875
34.24,-0.0244317,0.0266643
34.26,-0.0277036,0.0314849
34.28,-0.0107507,0.0239847
34.3,0.0146854,0.0140307
34.32,0.0207632,0.0231695
34.34,0.0283016,0.0267563
34.36,0.0271065,0.0264904
34.38,0.0266438,0.0274651
34.4,0.0297999,0.0284066
34.42,0.0342203,0.0312899
34.44,0.0412863,0.0360785
34.46,0.0486149,0.0409978
34.48,0.0582469,0.0488183
34.5,0.0666029,0.0542904
34.52,0.0553527,0.044204
34.54,0.0399227,0.029458
34.56,0.0153947,0.00691969
34.58,0.00900333,0.00114984
34.6,0.00551978,-0.00197707
34.62,0.0050155,-0.00637251
34.64,0.00783888,-0.00723525
34.66,0.00424495,-0.00429016
34.68,0.00092216,0.00045328
34.7,0.000606509,0.00225924
34.72,0.00131992,0.00215454
34.74,-0.000357216,0.00342313
34.76,-0.00285314,0.00608593
34.78,-0.00434522,0.00733187
34.8,0.006438,0.00705693
34.82,0.0119755,0.0126213
34.84,0.015076,0.0153065
34.86,0.0173036,0.0177334
34.88,0.0168721,0.0167128
34.9,0.0180937,0.017196
34.92,0.0200665,0.0182108
34.94,0.0220381,0.019692
34.96,0.0254483,0.0222475
34.98,0.0310062,0.0244745
35,0.0421696,0.0304792
35.02,0.0390277,0.0311455
35.04,0.0220632,0.024875
35.06,-0.00459817,0.0136023
35.08,-0.0103869,0.00963189
35.1,-0.00593482,0.00340109
35.12,0.000565633,-0.00373649
35.14,0.00561,-0.00664345
35.16,0.00521867,-0.00607703
35.18,0.00676324,-0.00709204
35.2,0.0104337,-0.00934939
35.22,0.0121129,-0.0105844
35.24,0.0118203,-0.0109328
35.26,0.0121416,-0.0116156
35.28,0.00886479,-0.00761727
35.3,-0.00282786,0.00424091
35.32,0.00237542,0.00284617
35.34,-0.00240225,-0.00189414
35.36,-0.00680266,-0.00499184
35.38,-0.00661973,-0.00613475
35.4,-0.00954816,-0.00792067
35.42,-0.0122601,-0.0101549
35.44,-0.0156267,-0.013809
35.46,-0.017813,-0.0168151
35.48,-0.0177845,-0.0160195
35.5,-0.0192363,-0.0178924
35.52,-0.0216083,-0.0206363
35.54,-0.0100754,-0.0109592
35.56,-0.0011448,0.00153477
35.58,-0.00945713,0.00473043
35.6,-0.0136752,0.00913338
35.62,-0.0136696,0.012315
35.64,-0.0169864,0.0150851
35.66,-0.0199788,0.0185792
35.68,-0.0240877,0.0219209
35.7,-0.0267786,0.0259401
35.72,-0.0311666,0.0317036
35.74,-0.0359202,0.0377899
35.76,-0.0396621,0.0433653
35.78,-0.0217864,0.0369626
35.8,0.00193172,0.0266652
35.82,0.0221511,0.0209411
35.84,0.0309047,0.0307405
35.86,0.0362984,0.0350324
35.88,0.0377475,0.0379138
35.9,0.0396016,0.0381369
35.92,0.0426166,0.0395183
35.94,0.0489982,0.0438725
35.96,0.0569632,0.0493622
35.98,0.0688097,0.0589833
36,0.0845684,0.0711329
36.02,0.0722464,0.0628004
36.04,0.0569195,0.0493647
36.06,0.0338491,0.0300745
36.08,0.00936643,0.0105368
36.1,0.00471922,0.00719451
36.12,0.00204878,-0.00374553
36.14,0.0108591,-0.0132911
36.16,0.0152032,-0.0157952
36.18,0.00972214,-0.0112264
36.2,0.00733757,-0.00965893
36.22,0.0119833,-0.0128347
36.24,0.0140242,-0.0148309
36.26,0.0117383,-0.0136734
36.28,0.0102312,-0.0131352
36.3,-0.00609144,-0.00459135
36.32,-0.00392154,-0.00514855
36.34,-0.00154276,-0.00270221
36.36,0.000928679,0.000547056
36.38,0.00429647,0.00151677
36.4,0.00525519,0.00229208
36.42,0.00658263,0.0032861
36.44,0.00864096,0.00480273
36.46,0.0113515,0.00703986
36.48,0.0152419,0.00867565
36.5,0.0224061,0.012745
36.52,0.0286369,0.0177439
36.54,0.0205689,0.0124756
36.56,0.00441802,-0.000578618
36.58,0.00133145,-0.00245194
36.6,0.00196708,-0.00449965
36.62,0.00371127,-0.00643135
36.64,0.00375232,-0.00502413
36.66,0.00197579,-0.00247824
36.68,0.00198902,-0.00193071
36.7,0.00221742,-0.00185194
36.72,0.000527222,-0.000410486
36.74,-0.00218641,0.00197281
36.76,-0.00433357,0.00439499
36.78,-0.00465941,0.00655395
36.8,-8.79097e-05,0.004977
36.82,-0.000311502,0.00510881
36.84,0.00347022,0.005674
36.86,0.00748259,0.00857652
36.88,0.0123001,0.0114291
36.9,0.0132855,0.0133566
36.92,0.0161798,0.0163452
36.94,0.0191376,0.018123
36.96,0.0224245,0.0196467
36.98,0.0284377,0.0250572
37,0.0349674,0.0298051
37.02,0.0370787,0.0321744
37.04,0.0270937,0.0217998
37.06,0.00709346,0.004702
37.08,0.00341452,-0.00481857
37.1,0.00743855,-0.00771482
37.12,0.00833559,-0.00718787
37.14,0.00673549,-0.00508385
37.16,0.00459672,-0.00376595
37.18,0.00541589,-0.00539567
37.2,0.00565308,-0.00522284
37.22,0.00402678,-0.00287246
37.24,0.00253421,-0.000474928
37.26,0.00226155,0.000964777
37.28,0.0018884,-0.000284436
37.3,-0.000159359,0.00343124
37.32,0.00816526,0.00728961
37.34,0.0129794,0.0123992
37.36,0.0167327,0.016976
37.38,0.0216216,0.0223745
37.4,0.0244269,0.0230204
37.42,0.0292514,0.0248755
37.44,0.0362073,0.0302148
37.46,0.0439311,0.0361455
37.48,0.0526572,0.0441887
37.5,0.0654711,0.0530532
37.52,0.0630322,0.0516521
37.54,0.046818,0.0394936
37.56,0.0211382,0.0199636
37.58,0.00427273,0.00781654
37.6,0.00213776,0.00432506
37.62,0.00250898,-0.00375238
37.64,0.00820953,-0.00894606
37.66,0.00885527,-0.00859828
37.68,0.00509273,-0.00507139
37.7,0.00601581,-0.00452549
37.72,0.00873832,-0.00621199
37.74,0.00866725,-0.00680961
37.76,0.00661249,-0.00564592
37.78,0.00596319,-0.00597456
37.8,-0.00223234,-0.0014979
37.82,0.000630203,-0.000927121
37.84,0.00223617,0.00204683
37.86,0.00569217,0.00602092
37.88,0.00865727,0.00744034
37.9,0.00957062,0.00796759
37.92,0.0123889,0.0100522
37.94,0.0157871,0.0127787
37.96,0.0196182,0.01608
37.98,0.0258675,0.0177971
38,0.0335056,0.0233756
38.02,0.0379204,0.0276149
38.04,0.0241893,0.0257832
38.06,0.00369756,0.0217179
38.08,-0.0174756,0.0115409
38.1,-0.0147604,0.0112011
38.12,-0.0108319,0.00539811
38.14,-0.00659636,0.00361787
38.16,-0.00860149,0.00666016
38.18,-0.0110595,0.00925842
38.2,-0.0107527,0.0101786
38.22,-0.0117238,0.0117681
38.24,-0.0153421,0.0150617
38.26,-0.0191734,0.018732
38.28,-0.0176444,0.0197216
38.3,-0.00800133,0.00964867
38.32,-0.00362286,0.00149594
38.34,-0.00124503,0.00344145
38.36,0.00378822,0.00600041
38.38,0.00626661,0.00804647
38.4,0.00696683,0.00949737
38.42,0.0102986,0.0123696
38.44,0.0126802,0.0135901
38.46,0.0154804,0.0146068
38.48,0.0199209,0.0188206
38.5,0.0254259,0.0227538
38.52,0.0307784,0.0266494
38.54,0.0242767,0.0212299
38.56,0.0100243,0.00863816
38.58,0.000910944,-0.00384511
38.6,0.00323527,-0.00457089
38.62,0.00306141,-0.00203127
38.64,-0.0014267,0.00206262
38.66,-0.00316987,0.00371958
38.68,-0.00205364,0.00216634
38.7,-0.00139159,0.00214372
38.72,-0.00497536,0.00625588
38.74,-0.00813307,0.0101523
38.76,-0.00877759,0.0122364
38.78,-0.00999047,0.0125659
38.8,0.00560485,0.00991926
38.82,0.0165567,0.0150115
38.84,0.0197392,0.0187736
38.86,0.0216031,0.0199964
38.88,0.021909,0.0225923
38.9,0.0227431,0.0215351
38.92,0.0252526,0.0228127
38.94,0.0319513,0.0274214
38.96,0.0386925,0.032414
38.98,0.0469912,0.0397465
39,0.0552884,0.0453952
39.02,0.0558678,0.0457583
39.04,0.046069,0.0347348
39.06,0.0283111,0.0177632
39.08,0.0101977,0.00120362
39.1,0.00665133,-0.000383159
39.12,0.00466414,-0.00506871
39.14,0.00821688,-0.00888676
39.16,0.00836793,-0.00774066
39.18,0.00404242,-0.00318799
39.2,0.00277793,-0.000721361
39.22,0.00344506,-0.000212814
39.24,0.00265974,0.000582159
39.26,2.58315e-05,0.00266998
39.28,-0.00267407,0.00395593
39.3,0.00209601,0.00711204
39.32,0.0119915,0.011176
39.34,0.0159266,0.0157661
39.36,0.0195417,0.0193059
39.38,0.0202495,0.0193755
39.4,0.0205621,0.0198091
39.42,0.0226532,0.0203078
39.44,0.0250432,0.0222839
39.46,0.0300745,0.0259065
39.48,0.0381093,0.0297352
39.5,0.0495919,0.0368503
39.52,0.0491319,0.0390744
39.54,0.0347261,0.0308079
39.56,0.0129592,0.0166212
39.58,-0.00345743,0.00544687
39.6,-0.000403079,0.00103305
39.62,0.0040239,-0.00731174
39.64,0.0120337,-0.0126782
39.66,0.0141653,-0.0137718
39.68,0.0145145,-0.0143295
39.7,0.0177703,-0.0167055
39.72,0.0208645,-0.019341
39.74,0.0219649,-0.0209248
39.76,0.0225342,-0.0222289
39.78,0.0213664,-0.0192136
39.8,0.00947613,-0.00794806
39.82,-0.00243066,0.004843
39.84,0.00188959,0.000323628
39.86,-0.00489321,-0.0034524
39.88,-0.00787947,-0.00637847
39.9,-0.00641172,-0.00542781
39.92,-0.00688918,-0.00569107
39.94,-0.00923926,-0.0081211
39.96,-0.0109123,-0.0105717
39.98,-0.010544,-0.00961223
40,-0.0101141,-0.0107449
40.02,-0.0112059,-0.0118341
40.04,-0.00816642,-0.0098704
40.06,0.0011621,-0.000579102
40.08,-0.00764677,0.000953259
40.1,-0.00957127,0.00535416
40.12,-0.0118102,0.0101559
40.14,-0.0184411,0.0163143
40.16,-0.0251349,0.02201
40.18,-0.0263863,0.0235607
40.2,-0.0280983,0.0268261
40.22,-0.0318357,0.0323225
40.24,-0.0377101,0.0390926
40.26,-0.0425629,0.0446898
40.28,-0.0319885,0.0429003
40.3,-0.0128568,0.032875
40.32,0.0119159,0.0195143
40.34,0.0224342,0.0229177
40.36,0.0291919,0.0280557
40.38,0.031439,0.0318518
40.4,0.0310957,0.0299746
40.42,0.0303023,0.0280474
40.44,0.0336001,0.0291353
40.46,0.0380146,0.0325213
40.48,0.0446597,0.0380418
40.5,0.0560424,0.0467258
40.52,0.0640375,0.0522257
40.54,0.0538464,0.0444309
40.56,0.0351604,0.0318479
40.58,0.00721872,0.0113855
40.6,0.000334103,0.00705798
40.62,-0.000155189,-0.000315198
40.64,0.00698129,-0.00864813
40.66,0.0118166,-0.0107726
40.68,0.0075633,-0.00760214
40.7,0.00583834,-0.00572649
40.72,0.00875649,-0.00726413
40.74,0.0106781,-0.00861782
40.76,0.0096642,-0.00878095
40.78,0.00961524,-0.0100328
40.8,0.00588789,-0.00684672
40.82,-0.000112097,0.000565153
40.84,0.00613325,0.00205957
40.86,0.00606658,0.0044154
40.88,0.0100438,0.00723169
40.9,0.0121883,0.00891571
40.92,0.0146527,0.0105091
40.94,0.0170778,0.011768
40.96,0.0194419,0.0135451
40.98,0.0235147,0.0158203
41,0.0310322,0.0199218
41.02,0.0389131,0.025531
41.04,0.0323688,0.0224215
41.06,0.0168139,0.0132405
41.08,-0.00214262,0.00246598
41.1,-0.00165359,0.00296975
41.12,-0.00192813,-0.00169274
41.14,0.00317349,-0.00440839
41.16,0.00311253,-0.00315352
41.18,0.000270496,-0.000441352
41.2,0.000249567,0.000383613
41.22,0.000719333,0.000741507
41.24,-0.00110061,0.00266084
41.26,-0.00450284,0.00569762
41.28,-0.00628403,0.00868804
41.3,-0.00466038,0.00928673
41.32,-0.000566722,0.00381901
41.34,-0.00056217,0.0042335
41.36,0.00296658,0.005665
41.38,0.00833742,0.00814518
41.4,0.0115035,0.0108912
41.42,0.0132537,0.01367
41.44,0.0147882,0.014997
41.46,0.0157987,0.0148896
41.48,0.0219497,0.0196784
41.5,0.0278926,0.0240309
41.52,0.0326664,0.0272859
41.54,0.0291177,0.0232871
41.56,0.0159463,0.00945541
41.58,0.00376244,-0.00635131
41.6,0.00761349,-0.00836278
41.62,0.00802795,-0.00670907
41.64,0.00455872,-0.00286247
41.66,0.00138802,-0.00025418
41.68,0.00312954,-0.00244822
41.7,0.00474153,-0.00350798
41.72,0.00301691,-0.00128335
41.74,0.00059016,0.00198857
41.76,-8.23807e-05,0.00365574
41.78,-0.000563698,0.00281527
41.8,-0.000614356,0.00435517
41.82,0.00919529,0.00877112
41.84,0.0161184,0.0147906
41.86,0.0215955,0.0201327
41.88,0.0248931,0.0254252
41.9,0.0249705,0.0251249
41.92,0.029951,0.0272207
41.94,0.0382308,0.0326166
41.96,0.0464096,0.0385553
41.98,0.0513478,0.043956
42,0.0596109,0.0487686
42.02,0.0643666,0.052397
42.04,0.0543754,0.0415241
42.06,0.0364575,0.0231978
42.08,0.0146692,0.00213492
42.1,0.0131995,-0.00155959
42.12,0.0127921,-0.00893287
42.14,0.015351,-0.0156895
42.16,0.0192927,-0.0176687
42.18,0.0173885,-0.0161591
42.2,0.016896,-0.0158204
42.22,0.0204204,-0.0188205
42.24,0.0235798,-0.0221793
42.26,0.0229405,-0.0235947
42.28,0.023823,-0.0265564
42.3,0.008304,-0.0146343
42.32,-0.0110331,-0.00517703
42.34,-0.00718615,-0.00828574
42.36,-0.00770598,-0.00662422
42.38,-0.00638695,-0.00541688
42.4,-0.00296776,-0.00214653
42.42,-0.00155372,-0.00127854
42.44,-0.00191247,-0.0021541
42.46,-0.0013585,-0.00235217
42.48,0.0019462,-0.00196163
42.5,0.00931253,0.00257024
42.52,0.0134969,0.00713729
42.54,0.0144476,0.00750351
42.56,0.00675385,-0.000383092
42.58,0.00165012,-0.00577398
42.6,0.00173542,-0.00469121
42.62,-0.000388437,-0.00347115
42.64,-0.00344078,-3.15181e-05
42.66,-0.00468233,0.00271156
42.68,-0.00509274,0.0044506
42.7,-0.00654386,0.00614478
42.72,-0.00926216,0.00879298
42.74,-0.012698,0.0124808
42.76,-0.0167346,0.0169327
42.78,-0.0193158,0.0223239
42.8,-0.010248,0.0188204
42.82,0.0038738,0.00376003
42.84,0.00304513,0.00837636
42.86,0.011602,0.0117395
42.88,0.0141724,0.0137588
42.9,0.0171025,0.0172194
42.92,0.0209137,0.0204579
42.94,0.024055,0.0227918
42.96,0.0282272,0.0250868
42.98,0.0336614,0.0302778
43,0.0402607,0.0346983
43.02,0.0472575,0.0402485
43.04,0.0390546,0.0357839
43.06,0.0226665,0.0271721
43.08,-0.00559984,0.0120273
43.1,-0.0120938,0.00803478
43.12,-0.0121391,0.00841664
43.14,-0.0124904,0.00909394
43.16,-0.0116988,0.0103623
43.18,-0.0119325,0.0110004
43.2,-0.0113447,0.0116383
43.22,-0.0130736,0.0144377
43.24,-0.0161683,0.0183765
43.26,-0.0194933,0.022352
43.28,-0.0219824,0.0244679
43.3,-0.00506406,0.0196771
43.32,0.0169997,0.0138607
43.34,0.0226455,0.0225771
43.36,0.0297382,0.0261849
43.38,0.0292994,0.0291332
43.4,0.0283499,0.0273857
43.42,0.0290818,0.0263337
43.44,0.0329873,0.0280727
43.46,0.0386316,0.031969
43.48,0.0457687,0.0384957
43.5,0.056125,0.0462558
43.52,0.0604085,0.0490506
43.54,0.0524194,0.0401387
43.56,0.0350015,0.024723
43.58,0.011763,0.0032313
43.6,0.00837035,0.00145911
43.62,0.00436274,-0.00345901
43.64,0.0067033,-0.00928502
43.66,0.00951496,-0.00957249
43.68,0.00399394,-0.0045612
43.7,-0.000436075,-7.34622e-05
43.72,-0.000445135,0.00109899
43.74,-0.00109329,0.00237874
43.76,-0.0034892,0.0045478
43.78,-0.00688172,0.00660496
43.8,-0.00260039,0.00963842
43.82,0.0156274,0.0119181
43.84,0.0199211,0.0192533
43.86,0.0216616,0.0214516
43.88,0.0217607,0.0215927
43.9,0.0236373,0.0233185
43.92,0.0266618,0.0254515
43.94,0.0291575,0.0272442
43.96,0.0336078,0.0302968
43.98,0.041769,0.0341815
44,0.0525971,0.0401988
44.02,0.057851,0.0454735
44.04,0.044659,0.0370716
44.06,0.0261319,0.0224121
44.08,0.00355092,0.00455383
44.1,0.00424767,0.000320865
44.12,0.00703845,-0.00803989
44.14,0.0149615,-0.0157042
44.16,0.0205749,-0.0191488
44.18,0.0203953,-0.0196318
44.2,0.0225493,-0.0214118
44.22,0.0265051,-0.0245274
44.24,0.0289729,-0.0270353
44.26,0.0298876,-0.0290205
44.28,0.0281966,-0.0274092
44.3,0.0167564,-0.0184935
44.32,-0.00534079,-0.00167159
44.34,-0.00281325,-0.00505544
44.36,-0.0102605,-0.0104179
44.38,-0.0146,-0.0135692
44.4,-0.0147123,-0.0136562
44.42,-0.014394,-0.0137408
44.44,-0.0174429,-0.0168265
44.46,-0.0200692,-0.0201375
44.48,-0.0216284,-0.0205899
44.5,-0.0227853,-0.0225848
44.52,-0.025606,-0.0248232
44.54,-0.0217472,-0.0216924
44.56,-0.00705209,-0.00943097
44.58,-0.00283392,-0.00171184
44.6,-0.00373312,-0.00137182
44.62,-0.00194432,0.00167663
44.64,-0.00154879,0.00199098
44.66,-0.00207784,0.00338866
44.68,-0.00419396,0.00467192
44.7,-0.00811154,0.00782762
44.72,-0.0123239,0.0123667
44.74,-0.0157266,0.0170819
44.76,-0.017844,0.0213363
44.78,-0.0205738,0.023518
44.8,-0.00517203,0.0208371
44.82,0.0179558,0.0157344
44.84,0.0238737,0.025077
44.86,0.0328688,0.0297787
44.88,0.0341222,0.0347391
44.9,0.0360167,0.0362379
44.92,0.0392571,0.0374104
44.94,0.0446247,0.0406186
44.96,0.05246,0.0451299
44.98,0.0617013,0.0527613
45,0.0749585,0.0622612
45.02,0.0772164,0.0655997
45.04,0.0625328,0.0560595
45.06,0.0415264,0.0421558
45.08,0.0118429,0.0219246
45.1,-0.000806774,0.0145644
45.12,-0.00429648,0.0061863
45.14,0.000434463,-0.00390942
45.16,0.00907237,-0.00934752
45.18,0.00699358,-0.00783694
45.2,0.00272447,-0.00465763
45.22,0.00555378,-0.00571031
45.24,0.00871712,-0.00733875
45.26,0.00767496,-0.00677131
45.28,0.00630799,-0.00684083
45.3,0.00622959,-0.00562612
45.32,0.00285459,0.00156518
45.34,0.00835536,0.004102
45.36,0.00844547,0.00650176
45.38,0.0107696,0.00853114
45.4,0.0133089,0.0104078
45.42,0.0158921,0.0114694
45.44,0.0164356,0.0113813
45.46,0.0181495,0.0125345
45.48,0.0228397,0.0141019
45.5,0.0314648,0.019729
45.52,0.0380504,0.0247064
45.54,0.0318733,0.0215722
45.56,0.0171084,0.0148734
45.58,-0.00375138,0.00271866
45.6,-0.00321014,0.00220939
45.62,-0.00192498,-0.00292151
45.64,0.00135693,-0.0040409
45.66,-0.000871915,-0.000910844
45.68,-0.00491217,0.00270994
45.7,-0.00558664,0.0041355
45.72,-0.00644951,0.00585199
45.74,-0.00993828,0.00947675
45.76,-0.0143333,0.0137429
45.78,-0.0166408,0.0174411
45.8,-0.00875719,0.014481
45.82,0.00179253,0.00268502
45.84,0.000282336,0.00569559
45.86,0.00644487,0.00792534
45.88,0.00982796,0.00972147
45.9,0.0130572,0.0132103
45.92,0.0155289,0.0158261
45.94,0.0177428,0.017369
45.96,0.0214056,0.0190871
45.98,0.0260638,0.0233322
46,0.0319865,0.0275662
46.02,0.0381496,0.0321667
46.04,0.0337737,0.0284203
46.06,0.0201215,0.0146828
46.08,0.00257187,-0.00256986
46.1,0.002662,-0.00393018
46.12,0.00450558,-0.00473324
46.14,0.00324462,-0.00195928
46.16,0.00206907,-0.00129018
46.18,0.00302403,-0.00297335
46.2,0.00359348,-0.0034855
46.22,0.00152644,-0.000434985
46.24,-0.00117738,0.00294844
46.26,-0.0020505,0.00507951
46.28,-0.00269533,0.0045489
46.3,-0.0014618,0.0064589
46.32,0.010756,0.0107095
46.34,0.0180092,0.018251
46.36,0.0249622,0.0237894
46.38,0.0298603,0.0297311
46.4,0.0289533,0.0284577
46.42,0.0313634,0.0293727
46.44,0.0396836,0.0342978
46.46,0.0471114,0.0398907
46.48,0.0554406,0.0470399
46.5,0.0661677,0.0552634
46.52,0.0676646,0.0559009
46.54,0.0571576,0.0452571
46.56,0.0387366,0.0261582
46.58,0.0157043,0.00373013
46.6,0.0143204,-0.00051104
46.62,0.0131371,-0.00912024
46.64,0.0179289,-0.0188013
46.66,0.0250179,-0.0235089
46.68,0.0236554,-0.022868
46.7,0.022025,-0.0219077
46.72,0.0255692,-0.0249457
46.74,0.0288792,-0.0288097
46.76,0.0285559,-0.0311038
46.78,0.0242599,-0.0302861
46.8,0.00877772,-0.0156925
46.82,-0.0104688,-0.00606704
46.84,-0.00726053,-0.00903763
46.86,-0.0076161,-0.00730343
46.88,-0.00488624,-0.00468656
46.9,-0.000921217,-0.00064463
46.92,0.00354171,0.00261778
46.94,0.00569801,0.00398164
46.96,0.00754913,0.00508379
46.98,0.0118854,0.00669261
47,0.018759,0.0111114
47.02,0.0257937,0.0173406
47.04,0.0207543,0.0159811
47.06,0.00453841,0.00841506
47.08,-0.00833475,0.00327693
47.1,-0.00454629,0.00204591
47.12,-0.00190087,-0.00151921
47.14,-0.000851532,-0.00114644
47.16,-0.00194718,0.000525831
47.18,-0.00125753,0.00088543
47.2,0.000274078,0.000251181
47.22,-0.000319081,0.000710677
47.24,-0.00241785,0.00256903
47.26,-0.00453475,0.00485474
47.28,-0.00573084,0.00697697
47.3,-0.0044314,0.0103576
47.32,0.00235455,0.00567521
47.34,0.00335361,0.00762554
47.36,0.00818034,0.010119
47.38,0.0128947,0.0127755
47.4,0.0173134,0.0170583
47.42,0.0200226,0.020361
47.44,0.0233547,0.0228583
47.46,0.0269362,0.0245598
47.48,0.0341361,0.0308654
47.5,0.0420717,0.0361843
47.52,0.0481674,0.0414713
47.54,0.0404176,0.0382698
47.56,0.0221203,0.0278454
47.58,-0.00742311,0.0125028
47.6,-0.011041,0.0100331
47.62,-0.00985623,0.0072734
47.64,-0.00793886,0.00590827
47.66,-0.0077703,0.0068894
47.68,-0.00833683,0.00721518
47.7,-0.00685301,0.00673406
47.72,-0.00696598,0.00797135
47.74,-0.00886906,0.0104029
47.76,-0.0110997,0.0130735
47.78,-0.0124057,0.013442
47.8,-0.00235517,0.0127409
47.82,0.0131269,0.0132299
47.84,0.0225586,0.0205763
47.86,0.027794,0.0255063
47.88,0.0294563,0.0303939
47.899,0.033709,0.0330845
47.92,0.0374959,0.0345971
47.94,0.0430469,0.0371581
47.96,0.0495251,0.0418987
47.98,0.0579668,0.0491657
48,0.0710221,0.0588203
48.02,0.0747908,0.0621955
48.04,0.063415,0.0553902
48.06,0.0421236,0.0406508
48.08,0.0142154,0.0196474
48.1,-0.000222706,0.0111125
48.12,-0.00416928,0.0063872
48.14,-0.000158716,-0.00265016
48.16,0.00729118,-0.00640256
48.18,0.00237294,-0.00223701
48.2,-0.00431736,0.00313325
48.22,-0.00305473,0.00344495
48.24,-0.00153056,0.00325247
48.26,-0.00472144,0.00584509
48.28,-0.00810086,0.00912015
48.3,-0.00534075,0.011014
48.32,0.0117437,0.0128047
48.34,0.0198132,0.019571
48.36,0.0242178,0.0241103
48.38,0.0277097,0.0259791
48.4,0.0289549,0.0270919
48.42,0.0306322,0.0274936
48.44,0.0321597,0.0287687
48.46,0.0371475,0.0324032
48.48,0.0457034,0.0371561
48.5,0.0567836,0.0440939
48.52,0.0614024,0.048716
48.54,0.0488085,0.0412958
48.56,0.0301442,0.0276719
48.58,0.00406268,0.00754077
48.6,0.00253393,0.00313006
48.62,0.00432606,-0.00581284
48.64,0.0131554,-0.0152115
48.66,0.0198283,-0.0191552
48.68,0.0180566,-0.0186553
48.7,0.0177054,-0.0189868
48.72,0.0208488,-0.0211406
48.74,0.023173,-0.0227927
48.76,0.0230815,-0.023369
48.78,0.0226643,-0.0221394
48.8,0.0122055,-0.0105985
48.82,-0.00209983,0.00602905
48.84,0.0050511,0.00344908
48.86,-0.00116833,-2.41838e-05
48.88,-0.0036645,-0.00228038
48.9,-0.00166411,-0.000521082
48.92,0.000470411,0.00107953
48.94,-0.00154609,-0.000923305
48.96,-0.00200829,-0.00260564
48.98,-0.000359148,-0.000681966
49,0.00210821,-0.000295258
49.02,0.00271453,0.000209567
49.04,0.00482545,0.00154483
49.06,-0.000744242,-0.00348546
49.08,-0.00265891,-0.00339013
49.1,-0.00382007,6.22884e-05
49.12,-0.00838925,0.00580188
49.14,-0.0159319,0.012787
49.16,-0.0219207,0.0180193
49.18,-0.0215224,0.0187496
49.2,-0.0221316,0.0210455
49.22,-0.0278276,0.0276634
49.24,-0.0343432,0.0349093
49.26,-0.0386901,0.040675
49.28,-0.0357924,0.042242
49.3,-0.0161499,0.0345974
49.32,0.0104276,0.023503
49.34,0.0247697,0.0260132
49.36,0.033657,0.0321068
49.38,0.0358703,0.036147
49.4,0.0358223,0.0356336
49.42,0.0370995,0.0344455
49.44,0.0413251,0.0370322
49.46,0.0481442,0.0412897
49.48,0.0558937,0.0483623
49.5,0.0651888,0.0543954
49.52,0.0653253,0.054226
49.54,0.0542073,0.0427009
49.56,0.036102,0.0264994
49.58,0.0124351,0.00541626
49.6,0.00872278,0.00159785
49.62,0.00864565,-0.00642459
49.64,0.0130982,-0.0133076
49.66,0.0164898,-0.0147641
49.68,0.0132527,-0.0124897
49.7,0.0128342,-0.0116499
49.72,0.017001,-0.0144465
49.74,0.0188201,-0.0165422
49.76,0.0175003,-0.0164298
49.78,0.0159746,-0.016481
49.8,0.00285577,-0.00637346
49.82,-0.00500907,-0.00414515
49.84,-0.00517832,-0.00635817
49.86,-0.00561885,-0.00443971
49.88,-0.00185986,-0.00113619
49.9,0.000610197,0.000824143
49.92,0.00298021,0.00231694
49.94,0.00468985,0.00297326
49.96,0.00645957,0.0039919
49.98,0.0101156,0.0043837
50,0.0167881,0.00960605
50.02,0.0213225,0.0139434
50.04,0.0203803,0.0132854
50.06,0.00828589,0.00597536
50.08,-0.00333236,-0.000292576
50.1,-0.00341418,0.000757354
50.12,-0.00326472,0.000499939
50.14,-0.00634304,0.00380943
50.16,-0.00932211,0.00763229
50.18,-0.0100298,0.00957262
50.2,-0.0101477,0.0106052
50.22,-0.0125884,0.0129911
50.24,-0.0167212,0.0171201
50.26,-0.0213395,0.0220325
50.28,-0.0245682,0.0282129
50.3,-0.0131239,0.0228992
50.32,0.00457865,0.00680337
50.34,0.0032524,0.00837745
50.36,0.00863729,0.00998425
50.38,0.0133342,0.0135062
50.4,0.0161268,0.0165979
50.42,0.0195901,0.0199495
50.44,0.0225228,0.0219478
50.46,0.0272711,0.0244566
50.48,0.0331129,0.029856
50.5,0.0402376,0.0347014
50.52,0.0476935,0.0406382
50.54,0.038878,0.0342059
50.56,0.0231158,0.0224428
50.58,-0.00275401,0.00533813
50.6,-0.00592314,0.00403552
50.62,-0.00447512,0.00213005
50.64,-0.0052282,0.0033874
50.66,-0.00605806,0.00502651
50.68,-0.00637762,0.00522452
50.7,-0.00550389,0.00540947
50.72,-0.00718183,0.00789023
50.74,-0.0100974,0.0114978
50.76,-0.0121282,0.0144697
50.78,-0.0138192,0.0155394
50.8,-0.0030623,0.0148497
50.82,0.0138213,0.0136208
50.84,0.0222144,0.021063
50.86,0.0264178,0.024516
50.88,0.026402,0.0275328
50.9,0.026556,0.0261327
50.92,0.0282747,0.0254615
50.94,0.033175,0.0288657
50.96,0.0399739,0.0338277
50.98,0.0472832,0.0404825
51,0.0564906,0.0470309
51.02,0.0602677,0.0499833
51.04,0.0504704,0.0400952
51.06,0.0333576,0.0242753
51.08,0.0117611,0.00306907
51.1,0.00834694,-0.000203747
51.12,0.00692934,-0.00571843
51.14,0.0107958,-0.0119472
51.16,0.0136389,-0.0125583
51.18,0.00905011,-0.00854564
51.2,0.0062204,-0.00540674
51.22,0.00746859,-0.00559537
51.24,0.00762321,-0.00538541
51.26,0.004461,-0.00334348
51.28,0.00121488,-0.000737804
51.3,-0.00195816,0.00278699
51.32,0.00504666,0.00572449
51.34,0.00977934,0.00958457
51.36,0.0141278,0.0145984
51.38,0.0178797,0.0174329
51.4,0.0215219,0.0208161
51.42,0.0264392,0.02368
51.44,0.0301296,0.0263742
51.46,0.0358665,0.0308329
51.48,0.0446103,0.0361487
51.5,0.0571777,0.0436367
51.52,0.0628905,0.0497034
51.54,0.0501798,0.0427376
51.56,0.0307118,0.0276941
51.58,0.00503394,0.00676542
51.6,0.00511007,0.000929144
51.62,0.0095783,-0.00849181
51.64,0.0178727,-0.0181445
51.66,0.0246289,-0.0226566
51.68,0.0249467,-0.0240814
51.7,0.0276115,-0.0267479
51.72,0.0326859,-0.0308051
51.74,0.0365124,-0.034382
51.76,0.0386177,-0.0374652
51.78,0.0375287,-0.0336397
51.8,0.0260318,-0.0235595
51.82,0.000527993,-0.00333855
51.84,-0.00185182,-0.00195733
51.86,-0.00701503,-0.00843621
51.88,-0.0144405,-0.01318
51.9,-0.0146829,-0.0138012
51.92,-0.0146638,-0.0141096
51.94,-0.0171315,-0.0167994
51.96,-0.0201195,-0.0201375
51.98,-0.0221127,-0.0210689
52,-0.0230989,-0.0230548
52.02,-0.02588,-0.0253719
52.04,-0.0244748,-0.0242274
52.06,-0.0127442,-0.0136645
52.08,0.00130581,-0.0031788
52.1,-0.00405898,-0.00305816
52.12,-0.00265349,-0.000405253
52.14,-0.00365788,0.00159828
52.16,-0.0041437,0.00283868
52.18,-0.00691658,0.00478209
52.2,-0.0114136,0.00859032
52.22,-0.0149055,0.013761
52.24,-0.0180587,0.0185093
52.26,-0.0211438,0.0234227
52.28,-0.0251431,0.0268362
52.3,-0.015415,0.0265158
52.32,0.00710357,0.0200024
52.34,0.0232389,0.0223799
52.36,0.0324558,0.0298595
52.38,0.0359567,0.0356869
52.4,0.0379188,0.0378155
52.42,0.0409546,0.0389783
52.44,0.0464544,0.0412977
52.46,0.0530032,0.045582
52.48,0.0595833,0.05139
52.5,0.069764,0.0579501
52.52,0.0744279,0.0616863
52.54,0.0628107,0.0538568
52.56,0.0426402,0.0393825
52.58,0.0165597,0.0205351
52.6,0.00171022,0.0102737
52.62,-0.00130972,0.0044886
52.64,0.003688,-0.00577199
52.66,0.0125994,-0.0122497
52.68,0.011402,-0.011394
52.7,0.00683094,-0.00803224
52.72,0.00978306,-0.00978512
52.74,0.0140928,-0.0125822
52.76,0.0142422,-0.0131264
52.78,0.013366,-0.0131201
52.8,0.0110167,-0.0116477
52.82,-0.00475975,-0.00410214
52.84,-0.00573001,-0.00838513
52.86,-0.00895157,-0.0101565
52.88,-0.00966226,-0.0105127
52.9,-0.00882253,-0.00877727
52.92,-0.00805781,-0.00828913
52.94,-0.00822632,-0.00926914
52.96,-0.00768848,-0.0101866
52.98,-0.0066866,-0.0121216
53,-0.00605392,-0.0104844
53.02,-0.00342422,-0.00714796
53.04,-0.00173725,-0.00544395
53.06,0.000133402,-0.00541923
53.08,-0.00268454,-0.00098819
53.1,-0.00612303,0.0015398
53.12,-0.0111322,0.00906492
53.14,-0.0206007,0.0181223
53.16,-0.025956,0.0241678
53.18,-0.0287,0.0285054
53.2,-0.0328786,0.0332091
53.22,-0.0386552,0.0393115
53.24,-0.045086,0.0465588
53.26,-0.0526449,0.0549986
53.28,-0.0542746,0.0608779
53.3,-0.043171,0.0551323
53.32,-0.0209749,0.0413923
53.34,0.00598055,0.0210318
53.36,0.0150628,0.0176117
53.38,0.0181941,0.019657
53.4,0.0210029,0.0215975
53.42,0.0270475,0.0267371
53.44,0.0312974,0.0300257
53.46,0.0347192,0.0323304
53.48,0.0390552,0.036788
53.5,0.0462647,0.0415326
53.52,0.0550267,0.0480854
53.54,0.0506541,0.0442148
53.56,0.0367162,0.0293835
53.58,0.00909461,0.00696873
53.6,0.00330429,-0.000486275
53.62,0.0050468,-0.00476471
53.64,0.00862832,-0.00848855
53.66,0.00878034,-0.00779949
53.68,0.00785137,-0.0077627
53.7,0.010092,-0.00979836
53.72,0.0123851,-0.0109803
53.74,0.0122248,-0.0102778
53.76,0.0115837,-0.0095375
53.78,0.0120057,-0.0114271
53.8,0.010559,-0.00979233
53.82,-0.00205851,-0.00194213
53.84,0.00345038,-0.00130094
53.86,0.00412558,0.00156196
53.88,0.00689552,0.00672463
53.9,0.00663431,0.00563214
53.92,0.00848643,0.00606104
53.94,0.0139003,0.00927848
53.96,0.0188561,0.0134349
53.98,0.0208992,0.0170822
54,0.0257168,0.0194063
54.02,0.029777,0.0216253
54.04,0.0353146,0.025063
54.06,0.0277516,0.0163809
54.08,0.0130108,-0.000631284
54.1,0.0119987,-0.00668827
54.12,0.0131512,-0.012546
54.14,0.0171602,-0.0169127
54.16,0.0188429,-0.01734
54.18,0.0173964,-0.016413
54.2,0.0179734,-0.015748
54.22,0.0204746,-0.0176613
54.24,0.0212883,-0.0192331
54.26,0.0201688,-0.019354
54.28,0.0191225,-0.0199455
54.3,0.01532,-0.0169468
54.32,-0.00222668,-0.00599136
54.34,-0.00496072,-0.00498227
54.36,-0.00231503,-0.00397056
54.38,-0.000539272,-0.0010379
54.4,0.00316273,0.00286922
54.42,0.00630035,0.00550083
54.44,0.0073235,0.0057607
54.46,0.00964527,0.00682497
54.48,0.0143813,0.0087515
54.5,0.0203824,0.0127732
54.52,0.02879,0.0190679
54.54,0.0314008,0.021047
54.56,0.0228232,0.01525
54.58,0.00691742,0.00172977
54.6,0.00322799,-0.00434286
54.62,0.00614383,-0.00789584
54.64,0.00843556,-0.010028
54.66,0.00826838,-0.00868824
54.68,0.00678275,-0.00701705
54.7,0.00797563,-0.00737195
54.72,0.00860938,-0.00758464
54.74,0.00723787,-0.00634884
54.76,0.00528716,-0.00451079
54.78,0.00479702,-0.00220622
54.8,0.00559972,-0.00207622
54.82,-0.00322167,0.0110679
54.84,0.00894981,0.0110631
54.86,0.00736533,0.0106791
54.88,0.00782247,0.00990164
54.9,0.0110195,0.0119648
54.92,0.0145151,0.0150632
54.94,0.014784,0.0155251
54.96,0.0155562,0.0153214
54.98,0.0192192,0.0184438
55,0.0264006,0.0229171
55.02,0.0308291,0.0262186
55.04,0.032541,0.0282836
55.06,0.0228351,0.0225931
55.08,-0.000243884,0.0133365
55.1,-0.0149735,0.00865525
55.12,-0.017267,0.012845
55.14,-0.0209727,0.0163664
55.16,-0.0214897,0.0185464
55.18,-0.0201799,0.0191125
55.2,-0.0200581,0.0201406
55.22,-0.0233121,0.0244082
55.24,-0.0283962,0.0303425
55.26,-0.0337786,0.0366211
55.28,-0.03859,0.041155
55.3,-0.0242813,0.0367806
55.32,-0.00118505,0.0274342
55.34,0.0220193,0.0204045
55.36,0.030265,0.0287978
55.38,0.0349676,0.0346416
55.4,0.0344023,0.0346976
55.42,0.0361731,0.0350123
55.44,0.0408085,0.0377207
55.46,0.0453938,0.0405725
55.48,0.051105,0.0457033
55.5,0.0587584,0.0508409
55.52,0.0678624,0.0564144
55.54,0.0606171,0.0498639
55.56,0.0461395,0.0365562
55.58,0.0246425,0.0169764
55.6,0.00937746,0.00176576
55.62,0.00930658,-0.00330809
55.64,0.0111878,-0.0139879
55.66,0.0207265,-0.020671
55.68,0.0207863,-0.0206384
55.7,0.0157178,-0.0166336
55.72,0.0171556,-0.0178711
55.74,0.0209522,-0.0211841
55.76,0.0214954,-0.0227175
55.78,0.0208392,-0.0234373
55.8,0.0168632,-0.0201934
55.82,-0.000588372,-0.00939256
55.84,-0.00930538,-0.00641586
55.86,-0.00669995,-0.007868
55.88,-0.00944497,-0.00827595
55.9,-0.0076977,-0.00577253
55.92,-0.00452994,-0.00326277
55.94,-0.00304048,-0.00264133
55.96,-0.00240572,-0.00314479
55.98,-0.000530605,-0.00378389
56,0.00159851,-0.00250925
56.02,0.00687941,0.00199742
56.04,0.0104321,0.00464441
56.06,0.0087208,0.00197858
56.08,0.00311055,-0.00573217
56.1,0.00194671,-0.00475307
56.12,-0.00091428,-0.0017757
56.14,-0.0059622,0.00257996
56.16,-0.00925826,0.00671974
56.18,-0.0104405,0.00962444
56.2,-0.0118279,0.0116689
56.22,-0.0145755,0.0144712
56.24,-0.0184954,0.0186964
56.26,-0.0234542,0.0241645
56.28,-0.02868,0.0315991
56.3,-0.0253479,0.0344397
56.32,-0.00767499,0.0218924
56.34,0.00712671,0.0095485
56.36,0.00905587,0.0124353
56.38,0.0126311,0.014055
56.4,0.0174595,0.0183934
56.42,0.022591,0.0226548
56.44,0.0251722,0.0249787
56.46,0.0287453,0.0271048
56.48,0.0340167,0.031449
56.5,0.0413522,0.0367616
56.52,0.0485662,0.0422738
56.54,0.0470125,0.0416367
56.56,0.0341915,0.0294312
56.58,0.00548406,0.00956632
56.6,-0.0064826,0.00325268
56.62,-0.00510968,0.00297583
56.64,0.000364749,-0.000265497
56.66,-0.000210031,0.000617082
56.68,-0.00144789,0.0015411
56.7,-0.000663395,0.00111713
56.72,-0.000948751,0.00262148
56.74,-0.00258654,0.00535613
56.76,-0.00508461,0.00825493
56.78,-0.00666967,0.00842398
56.8,-0.00806682,0.0113253
56.82,0.00823142,0.00805307
56.84,0.0151484,0.014238
56.86,0.0195997,0.0180753
56.88,0.0211045,0.0226399
56.9,0.0228114,0.0223756
56.92,0.0247466,0.0228772
56.94,0.0285747,0.0256097
56.96,0.0346856,0.0304236
56.98,0.0398034,0.0353259
57,0.0486629,0.041197
57.02,0.0572292,0.0465739
57.04,0.0555242,0.0446839
57.06,0.0401541,0.0325402
57.08,0.0170092,0.0149465
57.1,0.00462823,0.00558572
57.12,0.00634971,-0.000479818
57.14,0.00893067,-0.00924013
57.16,0.0143471,-0.0127472
57.18,0.0130972,-0.0117635
57.2,0.0110429,-0.00986248
57.22,0.0143024,-0.0122364
57.24,0.0173701,-0.0149419
57.26,0.0175287,-0.0160152
57.28,0.0160807,-0.0156452
57.3,0.0117401,-0.0129353
57.32,-0.00384506,-0.00391689
57.34,-0.0069352,-0.00679023
57.36,-0.00735433,-0.00705647
57.38,-0.00538883,-0.00453255
57.4,-0.00190997,-0.000809325
57.42,6.04861e-05,0.00107114
57.44,0.00168953,0.00144325
57.46,0.00288406,0.00128843
57.48,0.00516265,0.000521903
57.5,0.00966668,0.0044348
57.52,0.0138071,0.00851172
57.54,0.0185859,0.0122789
57.56,0.0137658,0.00886
57.58,0.000679162,-0.00190216
57.6,-0.000535732,-0.00149067
57.62,-0.00185929,-0.000155517
57.64,-0.00560999,0.00358782
57.66,-0.00996591,0.00848538
57.68,-0.0121658,0.0118609
57.7,-0.0131157,0.0140253
57.72,-0.0160465,0.0173199
57.74,-0.0208941,0.0224225
57.76,-0.0265201,0.0284689
57.78,-0.031644,0.0364766
57.8,-0.0256487,0.0366681
57.82,-0.00699955,0.0232767
57.84,0.0085053,0.00926529
57.86,0.00866632,0.0121023
57.88,0.0138125,0.0134117
57.9,0.0175388,0.0173252
57.92,0.0230448,0.0217993
57.94,0.0258959,0.0244411
57.96,0.0295544,0.0268516
57.98,0.0346915,0.0313232
58,0.0416894,0.0364104
58.02,0.049394,0.0422166
58.04,0.0479668,0.0420489
58.06,0.0362826,0.031975
58.08,0.0104505,0.0133262
58.1,-0.00394899,0.00229933
58.12,-0.00320812,0.00182337
58.14,-0.00293481,6.08844e-05
58.16,-0.00210083,0.00121308
58.18,-0.00345113,0.00235132
58.2,-0.00240625,0.00213196
58.22,-0.00279214,0.00307181
58.24,-0.00465511,0.00611918
58.26,-0.00703636,0.0089437
58.28,-0.00886072,0.0100533
58.3,-0.0103136,0.0135535
58.32,0.00752035,0.00955428
58.34,0.0149328,0.0150386
58.36,0.020368,0.0185708
58.38,0.0216704,0.0225026
58.4,0.0214734,0.0216088
58.42,0.0235998,0.0220018
58.44,0.027929,0.0248089
58.46,0.0340841,0.0288716
58.48,0.0379017,0.0331046
58.5,0.0444817,0.0369891
58.52,0.0500777,0.0408583
58.54,0.0499282,0.0394467
58.559,0.0389425,0.0270011
58.58,0.0192527,0.00723615
58.6,0.0114856,-0.00231382
58.62,0.00976572,-0.00731854
58.64,0.0127256,-0.0135931
58.66,0.0169469,-0.015615
58.68,0.0139945,-0.0133535
58.7,0.0106296,-0.00988231
58.72,0.0122311,-0.0101251
58.74,0.013385,-0.010641
58.76,0.0116084,-0.00973955
58.78,0.00775055,-0.00806233
58.8,0.00697719,-0.00576351
58.82,0.000964024,-0.000979381
58.84,-0.000132747,-0.000169064
58.86,0.000596112,0.00019941
58.88,0.00229936,0.00254989
58.9,0.00512217,0.0061941
58.92,0.00921516,0.00923634
58.94,0.0103736,0.00978318
58.96,0.0128627,0.0106769
58.98,0.0170518,0.0118169
59,0.0226363,0.0162159
59.02,0.0287935,0.0210564
59.04,0.0336733,0.0245604
59.06,0.0268633,0.0195246
59.08,0.0123845,0.00568332
59.1,0.00601841,-0.00467063
59.12,0.00668783,-0.00667183
59.14,0.00747423,-0.00886619
59.16,0.00799518,-0.00767142
59.18,0.00537446,-0.00524375
59.2,0.00498936,-0.00457134
59.22,0.00519818,-0.00420599
59.24,0.00363256,-0.00242903
59.26,0.00101256,0.000299391
59.28,-0.000981896,0.00385784
59.3,-0.00174465,0.00593393
59.32,-0.00172818,0.00482704
59.34,9.48925e-05,0.00527489
59.36,0.00357263,0.00554137
59.38,0.00653223,0.0065476
59.4,0.0108065,0.0102526
59.42,0.0124219,0.0116978
59.44,0.0128408,0.0126113
59.46,0.015589,0.013334
59.48,0.0179631,0.0160726
59.5,0.0227757,0.018793
59.52,0.0282145,0.022873
59.54,0.0347689,0.0278996
59.56,0.0254054,0.0226752
59.58,-0.000653285,0.0142339
59.6,-0.0196907,0.0117426
59.62,-0.0176255,0.0127569
59.64,-0.0177609,0.0128588
59.66,-0.0179001,0.0146616
59.68,-0.0200794,0.0166002
59.7,-0.0204608,0.0174414
59.72,-0.0224589,0.0208643
59.74,-0.0261569,0.0256158
59.76,-0.0302163,0.0305679
59.78,-0.0342374,0.0336674
59.8,-0.0281102,0.0347068
59.82,-0.00860135,0.0271356
59.839,0.0171031,0.0169836
59.86,0.0259314,0.024654
59.88,0.0335208,0.0319907
59.9,0.0342666,0.0337746
59.92,0.0346442,0.033363
59.94,0.0389739,0.0358407
59.96,0.0448091,0.0395847
59.98,0.0489946,0.0432042
60,0.0564888,0.0481305
60.02,0.0648766,0.0533995
60.04,0.0642438,0.0532531
60.06,0.0505306,0.0434352
60.08,0.0288218,0.0282685
60.1,0.00508962,0.00836022
60.12,0.00380469,0.00430196
60.14,0.00644004,-0.00735508
60.16,0.0170171,-0.0168711
60.18,0.0217636,-0.0200012
60.2,0.0173704,-0.017277
60.22,0.0184209,-0.0186771
60.24,0.0244444,-0.0231568
60.26,0.0268113,-0.0262003
60.28,0.0266009,-0.028138
60.3,0.0252465,-0.028051
60.32,0.00885225,-0.0163946
60.34,-0.0141315,-0.00610036
60.36,-0.00728906,-0.00786948
60.38,-0.00643531,-0.0061775
60.4,-0.00500182,-0.00343918
60.42,-0.00242718,-0.00129112
60.44,-0.00320812,-0.00219761
60.46,-0.00333402,-0.00326349
60.48,-0.00148085,-0.00421156
60.5,0.0018656,-0.00214428
60.52,0.00735603,0.00229429
60.54,0.0113602,0.0057031
60.56,0.0125515,0.00577378
60.58,0.00310053,-0.00389044
60.6,0.00114211,-0.00315012
60.62,-0.00197236,-0.000518213
60.64,-0.00661592,0.00346832
60.66,-0.0112091,0.00846713
60.68,-0.0137542,0.0124708
60.7,-0.0156442,0.0153617
60.72,-0.0193365,0.0192565
60.74,-0.0245441,0.0245906
60.76,-0.0302988,0.0309197
60.78,-0.0356531,0.0395586
60.8,-0.0360347,0.0458669
60.82,-0.0167073,0.0338247
60.84,0.00891609,0.0156608
60.86,0.0140433,0.018271
60.88,0.0204916,0.0222488
60.9,0.0260163,0.0264464
60.92,0.0334981,0.0320068
60.94,0.0371058,0.0348025
60.96,0.0399723,0.0369986
60.979,0.0453921,0.0418202
61,0.0549006,0.0486295
61.02,0.0642245,0.0558075
61.04,0.0611612,0.0531551
61.06,0.0482874,0.0403339
61.08,0.0224113,0.0200581
61.1,0.00133788,0.00249508
61.12,0.00170379,0.000724336
61.14,0.00408645,-0.00594243
61.16,0.00759807,-0.00817641
61.18,0.00738396,-0.0073733
61.2,0.00692741,-0.00768061
61.22,0.00824296,-0.00861556
61.24,0.00896959,-0.00877554
61.26,0.00916266,-0.00848841
61.28,0.00953614,-0.0102901
61.3,0.00929545,-0.00939124
61.32,0.00263601,-0.00480146
61.34,-0.00450931,-0.00340197
61.36,-0.0037402,-0.00495821
61.38,-0.00333627,-0.000402747
61.4,-0.00273706,-0.000572226
61.42,-0.000690037,-0.000667792
61.44,0.00390893,0.00215719
61.46,0.00747471,0.0048385
61.48,0.00955386,0.00786907
61.5,0.0117799,0.00934442
61.52,0.0145451,0.0102122
61.54,0.0192247,0.012636
61.56,0.0204253,0.0126024
61.58,0.00936892,0.000204997
61.6,0.00847119,-0.00637062
61.62,0.0104203,-0.0105625
61.64,0.0146863,-0.0137243
61.66,0.0140387,-0.0129457
61.68,0.0145469,-0.0134952
61.7,0.0164695,-0.0134025
61.72,0.0184751,-0.0152691
61.74,0.0192388,-0.0168213
61.76,0.0185842,-0.0172027
61.78,0.0179515,-0.0186215
61.8,0.0187681,-0.0184216
61.82,0.0142228,-0.0144991
61.84,-0.00545959,-0.00532883
61.86,-0.00496531,-0.00639336
61.88,-0.00386908,-0.00539667
61.9,-0.00325188,-0.00261328
61.92,0.000993531,0.00104895
61.94,0.00319722,0.00235708
61.96,0.00514543,0.00300607
61.98,0.00806655,0.00298771
62,0.012776,0.0065017
62.02,0.0172125,0.0112936
62.04,0.0213062,0.0144146
62.06,0.0219462,0.0137883
62.08,0.0135885,0.00369905
62.1,0.00731384,-0.00918326
62.12,0.00903706,-0.00985902
62.14,0.00816949,-0.0101022
62.16,0.00702416,-0.00801421
62.18,0.00557108,-0.00598418
62.2,0.00649696,-0.00615468
62.22,0.00682018,-0.00597311
62.24,0.00506313,-0.00434399
62.26,0.00281368,-0.00183639
62.28,0.00121313,0.00224339
62.3,0.000111887,0.00322649
62.32,-0.00298831,0.00394266
62.34,0.00102962,0.00664883
62.36,0.00606526,0.00814779
62.38,0.00798903,0.00942336
62.4,0.010083,0.011077
62.42,0.0129661,0.0132054
62.44,0.0136658,0.0140597
62.46,0.0148554,0.0144967
62.48,0.0174753,0.0165056
62.5,0.0224348,0.0199839
62.52,0.027813,0.0237683
62.54,0.0340122,0.0275044
62.56,0.0325357,0.0278118
62.58,0.0144368,0.0193346
62.6,-0.00906466,0.00818302
62.62,-0.0163029,0.0116867
62.64,-0.0161033,0.0106182
62.66,-0.0169576,0.0127671
62.68,-0.0177341,0.0147185
62.7,-0.017036,0.0153533
62.72,-0.0176312,0.017282
62.74,-0.0211,0.0220378
62.76,-0.025842,0.027565
62.78,-0.0307092,0.0318325
62.8,-0.0360984,0.0382058
62.82,-0.0227681,0.0349626
62.84,-0.000589348,0.0267935
62.86,0.0212333,0.0197742
62.88,0.0258077,0.0275819
62.9,0.0270272,0.0292814
62.92,0.0301611,0.0303904
62.94,0.0362534,0.0346182
62.96,0.0413855,0.0385547
62.98,0.0426967,0.0401332
63,0.0471098,0.0419886
63.02,0.0529194,0.0454839
63.04,0.0624009,0.0517438
63.06,0.0554241,0.0450311
63.08,0.0400752,0.0319283
63.1,0.0170502,0.00987064
63.12,0.0104244,-0.00056772
63.14,0.0144191,-0.0105825
63.16,0.0226308,-0.0231085
63.18,0.0335047,-0.0312944
63.2,0.0328121,-0.0308203
63.22,0.031548,-0.0311948
63.24,0.0372191,-0.0364476
63.26,0.0422863,-0.0425044
63.28,0.0450291,-0.0474316
63.3,0.0448622,-0.0484982
63.32,0.0301673,-0.0342365
63.34,0.00091274,-0.0148925
63.36,-0.0137695,-0.00649075
63.38,-0.00695291,-0.0102447
63.4,-0.010353,-0.00929546
63.42,-0.0104743,-0.00790674
63.44,-0.00997848,-0.00748778
63.46,-0.0102741,-0.00898157
63.48,-0.0108681,-0.0127248
63.5,-0.0105063,-0.0120988
63.52,-0.00825313,-0.00910379
63.54,-0.00600852,-0.00678801
63.56,-0.00657827,-0.00750937
63.58,-0.00570635,-0.00580583
63.6,-0.00929385,0.00486551
63.62,-0.0180725,0.0120731
63.64,-0.0240143,0.0207992
63.66,-0.0342595,0.0305992
63.68,-0.0411108,0.0386668
63.7,-0.0450685,0.0438793
63.72,-0.0502471,0.0501895
63.74,-0.0570135,0.0587063
63.76,-0.0651559,0.0674202
63.78,-0.0730259,0.0790575
63.8,-0.0677219,0.0810715
63.82,-0.046537,0.0707569
63.84,-0.0145409,0.052316
63.86,0.0195124,0.0306805
63.88,0.0283069,0.0322554
63.9,0.0338888,0.0326128
63.92,0.0363657,0.0358892
63.94,0.0470109,0.043526
63.96,0.0570135,0.0503129
63.98,0.0637467,0.0561925
64,0.0714897,0.0624255
64.02,0.0832251,0.0713248
64.04,0.0806861,0.0711676
64.06,0.0660333,0.0586933
64.08,0.0437854,0.039808
64.1,0.0113371,0.0138776
64.12,0.000173764,0.00763035
64.14,-0.000273639,0.0026426
64.16,0.00298161,-0.00517588
64.18,0.0072677,-0.00773767
64.2,0.00600419,-0.00757722
64.22,0.0057322,-0.00781012
64.24,0.0077287,-0.00884225
64.26,0.00976877,-0.0093794
64.28,0.0103058,-0.0112887
64.3,0.0102621,-0.0103354
64.32,0.00701293,-0.00763381
64.34,-0.00563935,-0.00134631
64.36,-0.0035692,-0.00410553
64.38,-0.00397222,-0.00075361
64.399,-0.0033107,-0.00149024
64.42,-0.00224929,-0.0024296
64.44,0.000776232,-0.00065092
64.46,0.00307099,0.00161685
64.48,0.00419224,0.00408879
64.5,0.00653724,0.00529431
64.52,0.00890438,0.00579918
64.54,0.0124441,0.00728757
64.56,0.0165788,0.0100515
64.58,0.0102942,0.00516424
64.6,0.00380986,-0.00508152
64.62,0.00479235,-0.00609803
64.64,0.00538864,-0.00639988
64.66,0.00344615,-0.00383069
64.68,0.00231714,-0.00300101
64.7,0.00177145,4.92707e-05
64.72,0.00141938,0.000975831
64.74,0.000292823,0.00214495
64.76,-0.00280685,0.00467612
64.78,-0.00656251,0.00782311
64.8,-0.00983668,0.0123708
64.82,-0.0079818,0.0151078
64.84,0.012404,0.0116537
64.86,0.0191703,0.0190854
64.88,0.0240189,0.0210122
64.9,0.0238772,0.022514
64.92,0.0265256,0.0255513
64.94,0.0306033,0.0283899
64.96,0.034646,0.031098
64.98,0.0403104,0.0336587
65,0.049064,0.0389843
65.02,0.0601951,0.0470055
65.04,0.0679111,0.0521884
65.06,0.0538238,0.0475363
65.08,0.0366939,0.0407145
65.1,0.00964124,0.0230495
65.12,-0.00554892,0.0115375
65.14,-0.00484879,0.00779248
65.16,-0.00253788,-0.000315837
65.18,0.00291966,-0.00321725
65.2,0.000836422,-0.00141513
65.22,-0.00376729,0.00166872
65.24,-0.00394756,0.00260588
65.26,-0.00307755,0.00323163
65.28,-0.00482339,0.00663121
65.3,-0.00309727,0.00595168
65.32,-0.00456854,0.00690559
65.34,-0.00051604,0.00515054
65.36,0.00365367,0.00618879
65.38,0.00519819,0.00676501
65.4,0.00614424,0.00731791
65.42,0.0104818,0.00989417
65.44,0.0119235,0.0109746
65.46,0.0124266,0.0117091
65.48,0.0152912,0.0143447
65.5,0.0190094,0.0167153
65.52,0.0232049,0.0196418
65.54,0.0288214,0.0237074
65.56,0.0300779,0.0247624
65.58,0.0126928,0.0128634
65.6,-0.00640605,0.00128161
65.62,-0.00424353,0.00271015
65.64,-0.00227145,0.00136264
65.66,-0.00288039,0.0026978
65.68,-0.0038396,0.0041198
65.7,-0.00294549,0.00420447
65.72,-0.00400083,0.00572174
65.739,-0.00656257,0.00902314
65.76,-0.00922755,0.0123867
65.78,-0.0119107,0.0140354
65.8,-0.0148515,0.0181249
65.82,-0.00873947,0.018512
65.84,0.0114157,0.012778
65.86,0.0185486,0.0192013
65.88,0.0243778,0.0255149
65.9,0.0254098,0.0254741
65.92,0.0263206,0.0257873
65.94,0.0309981,0.0283317
65.96,0.036599,0.0316348
65.98,0.0396463,0.0350132
66,0.0454704,0.0386032
66.02,0.0513758,0.0427931
66.04,0.0597351,0.0477309
66.06,0.0520271,0.0404903
66.08,0.035418,0.0257142
66.1,0.0135837,0.00430248
66.12,0.010081,-0.000563154
66.14,0.00926643,-0.00815778
66.16,0.0132602,-0.0151159
66.18,0.0193635,-0.0189295
66.2,0.0160289,-0.0157115
66.22,0.0133475,-0.0138384
66.24,0.0161359,-0.0150453
66.26,0.0171256,-0.0162327
66.28,0.0152752,-0.0166335
66.3,0.0147746,-0.0150873
66.32,0.014523,-0.0140873
66.34,0.00303569,-0.00674984
66.36,-0.00136301,-0.00275876
66.38,-0.0031525,-0.00509861
66.4,-0.00712047,-0.00658967
66.42,-0.00442849,-0.00380602
66.44,0.000319363,-0.000510377
66.46,0.00172444,3.99258e-06
66.48,0.00364151,-0.000850138
66.5,0.00611043,0.000271296
66.52,0.0104485,0.00418776
66.54,0.0145982,0.00740188
66.56,0.0169914,0.00885393
66.58,0.0103845,0.000648626
66.6,0.00743401,-0.0089702
66.62,0.00846935,-0.0101756
66.64,0.00800107,-0.00866894
66.66,0.00271377,-0.00458317
66.68,0.00145094,-0.00222806
66.7,0.0036053,-0.00339999
66.72,0.00409072,-0.00340266
66.74,0.0019101,-0.00148768
66.76,-0.000580004,0.0012515
66.78,-0.00295366,0.0057436
66.8,-0.00523903,0.0098395
66.82,-0.00932225,0.0121238
66.84,0.00149786,0.00469985
66.86,0.00319014,0.00734776
66.88,0.00808275,0.00825539
66.9,0.0105447,0.0109408
66.92,0.0129897,0.0124994
66.94,0.0132643,0.013473
66.96,0.0140708,0.0136833
66.98,0.0159856,0.0151635
67,0.0206479,0.0181479
67.02,0.0261948,0.0220464
67.04,0.0321115,0.0265521
67.06,0.0301553,0.0263825
67.08,0.0108477,0.0180765
67.1,-0.0189584,0.00998345
67.12,-0.021956,0.0152745
67.14,-0.0218865,0.0155713
67.16,-0.0210682,0.0165847
67.18,-0.0217647,0.0185756
67.2,-0.0220555,0.0201681
67.22,-0.0241878,0.0234684
67.24,-0.0284719,0.0287133
67.26,-0.0330585,0.034521
67.28,-0.0377707,0.0383671
67.3,-0.040552,0.0440597
67.32,-0.0258428,0.0400829
67.34,-0.0027896,0.0315126
67.36,0.0222415,0.0222818
67.38,0.0292317,0.0315728
67.4,0.0313406,0.0340354
67.42,0.0340521,0.0346145
67.44,0.0396408,0.0384137
67.46,0.0443385,0.0417106
67.48,0.0477362,0.0447584
67.5,0.0531078,0.0477018
67.52,0.0591002,0.0520105
67.54,0.0702795,0.0591156
67.56,0.0600588,0.0517455
67.58,0.0415034,0.0380744
67.6,0.0168866,0.0155556
67.62,0.007919,0.00348188
67.64,0.0108514,-0.00597299
67.66,0.0182503,-0.0195893
67.68,0.0301767,-0.0286554
67.7,0.0313954,-0.0295655
67.72,0.0302157,-0.0305786
67.74,0.0356704,-0.0362369
67.76,0.0412071,-0.0428753
67.78,0.0436716,-0.0485359
67.8,0.046215,-0.0514802
67.82,0.0327959,-0.0391625
67.84,0.00134245,-0.0194947
67.86,-0.0223164,-0.00758162
67.88,-0.0101348,-0.0107106
67.9,-0.00791059,-0.00685852
67.92,-0.00795329,-0.00505028
67.94,-0.00787324,-0.00469519
67.96,-0.0079223,-0.00573547
67.98,-0.00786578,-0.00858103
68,-0.00817087,-0.00912482
68.02,-0.00401929,-0.00587644
68.04,-0.000318983,-0.00211153
68.06,0.00124859,-0.00141606
68.08,0.00312246,-0.00312303
68.1,0.00507332,-0.00635469
68.12,0.00464166,-0.00662146
68.14,0.000346173,-0.00325204
68.16,-0.00435379,0.000935557
68.18,-0.0047035,0.0031829
68.2,-0.00440579,0.00377538
68.22,-0.00578676,0.00522894
68.24,-0.00851593,0.0079539
68.26,-0.0116695,0.0117204
68.28,-0.0154851,0.018185
68.3,-0.0179832,0.0227529
68.319,-0.0217555,0.027057
68.34,0.00137334,0.0119879
68.36,0.00934422,0.0121348
68.38,0.0134417,0.0154632
68.4,0.0183828,0.0186431
68.42,0.0243445,0.0227084
68.44,0.0257354,0.0234934
68.46,0.0257274,0.0236807
68.48,0.0278242,0.0259987
68.5,0.0332206,0.0295622
68.52,0.0397871,0.0344191
68.54,0.0473777,0.0400736
68.56,0.0426575,0.0358936
68.58,0.0249229,0.0205917
68.6,-0.00139837,0.00226525
68.62,-0.00324746,0.00125742
68.64,0.000406747,-0.00202265
68.66,0.00156404,-0.002044
68.68,0.000702265,-0.00080376
68.7,0.00124036,-0.00107296
68.72,0.00289924,-0.00182524
68.74,0.00179778,-0.000147286
68.76,-5.66668e-05,0.0023968
68.78,-0.00154041,0.00262465
68.8,-0.00281642,0.00513229
68.82,-0.00367766,0.00709859
68.84,0.00590992,0.00573467
68.86,0.0104618,0.0104628
68.88,0.0142655,0.017172
68.9,0.0176155,0.0180363
68.92,0.0191623,0.0181255
68.94,0.0221611,0.0201986
68.96,0.0276255,0.0241204
68.98,0.0318455,0.0287788
69,0.038575,0.0330005
69.02,0.0446431,0.0366598
69.04,0.0525798,0.0417393
69.06,0.0472783,0.0368364
69.08,0.0326085,0.0234958
69.1,0.0124633,0.00372874
69.12,0.0100752,-0.00146821
69.14,0.0112841,-0.00872119
69.16,0.0155225,-0.0151817
69.18,0.019726,-0.0181171
69.2,0.0166921,-0.0146471
69.22,0.0154714,-0.0137417
69.24,0.0180742,-0.0155734
69.26,0.0184489,-0.0164045
69.28,0.0162237,-0.0164389
69.3,0.0158238,-0.0148514
69.32,0.0156359,-0.0138291
69.34,0.00542312,-0.00640438
69.36,0.00070403,-0.00155117
69.38,-0.00113005,-0.00383096
69.4,-0.00389303,-0.00446186
69.42,-0.000964223,-0.00144682
69.44,0.00349395,0.00159988
69.46,0.00508557,0.00240452
69.479,0.00778849,0.00216618
69.5,0.0106209,0.003559
69.52,0.0158824,0.00802326
69.54,0.0193261,0.0112377
69.56,0.0217664,0.0128061
69.58,0.0151948,0.00443746
69.6,0.00878308,-0.00912237
69.62,0.00931348,-0.01016
69.64,0.00682335,-0.00814747
69.66,0.00293396,-0.00436677
69.68,0.00123849,-0.0017885
69.7,0.00157116,-0.00171708
69.72,0.00133786,-0.00106068
69.74,-0.000898687,0.00105755
69.76,-0.0038319,0.00432621
69.78,-0.0067619,0.00977977
69.8,-0.00946612,0.0145037
69.82,-0.0141282,0.0181073
69.84,0.00139599,0.00549481
69.86,0.00176595,0.00633481
69.88,0.00383478,0.00599299
69.9,0.00492955,0.00669846
69.92,0.00839529,0.00921526
69.94,0.00915437,0.0103503
69.96,0.00996616,0.0105846
69.98,0.0118411,0.0120587
70,0.0153295,0.0139284
70.02,0.0195784,0.0169401
70.04,0.0245217,0.0207725
70.06,0.0249705,0.0221956
70.08,0.00935377,0.0135298
70.1,-0.0121539,0.00538834
70.12,-0.0131916,0.0105421
70.14,-0.013621,0.00980994
70.16,-0.0139797,0.0112384
70.18,-0.0144348,0.012833
70.2,-0.0141286,0.0137895
70.22,-0.0155721,0.0163335
70.24,-0.0192334,0.020787
70.26,-0.0229532,0.0255783
70.28,-0.0271243,0.028955
70.3,-0.0316905,0.0348573
70.32,-0.0197459,0.0318656
70.34,0.00229337,0.0237229
70.36,0.021104,0.019494
70.38,0.0264251,0.0273659
70.4,0.0271596,0.0291774
70.42,0.0310303,0.0305429
70.44,0.0372028,0.0348653
70.46,0.040651,0.0375821
70.48,0.0435255,0.0404475
70.5,0.0483845,0.0429067
70.52,0.0551883,0.0472788
70.54,0.0650841,0.0535815
70.56,0.0558856,0.0449857
70.58,0.0398365,0.0317871
70.6,0.0164072,0.00896687
70.62,0.0108951,-0.00138255
70.64,0.0151544,-0.0120604
70.66,0.0243872,-0.0254945
70.68,0.0357269,-0.0339027
70.7,0.0348623,-0.0334766
70.72,0.0340507,-0.0344268
70.74,0.0397154,-0.0402208
70.76,0.0456373,-0.0475362
70.78,0.0506552,-0.0558742
70.8,0.0502245,-0.0563525
70.82,0.0361072,-0.0409729
70.84,0.00377964,-0.0190975
70.86,-0.016086,-0.00660946
70.88,-0.00592895,-0.00898944
70.9,-0.00753,-0.00681563
70.92,-0.00764366,-0.00503093
70.94,-0.0071,-0.00448473
70.96,-0.00692461,-0.0055722
70.98,-0.00675051,-0.00861805
71,-0.00602297,-0.0080147
71.02,-0.00201065,-0.00426996
71.04,0.00134203,-0.00143353
71.06,0.00259535,-0.00131103
71.08,0.00224487,-0.00245686
71.1,0.00335927,-0.00555619
71.12,0.00107521,-0.00269155
71.14,-0.00567658,0.0044339
71.16,-0.0154053,0.0127439
71.18,-0.0181649,0.0170568
71.2,-0.0187373,0.0190608
71.22,-0.022091,0.0230866
71.24,-0.0279485,0.0289366
71.26,-0.0337995,0.0354634
71.28,-0.0400714,0.0443852
71.3,-0.0462944,0.05407
71.32,-0.0377998,0.0520384
71.34,-0.0119627,0.0328167
71.36,0.0117202,0.0173004
71.38,0.0175381,0.0208008
71.4,0.0218041,0.0250737
71.42,0.0279312,0.0293247
71.44,0.0358172,0.0345345
71.46,0.0395072,0.0375556
71.48,0.0432787,0.0413549
71.5,0.0505559,0.0468674
71.52,0.0597468,0.0536861
71.54,0.0656016,0.0592116
71.56,0.0558959,0.0488412
71.58,0.0322983,0.03032
71.6,0.00341666,0.00985913
71.62,-0.00142456,0.00662726
71.64,0.00215675,-0.000234342
71.66,0.00635029,-0.00658903
71.68,0.00929572,-0.00755046
71.7,0.00818193,-0.00777438
71.72,0.00968108,-0.00957373
71.74,0.0123055,-0.0110204
71.76,0.0139351,-0.0119562
71.78,0.0151406,-0.0143063
71.8,0.0157659,-0.0144659
71.82,0.0101423,-0.00998762
71.84,-0.00564748,-0.00275652
71.86,-0.00450874,-0.00617942
71.88,-0.00403522,-0.00266631
71.9,-0.00391246,-0.0036474
71.92,-0.00346151,-0.00472507
71.94,-0.00112738,-0.00352891
71.96,0.00128366,-0.00120254
71.98,0.00199413,0.00124712
72,0.00201308,0.00130069
72.02,0.00503472,0.0018163
72.04,0.00738356,0.0028025
72.06,0.0106687,0.00484564
72.08,0.00676031,-0.000310633
72.1,0.00556221,-0.00697781
72.12,0.00653383,-0.00853182
72.14,0.00767668,-0.00873569
72.16,0.00551251,-0.00653022
72.18,0.00565275,-0.00605666
72.2,0.00636797,-0.00439311
72.22,0.00627948,-0.00395825
72.24,0.00538867,-0.00359169
72.26,0.00299804,-0.0017486
72.28,0.000409848,-0.00091014
72.3,-0.000805959,0.00167589
72.32,-0.00236054,0.00498785
72.34,0.00534456,0.00748983
72.36,0.0149564,0.0148348
72.38,0.0232653,0.0211577
72.4,0.0276716,0.027018
72.42,0.0331826,0.0317026
72.44,0.0392067,0.036624
72.46,0.043527,0.0395423
72.48,0.0487351,0.0416079
72.5,0.0584147,0.0483766
72.52,0.072084,0.057169
72.54,0.0740456,0.0601594
72.56,0.059544,0.0544531
72.58,0.0421544,0.0423057
72.6,0.0171093,0.0247556
72.62,0.00100391,0.0101074
72.64,0.00154054,0.00103252
72.66,0.00862027,-0.0124235
72.68,0.0205458,-0.0206081
72.7,0.021729,-0.0224027
72.72,0.0190596,-0.0224485
72.74,0.0229908,-0.0254322
72.76,0.0292516,-0.029568
72.78,0.0325813,-0.0313898
72.8,0.0350263,-0.0344976
72.82,0.0225336,-0.0171014
72.84,0.00231534,0.00758782
72.86,0.0090706,0.0122299
72.88,0.00790386,0.00634836
72.9,-0.000740452,0.0018012
72.92,-0.00103789,0.00119351
72.94,0.000379043,0.00107566
72.96,-0.00136437,-0.0010028
72.98,-0.00239196,-0.00183475
73,-0.00140408,-0.00198932
73.02,0.000573449,-0.00114304
73.04,0.00148151,-0.00063654
73.06,0.00174815,-0.000228615
73.08,-0.00273231,-0.00233069
73.1,-0.00835063,0.00215053
73.12,-0.011459,0.00753649
73.14,-0.0133981,0.0106194
73.16,-0.0163674,0.0135571
73.18,-0.0192202,0.0162748
73.2,-0.022037,0.0193814
73.22,-0.0272486,0.0254898
73.24,-0.0331901,0.0331609
73.26,-0.0378282,0.0396693
73.28,-0.0431189,0.0446278
73.3,-0.0459632,0.0510274
73.32,-0.0304503,0.0450346
73.34,-0.00747372,0.0357955
73.36,0.0202781,0.0248378
73.38,0.0291216,0.0318489
73.4,0.0326502,0.0344769
73.42,0.0368369,0.0370216
73.44,0.0439593,0.040852
73.46,0.0490038,0.0445861
73.48,0.0510591,0.0470064
73.5,0.0555054,0.0495881
73.52,0.0607539,0.05298
73.54,0.0692148,0.0581353
73.56,0.0591606,0.0484768
73.58,0.0433626,0.0326851
73.6,0.0196437,0.00780032
73.62,0.0151417,-0.00242275
73.64,0.0180702,-0.0130005
73.66,0.0247969,-0.0262158
73.68,0.0368868,-0.0355483
73.7,0.0379829,-0.0364437
73.72,0.0363458,-0.0371537
73.74,0.0411597,-0.0426076
73.76,0.0470521,-0.0494443
73.78,0.0498283,-0.0551917
73.8,0.0500613,-0.0563181
73.82,0.0347258,-0.0423039
73.84,-0.00114284,-0.020003
73.86,-0.0254946,-0.00701644
73.88,-0.00938809,-0.0119153
73.9,-0.0102223,-0.0114425
73.92,-0.0125583,-0.0114616
73.94,-0.0129216,-0.010781
73.96,-0.0125787,-0.0106954
73.98,-0.0130344,-0.0137893
74,-0.0142252,-0.0154884
74.02,-0.0137159,-0.0137484
74.04,-0.0105583,-0.0109812
74.06,-0.0104266,-0.0104704
74.08,-0.00649038,-0.00530798
74.1,-0.00915439,0.00533072
74.12,-0.0158937,0.0102933
74.14,-0.0197163,0.0170199
74.16,-0.0274998,0.0247107
74.18,-0.0327074,0.0306414
74.2,-0.0355818,0.0344302
74.22,-0.0387598,0.038836
74.24,-0.0439133,0.0447058
74.26,-0.0503153,0.0518431
74.28,-0.0574849,0.0621853
74.3,-0.0607034,0.0719953
74.32,-0.0429604,0.0623325
74.34,-0.0158259,0.0436548
74.36,0.0139599,0.0217962
74.38,0.0210321,0.0222604
74.4,0.0241524,0.0226006
74.42,0.0271466,0.0262174
74.44,0.0359916,0.0323491
74.46,0.0426255,0.036659
74.48,0.0458408,0.0401156
74.5,0.0529347,0.0452914
74.52,0.0631602,0.0531236
74.54,0.0690611,0.058804
74.56,0.0572644,0.0501696
74.58,0.0297774,0.033694
74.6,-0.00717328,0.0123221
74.62,-0.0138895,0.00976696
74.64,-0.0084958,0.00667936
74.66,-0.00222105,0.00184502
74.68,-2.39182e-05,0.00101479
74.7,-1.95703e-05,0.000274761
74.72,0.0017615,-0.000681343
74.74,0.00295031,-0.00083314
74.76,0.00280586,-0.000270875
74.78,0.00233523,-0.00142983
74.8,0.00213256,-0.000442557
74.82,0.00276118,-0.000202751
74.84,0.000745162,0.00318104
74.86,0.00596194,0.00449353
74.88,0.00657002,0.00963786
74.9,0.00832324,0.00937022
74.92,0.0095047,0.00920244
74.94,0.0128572,0.0110662
74.96,0.0172197,0.0149694
74.98,0.0202491,0.0181341
75,0.0264282,0.0224323
75.02,0.033869,0.0269429
75.04,0.039996,0.0306254
75.06,0.0375938,0.0296649
75.08,0.0241639,0.0233583
75.1,0.00364386,0.00766068
75.12,0.000367686,0.00254913
75.14,0.00395218,-0.00588253
75.16,0.0103966,-0.0114629
75.18,0.0126499,-0.0129456
75.2,0.00940806,-0.00935071
75.22,0.0107726,-0.0104468
75.24,0.0147435,-0.0140668
75.26,0.0155208,-0.0156783
75.28,0.0141151,-0.0163463
75.3,0.014642,-0.0160591
75.32,0.0156593,-0.0162423
75.34,0.00599132,-0.0100706
75.36,-0.00282335,-0.00372428
75.38,-0.00213089,-0.00578246
75.4,-0.00477897,-0.00576059
75.42,-0.00242414,-0.00299778
75.44,-0.000515954,-0.00176123
75.46,0.000927217,-0.00143876
75.48,0.00330393,0.000457689
75.5,0.00640033,0.00251345
75.52,0.00873934,0.00485556
75.54,0.0111388,0.00743993
75.56,0.0143309,0.0103527
75.579,0.00836892,0.00770168
75.6,5.97473e-05,0.00082669
75.62,0.00112473,0.00132366
75.64,0.000630074,0.000768487
75.66,0.000715834,0.000574964
75.68,0.000902316,0.000663042
75.7,0.000809139,0.000978155
75.72,0.000708256,0.00112491
75.74,0.000707657,0.00101323
75.76,0.000741071,0.000780755
75.78,0.000733953,0.000664047
75.799,0.000708763,0.00070892
75.82,0.000699018,0.00081407
75.84,0.00069932,0.000845776
75.86,0.00068871,0.000769502
75.88,0.000684237,0.000650949
75.9,0.000684637,0.000579732
75.92,0.000688731,0.000578505
75.94,0.00068788,0.000599439
75.96,0.00068771,0.000580726
75.98,0.000693694,0.000511712
76,0.000711841,0.000423784
76.02,0.000737563,0.000349051
76.04,0.000761271,0.00029783
76.06,0.000778105,0.000251052
76.08,0.000800112,0.000201263
76.1,0.00079647,0.000139939
76.12,0.000774646,9.3517e-05
76.14,0.000749603,6.70187e-05
76.16,0.000728023,5.24163e-05
76.18,0.000710006,3.0734e-05
76.2,0.000684136,-1.22714e-05
76.22,0.000661822,-5.56648e-05
76.24,0.000639927,-9.46849e-05
76.26,0.00061873,-0.000126367
76.28,0.000596324,-0.000157839
76.3,0.000565712,-0.000202352
76.32,0.00054028,-0.000247432
76.34,0.000519855,-0.000284905
76.36,0.000505687,-0.000312732
76.38,0.000512823,-0.000312213
76.4,0.000519329,-0.00031283
76.42,0.000525741,-0.000313924
76.44,0.000530464,-0.000319557
76.46,0.000534924,-0.000328858
76.48,0.000542055,-0.000336638
76.5,0.00055099,-0.000340174
76.52,0.000556307,-0.000342879
76.54,0.000560442,-0.000346056
76.56,0.00056824,-0.000350988
76.58,0.000574552,-0.000357348
76.6,0.000580704,-0.000363006
76.62,0.000587514,-0.000367227
76.64,0.000593553,-0.000370297
76.66,0.000593005,-0.000373013
76.68,0.000593301,-0.000378333
76.7,0.000594563,-0.000380954
76.72,0.000595667,-0.000382135
76.74,0.000596635,-0.000382474
76.76,0.000598172,-0.000384628
76.78,0.000601832,-0.000386739
76.8,0.000605262,-0.000389436
76.82,0.000607815,-0.000392598
76.84,0.000610663,-0.000394877
76.86,0.000615814,-0.000396079
76.88,0.000619385,-0.000397797
76.9,0.000621225,-0.000401087
76.92,0.000621336,-0.000405489
76.939,0.000625585,-0.000408141
76.96,0.000629081,-0.000411227
76.98,0.000631128,-0.000414074
77,0.000634009,-0.000416823
77.02,0.000639288,-0.000419022
77.04,0.000644332,-0.000421585
77.06,0.000647074,-0.000424166
77.08,0.000650513,-0.000426257
77.1,0.000652815,-0.000429398
77.12,0.000655285,-0.000433268
77.14,0.000656959,-0.000436755
77.16,0.000659259,-0.000439914
77.18,0.000664057,-0.000442671
77.2,0.000669029,-0.000444645
77.22,0.000673581,-0.000446574
77.24,0.000676434,-0.000448804
77.26,0.000679082,-0.000452684
77.28,0.000680629,-0.000457015
77.3,0.000684149,-0.000459904
77.32,0.000687485,-0.000462966
77.34,0.000691867,-0.000465234
77.36,0.000695936,-0.000467609
77.38,0.000701499,-0.000469275
77.4,0.000701884,-0.000474861
77.42,0.000703783,-0.000478597
77.439,0.000708362,-0.000481825
77.46,0.000713754,-0.000484408
77.48,0.000718478,-0.000486899
77.499,0.000723401,-0.000489006
77.52,0.000724016,-0.000493836
77.54,0.000727062,-0.000497381
77.56,0.000731221,-0.000500579
77.58,0.000735951,-0.000503126
77.6,0.000740894,-0.000505385
77.62,0.000743138,-0.000509908
77.64,0.000745908,-0.000514666
77.66,0.000749938,-0.000518
77.68,0.000754597,-0.000520633
77.7,0.000759582,-0.000523205
77.72,0.000760701,-0.000527998
77.74,0.000764664,-0.000531283
77.76,0.000771078,-0.000534074
77.78,0.000777067,-0.000536008
77.8,0.000780756,-0.000538434
77.82,0.000781708,-0.000543515
77.84,0.000784549,-0.000547058
77.86,0.000790692,-0.000548934
77.88,0.00079557,-0.000552035
77.9,0.000797862,-0.000556642
77.92,0.000801818,-0.00056061
77.94,0.000806145,-0.000563071
77.96,0.000811473,-0.000566036
77.98,0.000814236,-0.000570759
78,0.000818205,-0.000574237
78.018,0.000822699,-0.000576413
78.04,0.000825759,-0.000580504
78.06,0.000828109,-0.000585223
78.08,0.000833455,-0.000588846
78.1,0.00084061,-0.000590786
78.12,0.000842476,-0.000595974
78.14,0.000846538,-0.000599741
78.16,0.000853227,-0.000602287
78.18,0.000856729,-0.000606352
78.2,0.000858432,-0.00061151
78.22,0.000864666,-0.000613625
78.24,0.000871475,-0.000616378
78.26,0.000873789,-0.000621994
78.28,0.000877992,-0.000625474
78.3,0.000885749,-0.000627294
78.32,0.000886229,-0.000633653
78.34,0.000889463,-0.000637484
78.36,0.000898095,-0.000639149
78.38,0.000900189,-0.000645231
78.4,0.000904797,-0.000649408
78.42,0.000912917,-0.00065076
78.44,0.000913812,-0.000657077
78.46,0.000918019,-0.000660691
78.48,0.000926005,-0.000662738
78.5,0.000926172,-0.000669629
78.52,0.000933644,-0.000671595
78.54,0.000939421,-0.000675223
78.56,0.000941299,-0.000680596
78.58,0.000948515,-0.000683606
78.6,0.000951714,-0.000688405
78.62,0.000956545,-0.000691767
78.64,0.0009619,-0.000695353
78.66,0.000962917,-0.00070072
78.68,0.000968937,-0.000703805
78.7,0.000975191,-0.000706862
78.72,0.000978126,-0.000711597
78.74,0.000983949,-0.000714762
78.76,0.000987835,-0.000718329
78.78,0.000992172,-0.000723135
78.8,0.000998256,-0.000724866
78.82,0.000999684,-0.000730937
78.84,0.00100478,-0.00073341
78.86,0.00100825,-0.000738402
78.88,0.00101433,-0.000741149
78.9,0.00102035,-0.000744213
78.92,0.00102361,-0.000748893
78.94,0.00102921,-0.000752361
78.96,0.00103219,-0.000756878
78.98,0.00103703,-0.000761155
79,0.00104272,-0.000763547
79.02,0.00104055,-0.000765454
79.04,0.00104448,-0.000762898
79.06,0.0010402,-0.000765446
79.08,0.00104151,-0.000763855
79.1,0.00103996,-0.000764864
79.12,0.00104174,-0.000765033
79.14,0.00104324,-0.00076385
79.16,0.00104253,-0.000765278
79.18,0.00104494,-0.000762331
79.2,0.00104016,-0.000764708
79.22,0.00104263,-0.000763235
79.24,0.00104206,-0.000764487
79.26,0.00104316,-0.000764697
79.28,0.00104305,-0.000764554
79.3,0.00104055,-0.000765342
79.32,0.00104225,-0.000763601
79.34,0.00104099,-0.000764286
79.36,0.0010433,-0.00076309
79.38,0.00104387,-0.000764719
79.4,0.00104243,-0.000763826
79.42,0.00104258,-0.000763429
79.44,0.00104141,-0.000763709
79.46,0.00104202,-0.000763878
79.48,0.00104227,-0.000763999
79.5,0.00104115,-0.000765022
79.52,0.00104079,-0.000763656
79.54,0.00103948,-0.000764148
79.56,0.00104289,-0.000762527
79.58,0.00104137,-0.000763733
79.6,0.00104332,-0.0007642
79.62,0.00104156,-0.000763809
79.64,0.00104081,-0.000764352
79.66,0.00104315,-0.000761851
79.68,0.00104061,-0.000764497
79.7,0.00104402,-0.000762804
79.72,0.0010401,-0.000765309
79.74,0.00104095,-0.00076419
79.76,0.00104044,-0.000764107
79.78,0.00104156,-0.000764209
79.8,0.00104426,-0.000762119
79.82,0.00104171,-0.000764543
79.84,0.00104322,-0.000762025
79.86,0.00104081,-0.000763615
79.88,0.00104167,-0.000762135
79.9,0.00104172,-0.000762845
79.92,0.00104204,-0.000763527
79.94,0.00104145,-0.000762448
79.96,0.00103895,-0.000763795
79.98,0.00103994,-0.000762542
80,0.00104023,-0.000763619
80.02,0.00104198,-0.000763057
80.04,0.00104175,-0.000763236
80.06,0.00104059,-0.000763259
80.08,0.00104135,-0.000762677
80.1,0.00104043,-0.000763343
80.12,0.0010411,-0.000764261
80.14,0.00104208,-0.000764204
80.16,0.00103886,-0.000765562
80.18,0.00104079,-0.000763169
80.2,0.00103953,-0.00076439
80.22,0.00104317,-0.000763387
80.24,0.00104283,-0.000764449
80.26,0.00104128,-0.000764651
80.28,0.0010422,-0.000763095
80.3,0.00104078,-0.000765192
80.32,0.00104445,-0.000762348
80.34,0.00104105,-0.000765565
80.36,0.00104317,-0.000763816
80.38,0.0010393,-0.000765883
80.4,0.00104084,-0.000765261
80.42,0.00104218,-0.000764202
80.44,0.00104264,-0.000765863
