27.3,-0.00445919,0.000382048
27.32,-0.00010433,-0.0429889
27.34,-0.000106783,-0.0480598
27.36,-0.000102299,-0.0480593
27.38,-0.000101843,-0.0480594
27.4,-9.88218e-05,-0.0480591
27.42,-0.00010174,-0.0480588
27.44,-9.97377e-05,-0.0480593
27.46,-0.000101133,-0.0480591
27.48,-0.000101925,-0.0480591
27.5,-0.000101531,-0.0480589
27.52,-9.94654e-05,-0.0480588
27.54,-0.000101881,-0.0480588
27.56,-0.000101508,-0.0480585
27.58,-0.000101649,-0.0480584
27.6,-0.000101446,-0.0480583
27.62,-0.000101363,-0.0480585
27.64,-0.000101307,-0.0480585
27.66,-0.000468046,-0.0390311
27.68,-0.00573826,-0.0263421
27.7,-0.00607998,-0.0162052
27.72,-0.00286432,-0.0108648
27.74,-0.00237759,-0.00999513
27.76,-0.00236011,-0.0112241
27.78,-0.00185459,-0.0120236
27.8,0.000414782,-0.0116431
27.82,-0.0017399,-0.0102565
27.84,0.000612513,-0.00639745
27.86,-4.68081e-05,-0.00452072
27.88,-0.00389309,-0.00720828
27.9,-0.0048294,-0.0104798
27.92,-0.00536931,-0.0136979
27.94,-0.006187,-0.0171756
27.96,-0.00626488,-0.0190359
27.98,-0.00528048,-0.0197285
28,-0.00467829,-0.0196385
28.02,-0.00214886,-0.00977267
28.04,-0.0170619,0.00884371
28.06,-0.0215787,0.0250451
28.08,-0.0305091,0.0347599
28.1,-0.0254658,0.0443631
28.12,0.000177561,0.0650299
28.14,0.0171993,0.0854789
28.16,0.0313797,0.104084
28.18,0.0215101,0.10129
28.2,0.0145614,0.0853367
28.22,0.0136708,0.0644281
28.24,0.00538942,0.0405382
28.26,-0.00280744,0.0212883
28.28,0.0042755,0.041668
28.3,0.00700922,0.0384844
28.32,0.00377828,0.024968
28.34,0.00308255,0.0278679
28.36,0.00453307,0.0260436
28.38,0.00294997,0.0208912
28.4,0.00317741,0.0210565
28.42,0.00260668,0.0182496
28.44,0.0025778,0.0169007
28.46,0.00224646,0.0155086
28.48,0.00208144,0.0139245
28.5,0.00183156,0.0125992
28.52,0.00168788,0.0114645
28.54,0.00153507,0.0104926
28.56,0.00137843,0.00949707
28.58,0.00124089,0.00865269
28.6,0.00113289,0.00784866
28.62,0.00102074,0.00709114
28.64,0.000924266,0.00648387
28.66,0.00082832,0.00583447
28.68,0.0007513,0.00534479
28.7,0.000676153,0.00484046
28.72,0.000613669,0.00437846
28.74,0.00054894,0.00396798
28.76,0.00049416,0.00359337
28.78,0.000442109,0.00328088
28.8,0.000392424,0.00295907
28.82,0.000355105,0.00268657
28.84,0.000311944,0.00243711
28.86,0.000277157,0.00219707
28.88,0.000245581,0.00199917
28.9,0.000215403,0.00179991
28.92,0.000188459,0.00163718
28.94,0.000164272,0.00147489
28.96,0.000151123,0.00132998
28.98,0.000124861,0.00120758
29,0.00010952,0.00108785
29.02,9.64513e-05,0.000982529
29.04,7.78945e-05,0.000884492
29.06,6.43592e-05,0.00079591
29.08,5.95045e-05,0.000713551
29.1,4.20373e-05,0.00064631
29.12,3.59979e-05,0.000575151
29.14,2.86821e-05,0.000518164
29.16,1.67567e-05,0.000464586
29.18,1.62387e-05,0.000411414
29.2,1.48363e-06,0.000368411
29.22,3.53442e-06,0.000326154
29.24,-6.89053e-06,0.00028782
29.26,-9.55461e-06,0.00026012
29.28,-1.23104e-05,0.00022106
29.3,-1.39776e-05,0.000197598
29.32,-2.44508e-05,0.000175752
29.34,-1.41452e-05,0.000154062
29.36,-1.4257e-05,0.000142759
29.38,-7.77884e-06,0.000127622
29.4,-6.47556e-06,0.000114685
29.42,-8.99814e-06,0.000103879
29.44,-4.45426e-06,9.63746e-05
29.46,-3.78534e-06,8.08033e-05
29.48,8.90086e-07,7.49036e-05
29.5,5.58359e-07,6.48998e-05
29.52,-4.09424e-06,6.26561e-05
29.54,4.16109e-06,5.08639e-05
29.56,4.4758e-06,4.62849e-05
29.58,8.19866e-07,4.39678e-05
29.6,6.59089e-06,3.50341e-05
29.62,6.06142e-06,3.04573e-05
29.64,3.86153e-06,3.16136e-05
29.66,8.3342e-06,1.98421e-05
29.68,2.3385e-06,2.22876e-05
29.7,9.05015e-06,1.70948e-05
29.72,9.14989e-06,1.15622e-05
29.74,5.70451e-06,1.70624e-05
29.76,1.22429e-05,5.62313e-06
29.78,5.50209e-06,1.1815e-05
29.8,1.3329e-05,3.13194e-06
29.82,5.32553e-06,4.9831e-06
29.84,1.34459e-05,2.76304e-06
29.86,9.79878e-06,-2.09748e-06
29.88,7.8669e-06,3.90495e-06
29.9,1.33174e-05,-5.669e-06
29.92,6.82111e-06,2.6139e-06
29.94,1.4764e-05,-7.00795e-06
29.96,7.75052e-06,-5.16122e-07
29.98,1.54501e-05,-7.13533e-06
30,7.06624e-06,-4.08652e-06
30.02,1.61159e-05,-7.48399e-06
30.04,6.02713e-06,-6.85458e-06
30.06,1.42354e-05,-8.98607e-06
30.08,6.63667e-06,-7.59474e-06
30.1,1.58864e-05,-9.56873e-06
30.12,7.15127e-06,-6.95535e-06
30.14,1.67739e-05,-1.19998e-05
30.16,7.94357e-06,-6.88461e-06
30.18,1.72972e-05,-1.38384e-05
30.2,8.81602e-06,-6.80211e-06
30.22,1.30719e-05,-1.36494e-05
30.24,1.2374e-05,-9.37423e-06
30.26,8.42007e-06,-1.09259e-05
30.28,1.41519e-05,-1.4076e-05
30.3,8.40514e-06,-8.36034e-06
30.32,1.41812e-05,-1.54447e-05
30.34,1.1131e-05,-8.65769e-06
30.36,1.00556e-05,-1.23141e-05
30.38,1.58725e-05,-1.29513e-05
30.4,9.14846e-06,-9.22619e-06
30.42,1.39145e-05,-1.52613e-05
30.44,1.2254e-05,-9.42363e-06
30.46,9.79485e-06,-1.21902e-05
30.48,1.50724e-05,-1.48122e-05
30.5,8.46132e-06,-8.9942e-06
30.52,1.03208e-05,-1.456e-05
30.54,1.45598e-05,-1.13857e-05
30.56,8.71841e-06,-1.07568e-05
30.58,1.37119e-05,-1.465e-05
30.6,1.19351e-05,-9.7167e-06
30.62,1.03998e-05,-1.20556e-05
30.64,1.54452e-05,-1.42245e-05
30.66,1.03303e-05,-9.1891e-06
30.68,1.13226e-05,-1.2993e-05
30.7,1.46528e-05,-1.45228e-05
30.72,1.03302e-05,-9.69115e-06
30.74,9.97261e-06,-1.33187e-05
30.76,1.30148e-05,-1.43107e-05
30.78,9.87229e-06,-1.17248e-05
30.8,1.03731e-05,-1.22136e-05
30.82,1.18629e-05,-1.41234e-05
30.84,1.3533e-05,-1.18528e-05
30.86,9.98077e-06,-1.17737e-05
30.88,1.16244e-05,-1.32946e-05
30.9,1.52692e-05,-1.33304e-05
30.92,1.03576e-05,-1.07421e-05
30.94,1.11831e-05,-1.34515e-05
30.96,1.39769e-05,-1.4105e-05
30.98,1.19477e-05,-1.158e-05
31,1.02771e-05,-1.26375e-05
31.02,9.66233e-06,-1.37551e-05
31.04,1.42678e-05,-1.36704e-05
31.06,8.95871e-06,-1.14468e-05
31.08,9.78491e-06,-1.27052e-05
31.1,1.14755e-05,-1.32376e-05
31.12,1.32377e-05,-1.20122e-05
31.14,7.0121e-06,-9.36177e-06
31.16,8.02372e-06,-8.22558e-06
31.18,1.29847e-05,-8.40908e-06
31.2,8.5549e-06,-6.49081e-06
31.22,9.26237e-06,-9.74777e-06
31.24,9.13021e-06,-1.08409e-05
31.26,1.26148e-05,-9.97871e-06
31.28,7.72222e-06,-7.1586e-06
31.3,8.82589e-06,-8.40864e-06
31.32,9.59949e-06,-1.03736e-05
31.34,1.13145e-05,-9.60576e-06
31.36,7.43864e-06,-8.59208e-06
31.38,7.27035e-06,-1.01248e-05
31.4,9.58425e-06,-1.03324e-05
31.42,1.00294e-05,-8.2226e-06
31.44,7.85884e-06,-8.58171e-06
31.46,7.87343e-06,-9.35426e-06
31.48,1.0171e-05,-9.62619e-06
31.5,1.0324e-05,-8.55008e-06
31.52,7.875e-06,-7.94351e-06
31.54,8.59379e-06,-9.09692e-06
31.56,1.10834e-05,-9.68494e-06
31.58,1.07295e-05,-8.54783e-06
31.6,8.81195e-06,-8.19786e-06
31.62,9.06035e-06,-9.17076e-06
31.64,1.0049e-05,-9.64267e-06
31.66,1.16112e-05,-9.15498e-06
31.68,8.0736e-06,-7.60537e-06
31.7,7.61552e-06,-8.54109e-06
31.72,8.61423e-06,-9.21719e-06
31.74,1.09019e-05,-1.04308e-05
31.76,6.33866e-06,-7.58199e-06
31.78,8.33661e-06,-8.50998e-06
31.8,7.2658e-06,-9.05889e-06
31.82,1.09595e-05,-9.63045e-06
31.84,8.77694e-06,-7.51347e-06
31.86,8.35545e-06,-7.86286e-06
31.88,7.76219e-06,-7.81447e-06
31.9,9.1901e-06,-9.54105e-06
31.92,1.17436e-05,-9.05538e-06
31.94,7.61657e-06,-7.49329e-06
31.96,8.87914e-06,-8.36582e-06
31.98,7.61951e-06,-9.30064e-06
32,1.04753e-05,-9.99407e-06
32.02,9.73782e-06,-8.65062e-06
32.04,8.07225e-06,-8.3073e-06
32.06,7.92409e-06,-8.85971e-06
32.08,7.56442e-06,-1.00406e-05
32.1,9.248e-06,-1.03686e-05
32.12,7.79208e-06,-9.36035e-06
32.14,7.8253e-06,-8.82686e-06
32.16,6.49482e-06,-9.26492e-06
32.18,8.26383e-06,-9.95953e-06
32.2,1.03459e-05,-9.95459e-06
32.22,7.64948e-06,-8.14071e-06
32.24,8.3109e-06,-8.62439e-06
32.26,7.10513e-06,-8.81738e-06
32.28,8.55987e-06,-9.30547e-06
32.3,1.09066e-05,-9.82466e-06
32.32,8.31013e-06,-7.94873e-06
32.34,8.46822e-06,-9.02407e-06
32.36,7.6597e-06,-8.85505e-06
32.38,8.05758e-06,-9.27861e-06
32.4,1.04681e-05,-1.04485e-05
32.42,8.53555e-06,-9.04616e-06
32.44,7.44574e-06,-8.94091e-06
32.46,7.09389e-06,-9.43528e-06
32.48,7.48499e-06,-9.75392e-06
32.5,8.01069e-06,-1.01088e-05
32.519,9.89847e-06,-9.09227e-06
32.54,6.9671e-06,-7.85535e-06
32.56,8.40636e-06,-8.59286e-06
32.58,7.03184e-06,-8.8293e-06
32.6,9.19824e-06,-9.60547e-06
32.62,1.07559e-05,-9.22316e-06
32.64,7.94059e-06,-7.93484e-06
32.66,9.32396e-06,-8.15303e-06
32.679,7.86282e-06,-8.92509e-06
32.7,9.02748e-06,-8.65749e-06
32.72,1.11823e-05,-1.01244e-05
32.74,8.26033e-06,-8.29257e-06
32.76,8.70305e-06,-8.61615e-06
32.78,7.50352e-06,-8.82504e-06
32.8,6.32075e-06,-9.3151e-06
32.82,8.37952e-06,-9.94147e-06
32.84,1.04384e-05,-9.11493e-06
32.86,7.29888e-06,-8.09538e-06
32.88,8.06471e-06,-8.04443e-06
32.9,7.76873e-06,-8.14659e-06
32.92,8.22185e-06,-9.06801e-06
32.94,1.06057e-05,-9.15352e-06
32.96,9.67557e-06,-8.18465e-06
32.98,8.34122e-06,-8.63603e-06
33,8.82741e-06,-8.22836e-06
33.02,7.58499e-06,-8.73036e-06
33.04,8.72467e-06,-9.27077e-06
33.06,9.89902e-06,-9.99194e-06
33.08,8.11216e-06,-8.07368e-06
33.1,6.14843e-06,-8.78889e-06
33.12,8.00311e-06,-7.75119e-06
33.14,6.45432e-06,-8.63306e-06
33.16,8.47921e-06,-9.2528e-06
33.18,1.00692e-05,-9.2255e-06
33.2,8.13997e-06,-8.08149e-06
33.22,8.39019e-06,-8.19191e-06
33.24,7.85378e-06,-8.09688e-06
33.26,7.5067e-06,-8.46092e-06
33.28,9.01839e-06,-9.26013e-06
33.3,1.04908e-05,-9.06991e-06
33.32,8.69042e-06,-8.0713e-06
33.34,7.70683e-06,-8.61455e-06
33.36,7.19483e-06,-8.58423e-06
33.38,5.61677e-06,-8.81545e-06
33.4,8.67702e-06,-8.9151e-06
33.42,1.01821e-05,-9.38068e-06
33.44,7.94098e-06,-7.71518e-06
33.46,8.18433e-06,-8.17433e-06
33.48,7.56809e-06,-8.368e-06
33.5,7.83102e-06,-8.3713e-06
33.52,8.96717e-06,-9.08913e-06
33.54,1.04647e-05,-9.17703e-06
33.56,8.47564e-06,-8.41832e-06
33.58,7.88378e-06,-8.55791e-06
33.6,6.60604e-06,-8.63511e-06
33.62,5.97441e-06,-8.89635e-06
33.64,7.73077e-06,-8.92779e-06
33.66,9.47394e-06,-9.15961e-06
33.68,9.05924e-06,-8.53429e-06
33.7,8.03424e-06,-7.58673e-06
33.72,8.61937e-06,-7.34605e-06
33.74,7.44221e-06,-8.31166e-06
33.76,8.14581e-06,-8.42129e-06
33.78,9.19573e-06,-8.91033e-06
33.8,9.30142e-06,-8.50355e-06
33.82,6.28359e-06,-7.16372e-06
33.84,8.20693e-06,-7.00948e-06
33.86,6.76058e-06,-7.55688e-06
33.88,7.82043e-06,-7.83037e-06
33.9,8.31591e-06,-7.64911e-06
33.92,1.08902e-05,-9.16057e-06
33.94,8.11197e-06,-7.35718e-06
33.96,7.53585e-06,-8.83683e-06
33.98,6.79988e-06,-7.79934e-06
34,5.87588e-06,-8.17063e-06
34.02,7.90326e-06,-8.32759e-06
34.04,8.58365e-06,-8.36448e-06
34.06,1.05859e-05,-8.70464e-06
34.08,7.91509e-06,-7.4374e-06
34.1,8.41502e-06,-8.52978e-06
34.12,7.17812e-06,-8.48743e-06
34.14,7.46961e-06,-8.88796e-06
34.16,6.90959e-06,-1.03308e-05
34.18,9.42928e-06,-8.45365e-06
34.2,7.51882e-06,-8.14374e-06
34.22,8.36403e-06,-8.15283e-06
34.24,7.59583e-06,-7.87335e-06
34.26,7.72509e-06,-8.28987e-06
34.28,7.79998e-06,-8.74579e-06
34.3,8.57798e-06,-9.1962e-06
34.32,8.27491e-06,-9.09892e-06
34.34,6.4341e-06,-8.07221e-06
34.36,7.9182e-06,-7.70957e-06
34.38,6.92312e-06,-8.12954e-06
34.4,7.55045e-06,-7.47192e-06
34.42,8.88306e-06,-8.62654e-06
34.44,8.85585e-06,-9.05854e-06
34.46,8.06965e-06,-8.97342e-06
34.48,6.81866e-06,-7.52287e-06
34.5,7.65046e-06,-7.52612e-06
34.52,7.38485e-06,-7.36321e-06
34.54,7.9375e-06,-8.06715e-06
34.56,8.48115e-06,-8.01298e-06
34.58,1.00652e-05,-9.43132e-06
34.6,5.16823e-06,-7.69822e-06
34.62,8.2557e-06,-6.90025e-06
34.64,6.80258e-06,-6.97493e-06
34.66,7.69653e-06,-7.20946e-06
34.68,7.76125e-06,-8.62191e-06
34.7,6.80931e-06,-9.07739e-06
34.72,8.90391e-06,-7.43313e-06
34.74,7.40477e-06,-7.06358e-06
34.76,8.04528e-06,-7.29519e-06
34.78,7.41944e-06,-7.70906e-06
34.8,6.78856e-06,-8.00399e-06
34.82,5.3123e-06,-9.14849e-06
34.84,9.85612e-06,-7.86757e-06
34.86,8.27959e-06,-6.63602e-06
34.88,8.08143e-06,-7.25377e-06
34.9,7.31353e-06,-8.08451e-06
34.92,5.15173e-06,-8.59796e-06
34.94,7.362e-06,-7.07279e-06
34.96,8.54175e-06,-8.17345e-06
34.98,9.78944e-06,-7.82237e-06
35,8.22261e-06,-7.41269e-06
35.02,6.3042e-06,-8.43883e-06
35.04,6.32468e-06,-6.29663e-06
35.06,6.69513e-06,-7.28138e-06
35.08,7.85895e-06,-7.12176e-06
35.1,8.8232e-06,-8.41963e-06
35.12,8.07669e-06,-8.05994e-06
35.14,6.50185e-06,-6.20836e-06
35.16,8.17113e-06,-7.06533e-06
35.18,7.15967e-06,-6.56816e-06
35.2,6.36139e-06,-8.38386e-06
35.22,4.61906e-06,-7.51742e-06
35.24,9.90414e-06,-7.96005e-06
35.26,8.15079e-06,-6.96173e-06
35.28,7.68939e-06,-7.58353e-06
35.3,4.47634e-06,-7.96773e-06
35.32,7.26926e-06,-6.31497e-06
35.34,7.01201e-06,-7.77056e-06
35.36,7.39476e-06,-8.47146e-06
35.38,5.89246e-06,-8.29741e-06
35.4,9.76663e-06,-6.82109e-06
35.42,7.29344e-06,-7.46486e-06
35.44,4.2481e-06,-8.45216e-06
35.46,7.10131e-06,-5.52651e-06
35.48,7.1055e-06,-8.00522e-06
35.5,7.432e-06,-9.21046e-06
35.52,7.36055e-06,-7.19971e-06
35.54,8.88464e-06,-6.64008e-06
35.56,7.37181e-06,-8.21303e-06
35.58,4.43779e-06,-6.85082e-06
35.6,7.84392e-06,-6.09473e-06
35.62,6.52941e-06,-7.14125e-06
35.64,4.99477e-06,-7.20408e-06
35.66,9.77587e-06,-5.20793e-06
35.68,7.48897e-06,-7.22444e-06
35.7,4.87067e-06,-8.46576e-06
35.72,6.99591e-06,-5.70014e-06
35.74,8.19111e-06,-6.97079e-06
35.76,6.44163e-06,-9.07259e-06
35.78,8.20069e-06,-6.38558e-06
35.8,9.60023e-06,-7.45435e-06
35.82,6.34279e-06,-8.66994e-06
35.84,6.78782e-06,-5.71476e-06
35.86,8.39008e-06,-7.22637e-06
35.88,4.06686e-06,-9.01517e-06
35.9,8.7646e-06,-5.58867e-06
35.92,9.85117e-06,-9.4173e-06
35.94,5.81449e-06,-7.26986e-06
35.96,1.00204e-05,-5.56683e-06
35.98,3.43341e-06,-9.54079e-06
36,9.49523e-06,-4.53186e-06
36.02,5.52367e-06,-1.0457e-05
36.04,8.42406e-06,-6.55916e-06
36.06,1.02749e-05,-9.41273e-06
36.08,4.88937e-06,-5.98398e-06
36.1,1.01172e-05,-7.64784e-06
36.12,3.88246e-06,-7.23481e-06
36.14,1.0169e-05,-6.95552e-06
36.16,3.78241e-06,-8.68647e-06
36.18,1.29717e-05,-7.28519e-06
36.2,4.77151e-06,-9.35957e-06
36.22,1.13576e-05,-5.17651e-06
36.24,3.04752e-06,-9.54559e-06
36.26,1.05099e-05,-4.61972e-06
36.28,3.02738e-06,-1.12941e-05
36.3,1.06474e-05,-4.99809e-06
36.32,5.67191e-06,-1.14732e-05
36.34,1.07672e-05,-4.02997e-06
36.36,3.68733e-06,-1.05924e-05
36.38,9.92176e-06,-4.14686e-06
36.4,3.25905e-06,-1.0437e-05
36.42,9.52138e-06,-4.77383e-06
36.44,4.85688e-06,-1.16448e-05
36.46,1.32042e-05,-2.87183e-06
36.48,2.86369e-06,-1.13344e-05
36.5,1.16213e-05,-4.08955e-06
36.52,3.30218e-06,-8.34559e-06
36.54,6.2697e-06,-9.48459e-06
36.56,8.98654e-06,-4.38063e-06
36.58,6.56861e-06,-1.09449e-05
36.6,7.22988e-06,-7.29127e-06
36.62,9.23731e-06,-3.24529e-06
36.64,5.09854e-06,-9.72526e-06
36.66,5.91575e-06,-6.2645e-06
36.68,8.74639e-06,-5.85973e-06
36.7,6.65054e-06,-7.30889e-06
36.72,9.73755e-06,-8.25147e-06
36.74,4.06942e-06,-7.17969e-06
36.76,1.06646e-05,-3.9637e-06
36.78,4.23443e-06,-8.72515e-06
36.8,6.6535e-06,-7.28299e-06
36.82,8.02914e-06,-7.44043e-06
36.84,7.76541e-06,-6.51617e-06
36.86,7.76099e-06,-8.82598e-06
36.88,5.11011e-06,-7.15991e-06
36.9,9.54247e-06,-4.21556e-06
36.92,4.36216e-06,-9.50159e-06
36.94,7.17811e-06,-7.20792e-06
36.96,9.91522e-06,-6.01711e-06
36.98,8.43552e-06,-7.37255e-06
37,6.74422e-06,-6.74373e-06
37.02,6.36331e-06,-6.6243e-06
37.04,5.20354e-06,-7.50694e-06
37.06,5.88236e-06,-6.79089e-06
37.08,6.65209e-06,-7.58093e-06
37.1,7.87877e-06,-7.21148e-06
37.12,6.00238e-06,-6.09502e-06
37.14,6.37005e-06,-6.63542e-06
37.16,5.91691e-06,-6.07914e-06
37.18,6.29815e-06,-6.081e-06
37.2,6.68642e-06,-6.52179e-06
37.22,8.4628e-06,-6.94786e-06
37.24,8.16752e-06,-6.52802e-06
37.26,7.55743e-06,-6.07264e-06
37.28,6.88588e-06,-6.39431e-06
37.3,6.98753e-06,-6.32812e-06
37.32,7.02269e-06,-6.14658e-06
37.34,7.98418e-06,-6.07526e-06
37.36,1.02014e-05,-6.58936e-06
37.38,6.98397e-06,-5.2479e-06
37.4,8.39729e-06,-5.44666e-06
37.42,6.96009e-06,-5.49148e-06
37.44,8.2996e-06,-5.85178e-06
37.46,8.09071e-06,-6.1349e-06
37.48,1.03138e-05,-6.26401e-06
37.5,8.4546e-06,-4.8865e-06
37.52,8.69142e-06,-5.30616e-06
37.54,8.43035e-06,-5.20499e-06
37.56,8.16857e-06,-5.00489e-06
37.58,9.12918e-06,-5.86986e-06
37.6,9.68834e-06,-5.55328e-06
37.62,9.49399e-06,-5.24212e-06
37.64,8.59878e-06,-4.79947e-06
37.66,8.18332e-06,-4.84911e-06
37.68,7.94057e-06,-5.16747e-06
37.7,8.6582e-06,-5.41376e-06
37.72,1.00164e-05,-5.99793e-06
37.74,9.69062e-06,-5.21405e-06
37.76,8.56134e-06,-4.58144e-06
37.78,8.21782e-06,-4.7616e-06
37.8,8.00529e-06,-4.64345e-06
37.82,8.31036e-06,-5.31572e-06
37.84,9.81173e-06,-5.84396e-06
37.86,1.04942e-05,-5.00363e-06
37.88,8.22113e-06,-4.83359e-06
37.9,7.9669e-06,-4.903e-06
37.92,7.6568e-06,-5.16107e-06
37.94,7.99017e-06,-5.3287e-06
37.96,9.14864e-06,-5.97722e-06
37.98,9.92665e-06,-5.30343e-06
38,8.04411e-06,-4.71363e-06
38.02,8.16317e-06,-4.35607e-06
38.04,7.80057e-06,-5.11522e-06
38.06,7.33314e-06,-5.25946e-06
38.08,9.08906e-06,-5.71405e-06
38.1,9.76363e-06,-5.19008e-06
38.12,7.46123e-06,-5.1923e-06
38.14,7.83531e-06,-4.54206e-06
38.16,6.7683e-06,-4.89577e-06
38.18,7.8743e-06,-5.39832e-06
38.2,8.76508e-06,-5.80948e-06
38.22,9.40154e-06,-4.85907e-06
38.24,7.52537e-06,-4.62277e-06
38.26,7.98089e-06,-4.68518e-06
38.28,7.12107e-06,-5.11766e-06
38.3,8.36833e-06,-5.465e-06
38.32,8.69104e-06,-5.68362e-06
38.34,9.56219e-06,-5.38964e-06
38.36,7.61334e-06,-4.93871e-06
38.38,8.07548e-06,-5.19526e-06
38.4,7.11115e-06,-5.15917e-06
38.42,7.70648e-06,-5.79221e-06
38.44,9.09297e-06,-6.0744e-06
38.46,9.45059e-06,-5.42299e-06
38.48,7.55659e-06,-5.18253e-06
38.5,7.90612e-06,-5.04285e-06
38.52,7.34384e-06,-5.11271e-06
38.54,8.12854e-06,-5.3315e-06
38.56,9.36032e-06,-5.47352e-06
38.58,9.56977e-06,-5.25034e-06
38.6,8.02982e-06,-4.24333e-06
38.62,8.08321e-06,-4.43538e-06
38.64,7.72272e-06,-4.78066e-06
38.66,7.68967e-06,-4.74146e-06
38.68,1.01191e-05,-6.08324e-06
38.7,9.20357e-06,-4.06895e-06
38.72,8.14228e-06,-4.69775e-06
38.74,8.38758e-06,-4.69306e-06
38.76,7.3233e-06,-4.28647e-06
38.78,7.96804e-06,-4.70866e-06
38.8,9.21426e-06,-5.45925e-06
38.82,8.91162e-06,-4.44141e-06
38.84,7.55923e-06,-3.89011e-06
38.86,7.72419e-06,-4.16069e-06
38.88,7.37367e-06,-4.68149e-06
38.9,8.09844e-06,-4.9209e-06
38.92,9.68641e-06,-4.73743e-06
38.94,7.98225e-06,-3.84669e-06
38.96,7.82759e-06,-3.30059e-06
38.98,7.29131e-06,-3.73247e-06
39,7.69859e-06,-4.38131e-06
39.02,8.82711e-06,-4.28471e-06
39.04,1.09151e-05,-4.31386e-06
39.06,7.3698e-06,-3.14158e-06
39.08,8.67773e-06,-3.90477e-06
39.1,7.37505e-06,-3.51173e-06
39.12,8.41454e-06,-3.87674e-06
39.14,8.78113e-06,-4.32669e-06
39.16,9.4157e-06,-3.80526e-06
39.18,7.43184e-06,-3.35271e-06
39.2,7.34608e-06,-3.64963e-06
39.22,7.22754e-06,-4.39651e-06
39.24,7.71746e-06,-4.49219e-06
39.26,9.2916e-06,-5.11487e-06
39.28,8.60492e-06,-4.18611e-06
39.3,7.52734e-06,-3.68111e-06
39.32,7.24298e-06,-4.46137e-06
39.34,7.17875e-06,-4.26622e-06
39.36,7.69311e-06,-5.07005e-06
39.38,1.07047e-05,-5.41856e-06
39.4,6.42713e-06,-3.77548e-06
39.42,8.5118e-06,-4.20796e-06
39.44,6.14522e-06,-4.63506e-06
39.46,7.42916e-06,-4.99356e-06
39.48,8.47142e-06,-5.61359e-06
39.5,9.5732e-06,-4.73938e-06
39.52,6.93944e-06,-4.10248e-06
39.54,7.31684e-06,-3.90079e-06
39.56,6.70783e-06,-4.60189e-06
39.58,7.43713e-06,-4.55086e-06
39.6,9.09151e-06,-5.55563e-06
39.62,8.27337e-06,-4.35255e-06
39.64,7.4504e-06,-4.0565e-06
39.66,6.86557e-06,-4.61462e-06
39.68,7.28361e-06,-4.87831e-06
39.7,7.5009e-06,-4.97772e-06
39.72,1.02629e-05,-4.95409e-06
39.74,6.43638e-06,-3.91786e-06
39.76,7.54099e-06,-4.03805e-06
39.78,6.85106e-06,-4.46462e-06
39.8,7.28992e-06,-4.95411e-06
39.82,9.12278e-06,-5.22553e-06
39.84,8.32833e-06,-4.27082e-06
39.86,7.13616e-06,-3.67928e-06
39.88,7.12189e-06,-4.33523e-06
39.9,6.57542e-06,-4.03384e-06
39.92,8.29574e-06,-5.08398e-06
39.94,9.86067e-06,-4.53885e-06
39.96,6.86692e-06,-3.0891e-06
39.98,8.16387e-06,-3.52623e-06
40,6.78762e-06,-3.88245e-06
40.019,7.75243e-06,-3.70826e-06
40.04,9.70614e-06,-4.3489e-06
40.06,8.60925e-06,-3.22037e-06
40.08,7.68928e-06,-3.37804e-06
40.1,7.21905e-06,-3.51602e-06
40.12,7.73826e-06,-3.67353e-06
40.14,8.62979e-06,-4.307e-06
40.16,1.05632e-05,-3.98889e-06
40.18,7.07375e-06,-2.49669e-06
40.2,8.46021e-06,-3.31735e-06
40.22,6.94989e-06,-3.19018e-06
40.24,8.15543e-06,-3.63523e-06
40.26,8.96826e-06,-3.9594e-06
40.28,8.53351e-06,-3.30494e-06
40.3,7.19568e-06,-2.97776e-06
40.32,6.92823e-06,-3.70361e-06
40.34,7.22086e-06,-3.34991e-06
40.36,8.40294e-06,-4.67349e-06
40.38,8.96572e-06,-3.58761e-06
40.4,6.9888e-06,-3.41318e-06
40.42,6.99252e-06,-3.61997e-06
40.44,6.60702e-06,-3.86772e-06
40.46,7.76571e-06,-4.46174e-06
40.48,9.88898e-06,-4.36009e-06
40.5,5.35418e-06,-1.83225e-06
40.52,6.24584e-06,-2.43105e-06
40.54,4.6525e-06,-1.81621e-06
40.56,5.02808e-06,-2.01155e-06
40.58,6.30959e-06,-2.32861e-06
40.6,5.38358e-06,-8.37391e-07
40.62,4.42519e-06,-8.20985e-07
40.64,3.29324e-06,-4.21927e-07
40.66,3.99216e-06,-1.00728e-06
40.68,4.48513e-06,-6.26743e-07
40.7,5.64688e-06,-8.3409e-07
40.72,3.12762e-06,7.70342e-07
40.74,3.44894e-06,5.55389e-07
40.76,2.98167e-06,4.50839e-09
40.78,3.36948e-06,1.04009e-07
40.8,5.32478e-06,-5.03993e-07
40.82,2.59462e-06,1.05421e-06
40.84,3.04717e-06,9.65877e-07
40.86,1.75456e-06,9.54884e-07
40.88,1.99769e-06,9.89122e-07
40.9,4.13494e-06,8.90694e-08
40.92,2.85752e-06,1.20313e-06
40.94,2.12853e-06,1.5317e-06
40.96,1.49241e-06,1.67066e-06
40.98,1.66757e-06,1.45415e-06
41,2.4836e-06,4.77456e-07
41.02,4.42598e-06,1.04927e-06
41.04,1.09779e-06,1.53747e-06
41.06,2.38264e-06,1.55095e-06
41.08,5.77071e-07,9.56359e-07
41.1,2.45892e-06,1.2112e-06
41.12,4.133e-06,5.14785e-07
41.14,2.04144e-06,2.28284e-06
41.16,2.11268e-06,1.77599e-06
41.18,1.05982e-06,1.41307e-06
41.2,1.50176e-06,1.61855e-06
41.22,3.11935e-06,4.08184e-07
41.24,3.2523e-06,1.80784e-06
41.26,1.43305e-06,2.17244e-06
41.28,1.71884e-06,2.341e-06
41.3,9.62858e-07,2.06797e-06
41.32,2.17632e-06,1.91688e-06
41.34,4.05599e-06,1.45751e-06
41.36,1.07034e-06,2.8008e-06
41.38,1.63945e-06,2.22006e-06
41.4,6.72604e-07,2.16664e-06
41.42,1.52065e-06,2.12756e-06
41.44,3.37309e-06,3.77725e-07
41.46,2.18919e-06,2.63788e-06
41.48,1.24543e-06,2.20536e-06
41.5,8.819e-07,2.32338e-06
41.52,1.01081e-06,2.04613e-06
41.54,2.14133e-06,8.23191e-07
41.56,4.32313e-06,1.46972e-06
41.58,1.13115e-06,1.86765e-06
41.6,1.90183e-06,1.87486e-06
41.621,1.08682e-06,1.92127e-06
41.64,2.05733e-06,7.25878e-07
41.66,2.96663e-06,1.05614e-06
41.68,2.61797e-06,1.47732e-06
41.7,1.79247e-06,1.52441e-06
41.72,1.09745e-06,1.96999e-06
41.74,1.44084e-06,1.08011e-06
41.76,2.17576e-06,1.11968e-06
41.78,4.16538e-06,1.0497e-06
41.8,1.14509e-06,2.58659e-06
41.82,1.45666e-06,2.1387e-06
41.84,6.09818e-07,1.00764e-06
41.86,1.48678e-06,1.78465e-06
41.88,3.79619e-06,7.10313e-07
41.9,1.68457e-06,2.44714e-06
41.92,1.78089e-06,2.09073e-06
41.94,1.35713e-06,1.42297e-06
41.96,8.69633e-07,1.82802e-06
41.98,3.33473e-06,3.81696e-07
42,2.86739e-06,1.57746e-06
42.02,1.49879e-06,1.99136e-06
42.04,1.37695e-06,1.8085e-06
42.06,9.10058e-07,1.51061e-06
42.08,1.40488e-06,9.73761e-07
42.1,4.25919e-06,7.3507e-07
42.12,1.2816e-06,2.23641e-06
42.14,1.99855e-06,1.96306e-06
42.16,5.44078e-07,1.75487e-06
42.18,1.48641e-06,1.66921e-06
42.2,2.82943e-06,4.63885e-07
42.22,3.07525e-06,2.05382e-06
42.24,1.60768e-06,1.92685e-06
42.26,8.57042e-07,2.13707e-06
42.28,1.15519e-06,1.64347e-06
42.3,1.94254e-06,1.24691e-06
42.32,4.04673e-06,5.90554e-07
42.34,1.26872e-06,2.14775e-06
42.36,1.82901e-06,1.74075e-06
42.38,7.65333e-07,1.6254e-06
42.4,1.20851e-06,1.19087e-06
42.42,1.91682e-06,1.02684e-06
42.44,3.70649e-06,1.08026e-06
42.46,1.25854e-06,1.85419e-06
42.48,1.71643e-06,1.63466e-06
42.5,7.02051e-07,1.055e-06
42.52,1.85851e-06,6.41183e-07
42.54,3.84634e-06,-2.4311e-07
42.56,1.69706e-06,1.61355e-06
42.58,1.45827e-06,1.70008e-06
42.6,1.266e-06,1.36426e-06
42.62,1.46116e-06,7.17675e-07
42.64,2.56065e-06,9.35088e-07
42.66,4.28288e-06,2.97485e-07
42.68,1.32006e-06,2.01943e-06
42.7,2.20563e-06,1.50558e-06
42.72,1.0636e-06,1.39189e-06
42.74,2.08482e-06,6.48098e-07
42.76,3.25137e-06,6.25238e-07
42.78,2.46934e-06,1.67891e-06
42.8,1.81191e-06,1.6839e-06
42.82,1.09384e-06,1.15841e-06
42.84,1.04818e-06,1.73231e-06
42.86,2.34992e-06,5.58929e-07
42.88,4.63372e-06,8.06365e-07
42.9,6.80006e-07,1.71409e-06
42.92,2.78897e-06,1.55094e-06
42.94,5.73584e-07,1.27078e-06
42.96,1.98659e-06,1.36139e-06
42.98,2.8133e-06,7.69049e-07
43,3.62389e-06,1.1534e-06
43.02,1.46363e-06,2.08891e-06
43.04,1.86848e-06,2.19113e-06
43.06,1.0396e-06,1.75524e-06
43.08,2.07359e-06,1.05905e-06
43.1,3.64171e-06,1.46021e-06
43.12,1.53969e-06,1.98712e-06
43.14,1.59337e-06,1.726e-06
43.16,9.1681e-07,1.77861e-06
43.179,1.44475e-06,1.86828e-06
43.199,2.70748e-06,1.92809e-07
43.22,3.28037e-06,1.8256e-06
43.24,1.15546e-06,1.63199e-06
43.26,1.71929e-06,1.95647e-06
43.28,5.0188e-07,9.96687e-07
43.3,1.75647e-06,1.0288e-06
43.32,3.29379e-06,6.21554e-07
43.34,3.05786e-06,1.41171e-06
43.36,1.4857e-06,1.75628e-06
43.38,1.23108e-06,1.5652e-06
43.4,1.0386e-06,1.15216e-06
43.42,2.12512e-06,1.2196e-06
43.44,3.91516e-06,4.19692e-07
43.46,1.08372e-06,2.28063e-06
43.48,1.69464e-06,1.59165e-06
43.5,4.29494e-07,1.59925e-06
43.52,1.64585e-06,9.63164e-07
43.54,2.36476e-06,7.66936e-07
43.56,2.27783e-06,1.04774e-06
43.58,8.53233e-07,2.24725e-06
43.6,5.24908e-07,1.44755e-06
43.62,5.42486e-07,1.5393e-06
43.64,1.12029e-06,6.52889e-07
43.66,2.84027e-06,1.03721e-06
43.68,1.80048e-06,1.54234e-06
43.7,2.12296e-06,1.64551e-06
43.72,1.27236e-06,1.50317e-06
43.74,1.29107e-06,1.09416e-06
43.76,1.87724e-06,6.89333e-07
43.78,4.10256e-06,1.05815e-06
43.8,1.77203e-06,2.38214e-06
43.82,1.8908e-06,1.79595e-06
43.84,1.99685e-06,1.99975e-06
43.86,1.11705e-06,1.50444e-06
43.88,1.95249e-06,1.40292e-06
43.9,4.06495e-06,1.38585e-06
43.92,1.72917e-06,2.19645e-06
43.94,1.37544e-06,2.22423e-06
43.96,8.017e-07,1.58715e-06
43.98,2.22175e-06,1.27075e-06
44,2.58507e-06,7.24449e-07
44.02,2.53973e-06,2.0524e-06
44.04,9.20656e-07,1.92171e-06
44.06,1.70806e-06,2.1586e-06
44.08,7.80898e-07,1.92526e-06
44.1,2.30563e-06,1.42129e-06
44.12,5.13316e-06,7.77966e-07
44.14,5.08208e-07,2.02529e-06
44.16,2.80609e-06,1.57144e-06
44.18,9.09069e-07,1.52012e-06
44.2,1.65489e-06,1.33729e-06
44.22,3.63392e-06,4.4744e-07
44.24,3.33917e-06,1.51026e-06
44.26,1.6894e-06,2.12932e-06
44.28,1.81315e-06,2.23506e-06
44.3,1.11612e-06,2.0608e-06
44.32,2.07327e-06,1.37779e-06
44.34,3.21211e-06,1.2638e-06
44.36,2.30994e-06,1.49882e-06
44.38,1.59683e-06,2.44034e-06
44.4,1.10288e-06,2.12655e-06
44.42,9.66739e-07,1.53621e-06
44.44,1.70652e-06,1.41305e-06
44.46,3.4293e-06,1.01354e-06
44.48,1.27074e-06,1.51364e-06
44.5,1.75076e-06,2.52086e-06
44.52,7.9784e-07,1.60235e-06
44.54,1.18239e-06,1.31317e-06
44.56,2.28143e-06,9.22317e-07
44.58,3.79545e-06,7.47263e-07
44.6,6.51692e-07,2.25612e-06
44.62,1.49513e-06,1.94631e-06
44.64,6.49047e-07,1.48852e-06
44.66,1.30267e-06,1.04308e-06
44.68,2.24398e-06,1.29409e-06
44.7,2.97742e-06,9.06532e-07
44.72,8.64828e-07,2.11447e-06
44.74,1.23114e-06,2.26043e-06
44.76,5.80481e-07,1.92391e-06
44.78,1.66858e-06,8.38614e-07
44.8,3.27773e-06,1.46356e-06
44.82,2.49997e-06,1.89814e-06
44.84,1.66975e-06,2.01197e-06
44.86,1.19792e-06,2.15646e-06
44.88,1.01096e-06,1.83413e-06
44.9,2.02445e-06,1.32806e-06
44.92,3.59435e-06,1.06606e-06
44.94,2.05076e-06,2.15895e-06
44.96,1.63832e-06,2.39744e-06
44.98,6.44986e-07,2.27873e-06
45,1.29622e-06,1.59805e-06
45.02,1.42243e-06,1.55788e-06
45.04,4.86697e-06,5.44591e-07
45.06,6.11488e-07,2.29266e-06
45.08,2.15939e-06,2.32204e-06
45.1,6.45189e-07,2.12333e-06
45.12,1.31802e-06,1.95626e-06
45.14,2.21113e-06,1.76628e-06
45.16,3.93095e-06,1.49056e-06
45.18,1.00285e-06,2.49035e-06
45.2,1.73689e-06,2.00992e-06
45.22,9.48114e-07,2.1441e-06
45.24,1.38364e-06,1.87238e-06
45.26,2.95995e-06,7.4611e-07
45.28,3.31156e-06,1.72337e-06
45.3,1.37689e-06,2.1972e-06
45.32,1.98219e-06,2.14128e-06
45.34,1.06469e-06,2.17579e-06
45.36,2.19306e-06,9.78966e-07
45.38,3.45932e-06,1.49223e-06
45.4,2.98802e-06,2.03318e-06
45.42,2.15637e-06,2.1692e-06
45.44,1.87118e-06,2.48932e-06
45.46,9.66231e-07,1.75911e-06
45.48,2.28478e-06,1.70912e-06
45.5,3.55795e-06,1.33322e-06
45.52,2.82898e-06,2.40895e-06
45.54,1.34497e-06,2.72444e-06
45.56,1.53393e-06,2.25525e-06
45.58,1.34929e-06,2.15904e-06
45.6,1.83694e-06,2.09476e-06
45.62,4.02299e-06,1.72349e-06
45.64,1.83857e-06,2.76539e-06
45.66,2.27994e-06,2.80411e-06
45.68,5.95594e-07,2.9823e-06
45.7,1.79687e-06,2.35123e-06
45.72,1.55612e-06,1.99333e-06
45.74,3.42345e-06,1.62543e-06
45.76,1.67159e-06,2.52698e-06
45.78,2.01107e-06,2.25265e-06
45.8,1.11541e-06,2.32919e-06
45.82,1.46496e-06,2.03861e-06
45.84,2.8178e-06,1.53806e-06
45.86,4.29095e-06,1.36563e-06
45.88,1.41273e-06,2.69459e-06
45.9,2.29879e-06,1.80199e-06
45.92,1.49596e-06,2.21353e-06
45.94,1.68443e-06,1.87112e-06
45.96,1.98094e-06,1.51617e-06
45.98,4.69791e-06,1.48602e-06
46,5.9406e-07,2.21076e-06
46.02,2.66459e-06,2.45929e-06
46.04,5.18122e-07,1.55811e-06
46.06,2.11389e-06,1.79107e-06
46.08,2.30526e-06,1.00513e-06
46.1,3.31388e-06,1.88423e-06
46.12,1.50112e-06,1.89897e-06
46.14,1.29968e-06,2.11322e-06
46.16,8.18278e-07,1.68357e-06
46.18,1.31682e-06,1.12624e-06
46.2,2.35691e-06,7.21359e-07
46.22,2.94592e-06,1.51248e-06
46.24,9.65786e-07,1.92141e-06
46.26,7.62323e-07,1.43692e-06
46.28,5.36819e-07,1.42246e-06
46.3,1.11678e-06,1.18212e-06
46.32,2.35423e-06,7.43595e-07
46.34,2.92692e-06,1.39075e-06
46.36,1.0794e-06,2.09786e-06
46.38,1.44414e-06,1.85896e-06
46.4,9.87681e-07,1.53367e-06
46.42,2.15589e-06,8.15035e-07
46.44,3.52392e-06,1.04442e-06
46.46,3.00206e-06,1.91119e-06
46.48,1.71708e-06,1.83045e-06
46.5,1.64923e-06,2.10172e-06
46.52,1.39771e-06,1.36172e-06
46.54,1.66817e-06,1.25237e-06
46.56,3.74111e-06,1.1526e-06
46.58,2.09931e-06,2.02638e-06
46.6,1.37717e-06,2.28544e-06
46.62,1.55477e-06,2.17745e-06
46.64,1.02379e-06,2.01572e-06
46.66,1.53643e-06,1.31035e-06
46.68,3.19919e-06,1.2462e-06
46.7,1.81458e-06,1.90458e-06
46.72,1.98459e-06,1.9e-06
46.74,1.30759e-06,2.17161e-06
46.76,6.32974e-07,1.52295e-06
46.78,1.05561e-06,1.00068e-06
46.8,3.08683e-06,6.62453e-07
46.82,4.01963e-06,1.01209e-06
46.84,3.29623e-06,2.00498e-06
46.86,2.50831e-06,2.33667e-06
46.88,2.43648e-06,2.59151e-06
46.9,-0.000836269,-1.78654e-05
46.92,0.0035016,0.00251336
46.94,0.0156016,0.0118226
46.96,0.0161359,0.0148049
46.98,0.0140698,0.0145231
47,0.0225764,0.0206612
47.02,0.0198375,0.0210612
47.04,-0.00211006,0.00773378
47.06,-0.0206151,-0.00606062
47.08,-0.0196613,-0.00431354
47.1,-0.0104925,0.00691977
47.12,-0.018296,0.00513218
47.14,-0.017248,0.00443297
47.16,-0.0143569,0.00777643
47.18,-0.017008,0.00939522
47.2,-0.0194453,0.0125512
47.22,-0.0238095,0.0167075
47.24,-0.0250918,0.0209592
47.26,-0.00473025,0.0105271
47.28,0.0110388,-0.00519004
47.3,0.0277619,-0.0216062
47.32,0.0159192,-0.0151761
47.34,0.00373233,0.000339787
47.36,0.0172782,-0.000789401
47.38,0.0167888,-0.00392119
47.4,0.00904695,-0.00121117
47.42,0.0125771,0.00214538
47.44,0.0166343,0.00293571
47.46,0.014282,0.00514705
47.48,0.0174367,0.00652922
47.5,0.0193911,0.00929891
47.52,0.00450827,0.00127309
47.54,-0.00902322,-0.0111908
47.56,-0.0168282,-0.0228267
47.58,0.000867585,-0.0113057
47.6,0.000743183,-0.0121888
47.62,0.00024605,-0.0200554
47.64,0.0120538,-0.0215502
47.66,0.0123121,-0.0226375
47.68,0.0124704,-0.0212698
47.7,0.0126413,-0.0211086
47.72,0.0198545,-0.0242479
47.74,0.0238056,-0.0275068
47.76,0.00857004,-0.0166127
47.78,-0.00750068,0.000258898
47.8,-0.0270928,0.0234911
47.82,-0.00721206,0.0207893
47.84,0.00977758,0.0101045
47.86,-0.00333872,0.00657412
47.88,-0.00778638,0.0132489
47.9,0.0096572,0.0167446
47.92,0.0111622,0.0215993
47.94,0.0118299,0.0213597
47.96,0.0143642,0.0234151
47.98,0.0212354,0.0256206
48,0.0197999,0.0287739
48.02,0.00089016,0.0200285
48.04,-0.0166639,0.00668198
48.06,-0.0323357,-0.00932846
48.08,-0.0333373,-0.0115496
48.1,-0.0164136,-0.000304962
48.12,-0.0149105,-0.0063501
48.14,-0.0109945,-0.0110479
48.16,-0.00949117,-0.00663507
48.18,-0.0108028,-0.00501861
48.2,-0.0122216,-0.0034517
48.22,-0.00776555,-0.00280993
48.24,-0.00454599,-0.00446513
48.26,-0.0103744,-0.000106675
48.28,-0.015583,0.00435805
48.3,0.011591,-0.00728665
48.32,0.00917877,-0.00609958
48.34,-0.00203817,-9.62615e-05
48.36,0.00928441,0.00286039
48.38,0.0145751,0.00639679
48.4,0.0131296,0.00890996
48.42,0.0143558,0.00923457
48.44,0.0136615,0.0110768
48.46,0.025106,0.0175244
48.48,0.0300344,0.0237849
48.5,0.0197687,0.0189626
48.52,0.00995875,0.00924006
48.54,-0.000845551,-0.00464444
48.56,-0.0164633,-0.0242449
48.58,-0.0168179,-0.0313173
48.6,0.00506014,-0.0247584
48.62,0.00628427,-0.0280836
48.64,0.00867162,-0.033619
48.66,0.0216049,-0.0366307
48.68,0.024476,-0.0399968
48.7,0.0257482,-0.0413801
48.72,0.0339554,-0.0434145
48.74,0.0175862,-0.0327394
48.76,0.00413001,-0.0134529
48.78,-0.0130854,0.00360358
48.8,-0.0433095,0.0256756
48.82,-0.0292507,0.0242803
48.84,-0.012094,0.00920279
48.86,-0.0137578,0.00526617
48.88,-0.0190848,0.0131961
48.9,-0.00694433,0.0120077
48.92,-0.0081821,0.0100143
48.94,-0.00882037,0.0108469
48.96,-0.00271954,0.011766
48.98,-0.00102475,0.0126153
49,-0.000539413,0.0114872
49.02,-0.00472489,0.00733725
49.04,-0.0113831,-0.00294736
49.06,-0.0129204,-0.00733558
49.08,-0.00395688,-0.0017138
49.1,-0.00699065,-0.00283308
49.12,-0.00239513,-0.00673356
49.14,0.00406989,-0.00891907
49.16,0.00378791,-0.00923195
49.18,0.00260751,-0.00883346
49.2,0.00705508,-0.00892665
49.22,0.0112154,-0.0129471
49.24,0.010156,-0.0123233
49.26,0.00177359,-0.00533657
49.28,-0.00962735,0.00685567
49.3,-0.0219623,0.0231358
49.32,0.002439,0.0150473
49.34,0.00314067,0.00921111
49.36,-0.00503272,0.0144664
49.38,0.00677865,0.0188614
49.4,0.0141208,0.0219048
49.42,0.0111222,0.0223222
49.44,0.0124947,0.0221697
49.46,0.0241214,0.0280928
49.48,0.029981,0.0348209
49.5,0.0175785,0.0283066
49.52,-0.000433962,0.0125252
49.54,-0.0168727,-0.00630092
49.56,-0.033574,-0.0280694
49.58,-0.0152694,-0.0189739
49.6,-0.0046631,-0.00656173
49.62,-0.00993522,-0.0176445
49.64,0.00273949,-0.02411
49.66,0.0119751,-0.0256917
49.68,0.00908907,-0.0258876
49.7,0.015048,-0.027684
49.72,0.0172066,-0.0290196
49.74,0.0222817,-0.0310258
49.76,0.00839819,-0.0195126
49.78,-0.00677728,-0.00209521
49.8,-0.0332719,0.0252153
49.82,-0.0144143,0.0246468
49.84,0.00559606,0.0114957
49.86,-0.00543749,0.00729686
49.88,-0.0109206,0.0127487
49.9,0.00227465,0.0167416
49.92,0.00674127,0.0184361
49.94,0.00406717,0.0177379
49.96,0.00613714,0.0179787
49.98,0.0170567,0.0229915
50,0.0195175,0.0277287
50.02,0.00389136,0.0191972
50.04,-0.00976734,0.00556736
50.06,-0.0256893,-0.0132977
50.08,-0.0272496,-0.0198413
50.1,-0.00621307,-0.0117854
50.12,-0.00240675,-0.0157095
50.14,-0.000554332,-0.0229694
50.16,0.00795313,-0.0213473
50.18,0.00766434,-0.0226978
50.2,0.010763,-0.0248193
50.22,0.0166533,-0.0259021
50.24,0.0195352,-0.0288756
50.26,0.00555793,-0.0175411
50.28,-0.00815484,-0.00200987
50.3,-0.0322397,0.0230502
50.32,-0.0134369,0.0223903
50.34,0.0031139,0.00970166
50.36,-0.00778802,0.0046212
50.38,-0.0138793,0.0102457
50.4,0.0019748,0.0147268
50.42,0.00597008,0.0179544
50.44,0.00352594,0.0174865
50.46,0.00463667,0.0168293
50.48,0.0159894,0.022226
50.5,0.0190704,0.0274731
50.52,-0.00037069,0.0175866
50.54,-0.0156463,0.00338388
50.56,-0.0300062,-0.0130576
50.58,-0.0198105,-0.00808845
50.6,-0.0108676,-0.0028155
50.62,-0.011147,-0.0115925
50.64,-0.00185179,-0.0143066
50.66,-0.00193424,-0.0125092
50.68,-0.00170434,-0.0114732
50.7,-0.00108681,-0.0112401
50.72,0.00463686,-0.0134175
50.74,0.00538267,-0.0140498
50.76,-9.17775e-05,-0.00889276
50.78,-0.00949873,0.00112298
50.8,-0.0143045,0.0124836
50.82,0.00520168,0.00643544
50.84,0.000381523,0.00381833
50.86,-0.00193415,0.0104701
50.88,0.0120025,0.0140265
50.9,0.0147677,0.0187974
50.92,0.0141927,0.0188087
50.94,0.0150454,0.0196912
50.96,0.025442,0.0252808
50.98,0.0319572,0.0325185
51,0.0191202,0.027119
51.02,0.00733548,0.0179376
51.04,-0.00498925,0.00424402
51.06,-0.0245175,-0.0141947
51.08,-0.0357837,-0.0266216
51.1,-0.0135731,-0.0164827
51.12,-0.0037928,-0.0166404
51.14,-5.8039e-05,-0.0282745
51.16,0.00849879,-0.0298073
51.18,0.00967636,-0.0287031
51.2,0.0128507,-0.0301849
51.22,0.0179125,-0.0330606
51.24,0.0231619,-0.0342095
51.26,0.00874014,-0.0219084
51.28,-0.00791297,-0.0046727
51.3,-0.0346062,0.0219074
51.32,-0.0182988,0.0241641
51.34,0.0030992,0.0117132
51.36,-0.00375396,0.00558031
51.38,-0.00825128,0.0133345
51.4,0.00498422,0.0174486
51.42,0.00896467,0.0183762
51.44,0.00700511,0.0193672
51.46,0.0128613,0.0210532
51.48,0.0171544,0.0244232
51.5,0.0103526,0.0211775
51.52,0.000353699,0.0141383
51.54,-0.01476,0.000908419
51.56,-0.0334984,-0.018284
51.58,-0.0197739,-0.0130214
51.6,-0.00828103,-0.00709588
51.62,-0.00818252,-0.0178246
51.64,0.00331568,-0.0207021
51.66,0.00346918,-0.0198907
51.68,0.00463338,-0.0195073
51.7,0.00846506,-0.0217384
51.72,0.0145863,-0.0239481
51.74,0.016565,-0.0255999
51.76,0.00306794,-0.0148015
51.78,-0.0122951,0.00209461
51.8,-0.02627,0.0204642
51.82,-0.00993066,0.0152556
51.84,-9.58637e-06,0.00494233
51.86,-0.00567086,0.00830238
51.88,-0.0029988,0.0153652
51.9,0.00836026,0.0150924
51.92,0.00509934,0.0179911
51.94,0.0127594,0.0210857
51.96,0.0167819,0.0242412
51.98,0.0230754,0.0274836
52,0.0144074,0.026096
52.02,0.0017619,0.0195505
52.04,-0.0116962,0.00798992
52.06,-0.0320078,-0.0117682
52.08,-0.0324966,-0.0145254
52.1,-0.0130242,-0.00523588
52.12,-0.00788309,-0.0114263
52.14,-0.00505175,-0.0198562
52.16,0.00134312,-0.0163667
52.18,-0.00133651,-0.0153642
52.2,0.00035819,-0.0160229
52.22,0.0072806,-0.0173709
52.24,0.0106096,-0.0204156
52.26,0.00404183,-0.0148226
52.28,-0.00924686,-0.00176696
52.3,-0.0188871,0.0145764
52.32,-0.000562551,0.00930149
52.34,0.00420219,0.00370387
52.36,-0.000630129,0.0107843
52.38,0.0108222,0.0167209
52.4,0.0128244,0.0173922
52.42,0.0144011,0.019851
52.44,0.0214173,0.0243273
52.46,0.0259853,0.028435
52.48,0.0282971,0.0312611
52.5,0.013799,0.0241351
52.52,0.00311114,0.0154757
52.54,-0.00640405,0.00356045
52.56,-0.0262804,-0.0146178
52.58,-0.0375721,-0.0259196
52.6,-0.0153911,-0.0161478
52.62,-0.00521326,-0.0150379
52.64,-0.00333576,-0.0265076
52.66,0.00689272,-0.0278413
52.68,0.0082486,-0.0278946
52.7,0.0108223,-0.0289992
52.72,0.0155709,-0.0309165
52.74,0.0228866,-0.0339032
52.76,0.00893818,-0.0234545
52.78,-0.00895826,-0.00484647
52.8,-0.0345537,0.0215531
52.82,-0.0130205,0.0224994
52.84,0.00684474,0.00867293
52.86,-0.00761338,0.00152594
52.88,-0.0188518,0.00528273
52.9,-0.00740257,0.00923995
52.92,0.00480825,0.0118686
52.94,0.0057508,0.0172699
52.96,0.00789539,0.0160294
52.98,0.0080908,0.0168994
53,0.00995688,0.0178621
53.02,0.000867603,0.0129348
53.04,-0.0134731,0.00238267
53.06,-0.0301147,-0.0137675
53.08,-0.0161879,-0.00653895
53.1,-0.00796094,-0.00210658
53.12,-0.00995529,-0.0110148
53.14,-0.00119154,-0.0127
53.16,-0.00128289,-0.011221
53.18,-0.00198771,-0.0103372
53.2,-0.000489635,-0.00934108
53.22,0.00566624,-0.0128515
53.24,0.00640232,-0.013267
53.26,0.000131559,-0.00793028
53.28,-0.00896756,0.00147913
53.3,-0.0132185,0.0131223
53.32,0.00507259,0.00600074
53.34,-0.000942607,0.00311146
53.36,-0.00220582,0.0102134
53.38,0.0116186,0.0140637
53.4,0.0138068,0.0173247
53.42,0.0132871,0.0179156
53.44,0.0187998,0.020738
53.46,0.0194538,0.0230671
53.48,0.030181,0.0284623
53.5,0.0194738,0.0278922
53.52,0.00747163,0.0207043
53.54,-0.00848274,0.00627318
53.56,-0.0286477,-0.0136025
53.58,-0.0358741,-0.0250944
53.6,-0.0149164,-0.019113
53.62,-0.00166228,-0.0132756
53.64,-0.00756586,-0.0202025
53.66,0.000669944,-0.021835
53.68,0.00840185,-0.0227838
53.7,0.0104195,-0.026127
53.72,0.00962624,-0.0234047
53.74,0.0160089,-0.0264494
53.76,0.0109116,-0.0233519
53.78,-0.00560951,-0.007425
53.8,-0.0294287,0.0167604
53.82,-0.0130619,0.0179206
53.84,0.00566,0.00512985
53.86,-0.00755445,-0.000236833
53.88,-0.0128231,0.0057734
53.9,0.000916459,0.0107377
53.92,0.00875608,0.013135
53.94,0.00328792,0.0136227
53.96,0.00427866,0.0120264
53.98,0.0144995,0.0166725
54,0.0216289,0.0245932
54.02,0.00359215,0.0153038
54.04,-0.011612,0.001814
54.06,-0.0262624,-0.0146135
54.08,-0.0184857,-0.014108
54.1,-0.00181835,-0.00744312
54.12,-0.00309122,-0.0145984
54.14,0.00176202,-0.0177213
54.16,0.00570804,-0.0163849
54.18,0.00564618,-0.0168339
54.2,0.00721795,-0.0172052
54.22,0.0139662,-0.0200077
54.24,0.0157377,-0.0222336
54.26,0.00480339,-0.0134743
54.28,-0.00991859,0.000351957
54.3,-0.0260309,0.017674
54.32,-0.00667368,0.0130398
54.34,0.000506158,0.00327905
54.36,-0.0102835,0.00625993
54.38,-0.0036263,0.0127974
54.4,0.00999366,0.0146405
54.42,0.00529958,0.0172269
54.44,0.00703078,0.0161465
54.46,0.0138717,0.0192251
54.48,0.0216662,0.0255021
54.5,0.0185107,0.0250833
54.52,0.00246299,0.0152879
54.54,-0.0130519,0.00262701
54.56,-0.0272482,-0.0145906
54.58,-0.0208241,-0.0142899
54.6,-0.00577892,-0.00775451
54.62,-0.00189222,-0.0163858
54.64,0.00351156,-0.0218763
54.66,0.00569023,-0.0187731
54.68,0.00672878,-0.0192325
54.7,0.0103856,-0.0222845
54.72,0.0170543,-0.0240483
54.74,0.019359,-0.0269535
54.76,0.00921421,-0.0190422
54.78,-0.00517284,-0.00383246
54.8,-0.0225647,0.0161503
54.82,-0.0164939,0.0212184
54.84,0.000149664,0.0105678
54.86,-0.00658514,0.00468817
54.88,-0.00995454,0.011395
54.9,0.00532769,0.016007
54.92,0.00741142,0.0192107
54.94,0.00695255,0.0185203
54.96,0.00870712,0.019507
54.98,0.0201155,0.0249671
55,0.0228637,0.0294382
55.02,0.00652763,0.0226194
55.04,-0.00803924,0.0117195
55.06,-0.0267454,-0.0050576
55.08,-0.038575,-0.0176242
55.1,-0.0173128,-0.00637064
55.12,-0.00969899,-0.00301139
55.14,-0.0119179,-0.0115491
55.16,-0.00567339,-0.0127847
55.18,-0.00202719,-0.0119204
55.2,-0.00149752,-0.0126156
55.22,-0.00187392,-0.0111498
55.24,0.00494015,-0.0134753
55.26,0.00842867,-0.0163733
55.28,-0.00470566,-0.00702501
55.3,-0.0196683,0.00986246
55.32,0.00192297,0.0060587
55.34,0.00584482,0.00212967
55.36,-0.00205625,0.00676411
55.38,0.00509653,0.0102411
55.4,0.0107319,0.0113575
55.42,0.0113177,0.0154415
55.44,0.0171653,0.017974
55.46,0.019833,0.0211845
55.48,0.018892,0.0218461
55.5,0.021956,0.022621
55.52,0.0090682,0.0200936
55.54,-0.00889289,0.00728259
55.56,-0.0284808,-0.0100055
55.58,-0.0358882,-0.0171311
55.6,-0.0195341,-0.00934426
55.62,-0.011878,-0.00376704
55.64,-0.0137681,-0.0104114
55.66,-0.00850434,-0.0109313
55.68,-0.00554817,-0.009608
55.7,-0.00496408,-0.0103345
55.72,-0.00570292,-0.00827906
55.74,0.00107748,-0.00997537
55.76,0.00114361,-0.010923
55.78,-0.00479341,-0.00606233
55.8,-0.00488671,0.0015825
55.82,0.00759738,-0.000698705
55.84,-0.000538173,0.000358368
55.86,0.00170813,0.00306127
55.88,0.0127839,0.00777028
55.9,0.0155873,0.0136907
55.92,0.0160249,0.0138663
55.94,0.0186516,0.0170212
55.96,0.0219701,0.0196475
55.98,0.031215,0.0262733
56,0.0237488,0.0264956
56.02,0.00808036,0.0189756
56.04,-0.00499194,0.00711246
56.06,-0.0237975,-0.0109284
56.08,-0.036826,-0.025416
56.1,-0.018928,-0.0197008
56.12,-0.00362501,-0.012382
56.14,-0.00578325,-0.0191908
56.16,-0.000828793,-0.0233082
56.18,0.00686371,-0.0228751
56.2,0.00659919,-0.0244108
56.22,0.0108682,-0.0256327
56.24,0.0162637,-0.0267397
56.26,0.014814,-0.0259376
56.28,-0.000736387,-0.0119592
56.3,-0.0199708,0.00868191
56.32,-0.0159284,0.0169603
56.34,0.000293228,0.00660186
56.36,-0.00459588,0.000652721
56.38,-0.00753477,0.00725762
56.4,0.00444086,0.0135225
56.42,0.00974949,0.0149104
56.44,0.00564671,0.0149832
56.46,0.013154,0.0181033
56.48,0.0159278,0.0211752
56.5,0.0229396,0.024651
56.52,0.00587443,0.0196731
56.54,-0.0088656,0.0106686
56.56,-0.0244767,-0.0055755
56.58,-0.033692,-0.0175775
56.6,-0.0157558,-0.00745206
56.62,-0.0084519,-0.00497152
56.64,-0.00970687,-0.0139011
56.66,-0.00220054,-0.0146653
56.68,-0.000795637,-0.0136179
56.7,0.00125706,-0.0145272
56.72,0.00216948,-0.0153161
56.74,0.00649901,-0.0143718
56.76,0.00829798,-0.0173543
56.78,0.000833961,-0.0102073
56.8,-0.0157004,0.00581823
56.82,-0.00697856,0.0107253
56.84,0.0059429,0.00169764
56.86,-0.00487283,0.000268668
56.88,-0.00405348,0.00813516
56.9,0.0121289,0.0110461
56.92,0.0117859,0.0166098
56.94,0.0133353,0.0157948
56.96,0.0134688,0.017031
56.98,0.0243855,0.0234407
57,0.0293733,0.0291763
57.02,0.0103355,0.0219033
57.04,-0.00127457,0.0107386
57.06,-0.016266,-0.00585744
57.08,-0.0351641,-0.0237957
57.1,-0.0160827,-0.0127951
57.12,-0.00580875,-0.00771786
57.14,-0.00427786,-0.018693
57.16,0.00374896,-0.0228311
57.18,0.00502594,-0.0206869
57.2,0.00459744,-0.020764
57.22,0.00921157,-0.021536
57.24,0.0163766,-0.0258397
57.26,0.0174546,-0.0256951
57.28,0.00230262,-0.0139719
57.3,-0.0166716,0.00519769
57.32,-0.0222111,0.0204619
57.34,-0.0020258,0.0119573
57.36,-0.00175282,0.004849
57.38,-0.00556778,0.0104265
57.4,0.00512173,0.0167228
57.42,0.0109556,0.0183566
57.44,0.0083114,0.0188619
57.46,0.0106714,0.0195854
57.48,0.0236932,0.0267275
57.5,0.0299457,0.0342803
57.52,0.0120883,0.028342
57.54,0.000590454,0.0182628
57.56,-0.0148896,-0.000475293
57.58,-0.0349383,-0.0224512
57.6,-0.0238337,-0.020158
57.62,-0.00203329,-0.0144899
57.64,-0.000323836,-0.0241501
57.66,0.0055072,-0.0287244
57.68,0.00968745,-0.0266258
57.7,0.00989311,-0.0269381
57.72,0.0157358,-0.0305173
57.74,0.0223593,-0.0328572
57.76,0.0169871,-0.0294446
57.78,0.00267776,-0.0154313
57.8,-0.014961,0.00358355
57.82,-0.0337529,0.0262452
57.84,-0.0123109,0.0197775
57.86,0.00288813,0.00836612
57.88,-0.00419838,0.0146044
57.9,0.000103613,0.0195986
57.92,0.00849179,0.0185263
57.94,0.00596138,0.0206766
57.96,0.0127064,0.0230707
57.98,0.0132261,0.0240706
58,0.0231212,0.0285755
58.02,0.00925201,0.0256022
58.04,-0.0066743,0.0149273
58.06,-0.0220411,-0.00335773
58.08,-0.0378279,-0.0229025
58.1,-0.0217097,-0.0187622
58.12,-0.00588968,-0.00826707
58.14,-0.0112867,-0.0129579
58.16,-0.00590598,-0.0194383
58.18,0.00551312,-0.0199233
58.2,0.00514449,-0.0216374
58.22,0.0043125,-0.0205837
58.24,0.00982461,-0.0199731
58.26,0.0173956,-0.0265845
58.28,0.00592483,-0.0191536
58.3,-0.0102784,-0.00157463
58.32,-0.0271941,0.020073
58.34,-0.0086984,0.0162141
58.36,0.00403123,0.0048868
58.38,-0.00570385,0.00537784
58.4,-0.00616393,0.0127292
58.419,0.00944174,0.0149798
58.44,0.00793,0.0188569
58.46,0.0107606,0.0187681
58.48,0.0115245,0.0197028
58.5,0.0250236,0.0272358
58.52,0.0136057,0.0269268
58.54,-0.000278495,0.0196071
58.56,-0.0155578,0.00399103
58.58,-0.0368879,-0.016669
58.6,-0.0250961,-0.0124721
58.62,-0.00770576,-0.00451865
58.64,-0.00849174,-0.0138249
58.66,-0.00215411,-0.018477
58.68,0.00070077,-0.0151227
58.7,-0.00195555,-0.0137657
58.72,0.000384526,-0.0145302
58.74,0.00651977,-0.0158096
58.76,0.00861598,-0.0174011
58.78,0.000805252,-0.0112091
58.8,-0.0127075,0.00181595
58.82,-0.013562,0.00974214
58.84,0.00159396,0.00354935
58.86,-0.0021186,0.00235119
58.88,-0.00013434,0.0106226
58.9,0.0134945,0.0147775
58.92,0.0125859,0.0180156
58.94,0.0154462,0.0187601
58.96,0.0210761,0.0243204
58.98,0.0261429,0.0272035
59,0.0287403,0.0314222
59.02,0.0102522,0.027265
59.04,-0.00142191,0.0175211
59.06,-0.0160064,-0.00244285
59.08,-0.0346469,-0.0253616
59.1,-0.0223247,-0.0233781
59.12,-0.00431256,-0.0127453
59.14,-0.00981598,-0.0182475
59.16,-0.00271361,-0.0233488
59.18,0.00746744,-0.023699
59.2,0.00548446,-0.024723
59.22,0.00629329,-0.0230594
59.24,0.012488,-0.0243735
59.26,0.0185026,-0.0293533
59.28,0.00392767,-0.0182497
59.3,-0.013131,0.00062452
59.32,-0.0252878,0.019302
59.34,-0.00866555,0.0138247
59.36,0.00234679,0.00307436
59.38,-0.00553654,0.00430236
59.4,-0.00625207,0.0119344
59.42,0.0101708,0.0144539
59.44,0.00800798,0.0181274
59.46,0.0121747,0.0189694
59.48,0.0133601,0.0205833
59.5,0.0258281,0.0270241
59.52,0.0128415,0.0248347
59.54,-0.00307995,0.0155642
59.56,-0.0202302,-0.00190592
59.58,-0.0382037,-0.0207728
59.6,-0.0223894,-0.017165
59.62,-0.00644199,-0.00613327
59.64,-0.0105153,-0.0109207
59.66,-0.00797049,-0.0164356
59.68,0.00146672,-0.0155766
59.7,0.000783457,-0.0162897
59.72,-4.06818e-05,-0.0153123
59.74,0.00569283,-0.0149478
59.76,0.0108865,-0.0199918
59.78,0.00256631,-0.0133879
59.8,-0.0127575,0.00209577
59.82,-0.0151953,0.0140278
59.84,0.00191598,0.0062652
59.86,-0.00287748,0.00148168
59.88,-0.0032541,0.00910705
59.9,0.00896123,0.0142371
59.92,0.0119819,0.0161598
59.94,0.0106236,0.0166157
59.96,0.0184851,0.0210361
59.98,0.0211003,0.0243044
60,0.0281646,0.0283952
60.02,0.00997651,0.024563
60.04,-0.00450485,0.0138254
60.06,-0.0174597,-0.00524948
60.08,-0.0321316,-0.0244545
60.1,-0.0181131,-0.0180284
60.12,-0.00651783,-0.00835622
60.14,-0.00922768,-0.0156441
60.16,-0.000517726,-0.021826
60.18,0.00577817,-0.0216753
60.2,0.00444162,-0.0209185
60.22,0.00624627,-0.0212995
60.24,0.0147275,-0.0238438
60.26,0.0187701,-0.0281219
60.28,0.00354086,-0.0162534
60.3,-0.0145731,0.00393314
60.32,-0.024052,0.020097
60.34,-0.00686497,0.0108453
60.36,-0.000711953,0.00205974
60.38,-0.00427213,0.00721774
60.4,0.000803813,0.0142648
60.42,0.00884868,0.0140311
60.44,0.00584136,0.0158678
60.46,0.0129706,0.0189831
60.48,0.0192086,0.0236242
60.5,0.0203178,0.0254771
60.52,0.00968909,0.0192932
60.54,0.00110104,0.00958351
60.56,-0.013336,-0.00796817
60.58,-0.0277131,-0.02783
60.6,-0.0090947,-0.0202394
60.62,0.00256233,-0.0116205
60.64,-0.00398528,-0.0201642
60.66,0.00767639,-0.0251389
60.68,0.0137976,-0.0263254
60.7,0.0128146,-0.0268303
60.72,0.0149901,-0.027489
60.74,0.0233564,-0.0302125
60.76,0.0187663,-0.0291672
60.78,0.00371958,-0.014043
60.8,-0.0131124,0.00570407
60.82,-0.0336332,0.0304501
60.84,-0.0175846,0.024194
60.86,-0.00291223,0.0086248
60.88,-0.0087263,0.0094038
60.9,-0.00832791,0.018249
60.92,0.00650653,0.0186136
60.94,0.00206237,0.0183477
60.96,0.00268759,0.0171788
60.98,0.00792045,0.0201346
61,0.0114777,0.021181
61.02,0.011119,0.0221179
61.04,-0.00247076,0.0146556
61.06,-0.01985,-7.00951e-05
61.08,-0.0338948,-0.0165916
61.1,-0.0158228,-0.00860538
61.12,-0.00836442,-0.00220673
61.14,-0.0112155,-0.0089943
61.16,-0.00530547,-0.0111342
61.18,-0.00136015,-0.0102809
61.2,-0.000976356,-0.0112453
61.22,-0.000344436,-0.0103213
61.24,0.00550614,-0.0123697
61.26,0.00637228,-0.0137703
61.28,-0.000612308,-0.00737436
61.3,-0.0132813,0.00498556
61.32,-0.0167989,0.0133971
61.34,0.00276579,0.00361492
61.36,-0.00421526,-0.000674115
61.38,-0.00693432,0.00589026
61.4,0.00552094,0.0110518
61.42,0.0103799,0.012872
61.44,0.0086095,0.0150346
61.46,0.0143455,0.0172801
61.48,0.0180105,0.0210048
61.5,0.0172187,0.0211239
61.52,0.0188212,0.0226905
61.54,0.00328994,0.0147761
61.56,-0.0169976,-0.000664545
61.58,-0.0367247,-0.0190118
61.6,-0.0195285,-0.0140322
61.62,-0.00477499,-0.00294889
61.64,-0.0101781,-0.00781366
61.66,-0.00775532,-0.0129679
61.68,0.000467309,-0.0118423
61.7,-3.17039e-05,-0.0123588
61.72,-0.000499239,-0.0112344
61.74,0.000749505,-0.00909335
61.76,0.00784474,-0.0136177
61.78,0.00226531,-0.00945487
61.8,-0.0139258,0.00408327
61.82,-0.00221554,0.00650615
61.84,0.00721003,0.00209563
61.86,-0.00435395,0.00244521
61.88,0.00181429,0.00599785
61.9,0.0135108,0.0114181
61.92,0.0155017,0.016744
61.94,0.0154455,0.0155828
61.96,0.0151656,0.0175688
61.98,0.0246306,0.0222225
62,0.0324489,0.0292879
62.02,0.0148452,0.0262317
62.04,-0.000582184,0.0129291
62.06,-0.0154938,-0.00531027
62.08,-0.034512,-0.0263802
62.1,-0.019905,-0.0224096
62.12,-0.00295986,-0.0113783
62.14,-0.00627095,-0.017095
62.16,-0.00212122,-0.0237288
62.18,0.00837806,-0.0236574
62.2,0.00629437,-0.0238878
62.22,0.00754008,-0.0235717
62.24,0.0134431,-0.0243456
62.26,0.0200449,-0.0295087
62.28,0.0054466,-0.019737
62.3,-0.0122573,-0.000740402
62.32,-0.0289053,0.0208468
62.34,-0.0105659,0.0163517
62.36,0.00393074,0.00450536
62.38,-0.00598173,0.00503483
62.4,-0.00422387,0.0133434
62.42,0.0114072,0.0168328
62.44,0.00920353,0.0188987
62.46,0.010978,0.0189431
62.48,0.0151226,0.0212821
62.5,0.0272088,0.0291145
62.52,0.0182848,0.0292156
62.54,0.00210262,0.0171143
62.56,-0.0147547,-0.000503924
62.58,-0.0358243,-0.0224604
62.6,-0.0216461,-0.021262
62.62,-0.0014524,-0.011336
62.64,-0.0076146,-0.0140113
62.66,-0.00575653,-0.018995
62.68,0.00562269,-0.0199936
62.7,0.00695759,-0.0221724
62.72,0.00841753,-0.0219632
62.74,0.00962979,-0.0204508
62.76,0.0191177,-0.0270441
62.78,0.00871461,-0.0199158
62.8,-0.00908981,-0.00313192
62.82,-0.0313721,0.0187327
62.84,-0.015481,0.0173925
62.86,0.000164081,0.00474834
62.88,-0.00497086,0.00406698
62.9,-0.0089647,0.0104464
62.92,0.00567503,0.0138354
62.94,0.00589829,0.0158203
62.96,0.00587695,0.0158507
62.98,0.00745961,0.0168343
63,0.0189348,0.0215958
63.02,0.0173504,0.0255189
63.04,0.00261472,0.0178525
63.06,-0.0142147,0.00256823
63.08,-0.0349243,-0.017414
63.1,-0.0163488,-0.0123816
63.12,-0.00341776,-0.00484462
63.14,-0.00767861,-0.0108804
63.16,-0.00389599,-0.0139304
63.18,0.00263991,-0.0126345
63.2,0.00185802,-0.0141713
63.22,0.00122739,-0.012839
63.24,0.00660561,-0.0130454
63.26,0.00916806,-0.0161892
63.28,0.00233312,-0.00988081
63.3,-0.0115203,0.00314379
63.32,-0.0181233,0.0145721
63.34,-0.00332193,0.00612732
63.36,-0.00345806,0.000586067
63.38,-0.00224533,0.00926875
63.4,0.00953832,0.0162757
63.42,0.0112453,0.0159525
63.44,0.00978831,0.0166569
63.46,0.01768,0.0214833
63.48,0.0250798,0.026715
63.5,0.0269798,0.0292023
63.52,0.010017,0.0238172
63.54,-0.00275722,0.0108511
63.56,-0.01678,-0.00775471
63.58,-0.0312932,-0.0263899
63.6,-0.017163,-0.0198179
63.62,-0.00259027,-0.0088555
63.64,-0.00784271,-0.0151354
63.66,-0.000584064,-0.0223345
63.68,0.00989623,-0.0232584
63.7,0.00815948,-0.0233535
63.72,0.00726918,-0.0227292
63.74,0.0142177,-0.0235438
63.76,0.0227352,-0.0304512
63.78,0.00871019,-0.0213123
63.8,-0.00799727,-0.00179433
63.82,-0.0297204,0.0240169
63.84,-0.00855805,0.0224917
63.86,0.00544075,0.00872762
63.88,-0.00533989,0.00576037
63.9,-0.00720473,0.012533
63.92,0.00752042,0.017051
63.94,0.0119186,0.020718
63.96,0.0105093,0.0206566
63.98,0.0134574,0.0226313
64,0.0240811,0.0273932
64.02,0.0209019,0.0311335
64.035,0.0046218,0.0238707
64.06,-0.0125037,0.00910304
64.08,-0.0335033,-0.0119706
64.1,-0.0332885,-0.0171668
64.12,-0.0115584,-0.00968708
64.14,-0.0113112,-0.00898828
64.16,-0.0125753,-0.0132875
64.18,-0.00663642,-0.0110568
64.2,-0.00427336,-0.0116333
64.22,-0.00294395,-0.0119228
64.24,0.00115417,-0.0125335
64.26,0.00228416,-0.0128567
64.28,-0.000976421,-0.00954106
64.3,-0.0121314,-0.000461328
64.32,-0.0070266,0.00302429
64.34,0.00106386,-0.00105449
64.36,-0.00623832,0.000225539
64.38,0.00039754,0.00433571
64.4,0.0104249,0.00973882
64.42,0.00949814,0.0122951
64.44,0.0107958,0.013232
64.46,0.0158456,0.0159001
64.48,0.0238501,0.0219387
64.5,0.0239231,0.0242286
64.52,0.0143544,0.0202654
64.54,-0.000172558,0.00967378
64.56,-0.0155673,-0.00725712
64.58,-0.0322062,-0.0263467
64.6,-0.0155432,-0.0184695
64.62,-0.00406133,-0.0110905
64.64,-0.00105459,-0.0213483
64.66,0.00604485,-0.0266827
64.68,0.0075801,-0.0235576
64.7,0.00849427,-0.0240741
64.72,0.0133289,-0.0265406
64.74,0.0202709,-0.0290959
64.76,0.019772,-0.0296415
64.78,0.005159,-0.0166072
64.8,-0.0106132,-0.00105918
64.82,-0.0334628,0.0203607
64.84,-0.0141846,0.0168164
64.86,-0.0020488,0.00475843
64.88,-0.0105357,0.00645279
64.9,-0.00809881,0.0131541
64.92,0.00486025,0.0138898
64.94,0.0027052,0.0158996
64.96,0.00492904,0.0161917
64.98,0.00820391,0.0171062
65,0.018085,0.0233038
65.02,0.0136731,0.0232205
65.04,0.000341542,0.0125341
65.06,-0.0174339,-0.00531736
65.08,-0.0274186,-0.0211576
65.1,-0.00908422,-0.0167068
65.12,0.0046446,-0.0086568
65.14,-0.00369579,-0.0144239
65.16,0.00208238,-0.0189118
65.18,0.0127015,-0.0204337
65.2,0.0118558,-0.0226532
65.22,0.011704,-0.0213622
65.24,0.0191889,-0.0238246
65.26,0.0258201,-0.0296352
65.28,0.00984348,-0.0190431
65.3,-0.00608153,-0.00194072
65.32,-0.0319199,0.0244817
65.34,-0.0152037,0.0267967
65.36,0.00178365,0.0123023
65.38,-0.00926503,0.00439467
65.4,-0.0159363,0.0085999
65.42,-0.00409525,0.0139574
65.44,0.00718836,0.0169746
65.46,0.00279642,0.0182905
65.48,0.00544444,0.0160137
65.5,0.00786163,0.0191473
65.52,0.017275,0.0240294
65.54,0.00310581,0.0189001
65.56,-0.0155696,0.00418979
65.58,-0.0349926,-0.0122792
65.6,-0.0202263,-0.00738371
65.62,-0.00827046,0.00099267
65.64,-0.01181,-0.00550018
65.66,-0.00650522,-0.00959696
65.68,-0.00118138,-0.00822628
65.7,-0.00258463,-0.00870676
65.72,-0.00171424,-0.00801394
65.74,0.00376146,-0.0102606
65.76,0.00746132,-0.0124759
65.78,0.000843857,-0.00778196
65.8,-0.0105002,0.00232258
65.82,-0.0145282,0.0115488
65.84,0.00397169,0.00230199
65.86,-0.0033568,-0.00214967
65.88,-0.00656735,0.00421833
65.9,0.00666602,0.00980152
65.92,0.0107376,0.0119143
65.94,0.00875929,0.013206
65.96,0.0147732,0.0158275
65.98,0.0144027,0.017334
66,0.0234414,0.0216069
66.02,0.0185345,0.0228839
66.04,0.00662519,0.0155549
66.06,-0.00837651,-0.00143851
66.08,-0.0277526,-0.0224332
66.1,-0.0154465,-0.0202377
66.12,0.00147136,-0.0099309
66.14,-0.00207142,-0.0153401
66.16,0.00180143,-0.0220545
66.18,0.0119196,-0.0215764
66.2,0.00875873,-0.0222634
66.22,0.010205,-0.0215729
66.24,0.0184624,-0.0250218
66.26,0.0237259,-0.0300305
66.28,0.00813508,-0.0182671
66.3,-0.00623656,-0.00197921
66.32,-0.0314026,0.0242345
66.34,-0.0128076,0.0245188
66.36,0.00799334,0.0115344
66.38,-0.000668299,0.0129272
66.4,0.000684571,0.0208224
66.42,0.011494,0.0206847
66.44,0.010508,0.0222285
66.46,0.0136877,0.0235819
66.48,0.0185728,0.0268271
66.5,0.0231274,0.0301346
66.52,0.0145241,0.0275607
66.54,0.00414691,0.0157005
66.56,-0.0121722,-0.0026897
66.58,-0.0324998,-0.0277746
66.6,-0.0207994,-0.0298036
66.62,0.00243072,-0.0172816
66.64,-5.18549e-05,-0.0210904
66.66,0.001319,-0.029509
66.68,0.0173606,-0.0326038
66.7,0.01664,-0.0340672
66.72,0.0167507,-0.033337
66.74,0.0256107,-0.0360736
66.76,0.0201193,-0.0336014
66.78,0.00750691,-0.0187911
66.8,-0.0103434,0.000715608
66.82,-0.0399689,0.0276125
66.84,-0.0264781,0.029677
66.86,-0.00541543,0.0130265
66.88,-0.0127795,0.00343985
66.9,-0.0231088,0.00510855
66.92,-0.0146082,0.0089722
66.94,-0.00292555,0.0104635
66.96,-0.00374022,0.0129705
66.98,-0.0049102,0.0112658
67,-0.00309131,0.00929685
67.02,0.00817204,0.016503
67.04,0.000753346,0.0135321
67.06,-0.0144208,-0.000781634
67.08,-0.0176634,-0.0104813
67.1,-0.0002021,-0.006689
67.12,-0.00289686,-0.00668371
67.14,-0.00261765,-0.00887897
67.16,0.00307266,-0.00985752
67.18,0.00766615,-0.0126364
67.2,0.0100809,-0.015032
67.22,0.0112142,-0.0154435
67.24,0.0102114,-0.0144188
67.26,0.0175743,-0.0179575
67.28,0.00734866,-0.0118164
67.3,-0.00952042,0.00338327
67.32,-0.0307252,0.023345
67.34,-0.0114513,0.0190375
67.36,-6.72672e-05,0.00576771
67.38,-0.00816577,0.00649766
67.4,-0.00927723,0.0125365
67.42,0.00370239,0.012556
67.44,0.00196774,0.0151568
67.46,0.00438959,0.0154062
67.48,0.00459444,0.0155309
67.5,0.0153618,0.0203576
67.52,0.0162819,0.0238925
67.54,-0.000654084,0.0136914
67.56,-0.0154923,-0.00228905
67.58,-0.024644,-0.0158531
67.6,-0.00893807,-0.00964808
67.62,-0.00203363,-0.00335558
67.64,-0.0074132,-0.0102661
67.66,0.000753418,-0.0123248
67.68,0.00520911,-0.0129309
67.7,0.00530818,-0.0142126
67.72,0.00562783,-0.0125347
67.74,0.0120942,-0.0170518
67.76,0.0170415,-0.0199033
67.78,0.00624619,-0.0124875
67.8,-0.00902758,0.00155998
67.82,-0.0250869,0.0203688
67.84,-0.00635922,0.016221
67.86,0.00682351,0.00651237
67.88,-0.00216536,0.0105308
67.9,0.0016613,0.017163
67.92,0.0128968,0.0173625
67.94,0.0109694,0.0212316
67.96,0.0117076,0.021296
67.98,0.0217086,0.0252506
68,0.0316749,0.0347357
68.02,0.0164732,0.0312728
68.04,0.00424663,0.0170456
68.06,-0.00868598,-0.00202773
68.08,-0.0272536,-0.0255069
68.1,-0.0211375,-0.0269674
68.12,0.00185595,-0.0171997
68.14,0.00282213,-0.024573
68.16,0.0062754,-0.0322407
68.18,0.0180316,-0.0324305
68.2,0.0163758,-0.0333663
68.22,0.0182862,-0.033868
68.24,0.0262428,-0.0364461
68.26,0.0191902,-0.0327681
68.28,0.0058243,-0.01727
68.3,-0.0114064,-0.000529137
68.32,-0.0408578,0.0230406
68.34,-0.0315471,0.0260714
68.36,-0.0100078,0.010277
68.38,-0.0101766,0.00827831
68.4,-0.012113,0.0169683
68.42,-0.00307263,0.0171536
68.44,-0.00331915,0.0134243
68.46,-0.00465109,0.0141602
68.48,-0.00064946,0.0153972
68.5,0.00582103,0.0165902
68.52,0.00955351,0.0203028
68.54,-0.00181901,0.0115784
68.56,-0.0134661,-0.00432716
68.58,-0.0193523,-0.0182853
68.6,-0.00143781,-0.0150429
68.62,0.00534504,-0.012213
68.64,-0.00131933,-0.0172135
68.66,0.00805946,-0.0178597
68.68,0.014411,-0.0209751
68.7,0.0129638,-0.0223673
68.72,0.0203926,-0.024349
68.74,0.0247711,-0.0293898
68.76,0.0195172,-0.0248312
68.78,0.00663979,-0.0110568
68.8,-0.0126514,0.00377118
68.82,-0.0405401,0.0247533
68.84,-0.0242764,0.0235096
68.86,-0.00736187,0.00892112
68.88,-0.0140477,0.00564043
68.9,-0.0159589,0.0125763
68.92,-0.00410643,0.0143535
68.94,-0.00374684,0.0132304
68.96,-0.00423618,0.0134065
68.98,-0.00255814,0.013128
69,0.00699448,0.0163917
69.02,0.00825632,0.0195177
69.04,-0.00179672,0.0102659
69.06,-0.014429,-0.00620497
69.08,-0.0096209,-0.0104654
69.1,0.0039755,-0.00621864
69.12,-0.000494085,-0.0101645
69.14,0.00446402,-0.0129105
69.16,0.0119752,-0.0155499
69.18,0.0127466,-0.0178103
69.2,0.0111784,-0.0168066
69.22,0.0198124,-0.0209481
69.24,0.0260886,-0.0266912
69.26,0.0218465,-0.0241031
69.28,0.00731308,-0.00992037
69.3,-0.00791879,0.00325327
69.32,-0.0354963,0.0247565
69.34,-0.023812,0.0252752
69.36,-0.00415365,0.0110871
69.38,-0.00913257,0.0105083
69.4,-0.00968439,0.0188003
69.42,0.00242388,0.0179531
69.44,-0.000187963,0.0176925
69.46,0.000619425,0.0174653
69.48,0.00673706,0.0198087
69.5,0.00737303,0.0205027
69.52,0.015159,0.0232419
69.54,0.00211623,0.0172526
69.56,-0.0126489,0.00195329
69.58,-0.0277237,-0.0151158
69.6,-0.0113959,-0.0118232
69.62,-0.000656419,-0.00486069
69.64,-0.00618931,-0.0105237
69.66,0.00041288,-0.0126833
69.68,0.00658849,-0.0139628
69.7,0.00763731,-0.016413
69.72,0.0074382,-0.0143252
69.74,0.0126701,-0.017952
69.76,0.0166676,-0.0204648
69.78,0.00490952,-0.0119671
69.8,-0.00981494,0.00241473
69.82,-0.0274937,0.0210129
69.84,-0.00907816,0.0159258
69.86,0.00146574,0.00509031
69.88,-0.00704319,0.0077498
69.9,-0.00333176,0.0153008
69.92,0.00901705,0.0156992
69.94,0.00577527,0.0187948
69.96,0.0114901,0.019755
69.98,0.0164958,0.024202
70,0.0214083,0.0273657
70.02,0.0126903,0.0232032
70.04,0.00257431,0.0145538
70.06,-0.0130321,-0.000226293
70.08,-0.0313833,-0.0190308
70.1,-0.01825,-0.0150464
70.12,-0.00362411,-0.00668119
70.14,-0.00416804,-0.0152799
70.16,0.00180784,-0.0203925
70.18,0.00548999,-0.0181644
70.2,0.00454851,-0.018006
70.22,0.00710431,-0.0190263
70.24,0.0149814,-0.0220077
70.26,0.0170388,-0.024659
70.28,0.00421405,-0.0143854
70.3,-0.0117187,0.00126998
70.32,-0.0276355,0.0189523
70.34,-0.0108082,0.0125881
70.36,0.000314761,0.00399163
70.38,-0.00595793,0.00731431
70.4,-0.0025455,0.0133905
70.42,0.00741772,0.0144975
70.44,0.00681613,0.0174122
70.46,0.0134327,0.0204619
70.48,0.0181044,0.0243004
70.5,0.0197519,0.02537
70.52,0.0151445,0.0242825
70.54,0.000865808,0.015893
70.56,-0.0154532,0.000811063
70.58,-0.0344455,-0.0176128
70.6,-0.0214263,-0.0145949
70.62,-0.00727491,-0.0030655
70.64,-0.0102123,-0.0075787
70.66,-0.00825691,-0.0141756
70.68,0.00128133,-0.0125496
70.7,-0.00148131,-0.0131141
70.72,0.00239688,-0.0132195
70.74,0.00610698,-0.0148039
70.76,0.00684239,-0.0149997
70.78,0.00397312,-0.0115625
70.8,-0.0104696,0.000340063
70.82,-0.0151023,0.0111448
70.84,-0.000741336,0.00308513
70.86,-0.00487824,-0.00179526
70.88,-0.010699,0.003951
70.9,0.00395974,0.00721911
70.92,0.00747775,0.0120852
70.94,0.00706916,0.0121174
70.96,0.00973065,0.01405
70.98,0.0138612,0.0160291
71,0.0211268,0.0212675
71.02,0.0165187,0.0207988
71.04,0.0013538,0.0105299
71.06,-0.0144807,-0.00363237
71.08,-0.0286841,-0.0199978
71.1,-0.0123946,-0.0147419
71.12,-0.00108636,-0.00596181
71.14,-0.0063701,-0.0121639
71.16,-0.000173692,-0.0164053
71.18,0.00690245,-0.0166666
71.2,0.00541232,-0.0169188
71.22,0.00571371,-0.0161369
71.24,0.0124576,-0.0187946
71.26,0.0187379,-0.0232422
71.28,0.00725318,-0.015546
71.3,-0.00892249,-0.000674953
71.32,-0.0265817,0.0186235
71.34,-0.00544671,0.0133441
71.36,0.00568186,0.00446376
71.38,-0.00287735,0.0080553
71.4,-0.000996061,0.0150962
71.42,0.0125137,0.0156601
71.44,0.00945518,0.0196433
71.46,0.0139719,0.0215866
71.48,0.0180386,0.0224574
71.5,0.0275834,0.0298881
71.52,0.0175202,0.0283521
71.54,0.00291187,0.0160982
71.56,-0.0119706,-0.00284873
71.58,-0.0313127,-0.0253986
71.6,-0.0176964,-0.0227984
71.62,0.000890257,-0.0130914
71.64,-0.00071672,-0.0196834
71.66,0.002811,-0.0264925
71.68,0.0132969,-0.0265179
71.7,0.0106705,-0.0271871
71.72,0.012505,-0.0274076
71.74,0.02248,-0.030927
71.76,0.0238726,-0.0335855
71.78,0.00819306,-0.0204096
71.8,-0.00763442,-0.00246365
71.82,-0.0359871,0.024804
71.84,-0.0215222,0.0278069
71.86,0.00122207,0.0134944
71.88,-0.00476623,0.00968194
71.9,-0.00996701,0.016688
71.92,0.00309773,0.0188407
71.94,0.00700244,0.020047
71.96,0.00613736,0.0213132
71.98,0.0111612,0.0223153
72,0.0126449,0.0240935
72.02,0.0140142,0.0245949
72.04,0.00105707,0.0175259
72.06,-0.0163416,0.00212208
72.08,-0.0373964,-0.0194716
72.1,-0.0227424,-0.016199
72.12,-0.00553367,-0.00420158
72.14,-0.0110648,-0.00873802
72.16,-0.00796118,-0.0154534
72.18,0.0022506,-0.0149441
72.2,0.00162075,-0.0158659
72.22,0.00461218,-0.0157166
72.24,0.00759149,-0.0175858
72.26,0.00959181,-0.0178403
72.28,0.00288986,-0.0127281
72.3,-0.0123806,0.000737784
72.32,-0.0206863,0.0152522
72.34,-0.000406405,0.00879453
72.36,-0.00121476,0.00418721
72.38,-0.00476698,0.010351
72.4,0.00722362,0.0148749
72.42,0.0100789,0.0172364
72.44,0.0100771,0.0177913
72.46,0.0174343,0.0220469
72.48,0.0189919,0.0246074
72.5,0.0272556,0.0285701
72.52,0.0150642,0.0286248
72.54,0.00296417,0.0187714
72.56,-0.0122424,0.00214614
72.58,-0.0305265,-0.0175468
72.6,-0.0280165,-0.020034
72.62,-0.00756968,-0.0113871
72.64,-0.00393983,-0.017795
72.66,-0.00159976,-0.0245286
72.68,0.00612926,-0.0217944
72.7,0.00430579,-0.0221173
72.72,0.00560244,-0.0219107
72.74,0.0137169,-0.0244903
72.76,0.0175108,-0.0284751
72.78,0.00505488,-0.0182931
72.8,-0.00983655,-0.00406953
72.82,-0.0312031,0.0171414
72.84,-0.0151416,0.0157338
72.86,0.00266873,0.00570821
72.88,-0.00327846,0.00637447
72.9,-0.00559238,0.0133444
72.92,0.00745532,0.0166392
72.94,0.0106842,0.0195158
72.96,0.01215,0.0215165
72.98,0.0187954,0.0251632
73,0.0258303,0.0298455
73.02,0.0152548,0.0265611
73.04,0.00703747,0.0191392
73.06,-0.00721628,0.00324589
73.08,-0.0262296,-0.0170028
73.1,-0.0288557,-0.025152
73.12,-0.00772761,-0.0152966
73.14,-0.00156426,-0.0163433
73.16,-0.000167115,-0.0259732
73.18,0.010214,-0.0265458
73.2,0.00933512,-0.0266617
73.22,0.0137864,-0.0276222
73.24,0.017205,-0.0299327
73.26,0.0253207,-0.0339697
73.28,0.0111641,-0.0238329
73.3,-0.0058558,-0.00657167
73.32,-0.0302152,0.0175892
73.34,-0.0262671,0.0280065
73.36,-0.00440595,0.0160144
73.38,-0.00382559,0.00774796
73.4,-0.00932858,0.0119451
73.42,-0.00144642,0.017774
73.44,0.00723163,0.0171393
73.46,0.00363768,0.0192444
73.48,0.00816585,0.0201952
73.5,0.0142064,0.0225682
73.52,0.021363,0.0289062
73.54,0.00688054,0.0230101
73.56,-0.011064,0.00702944
73.58,-0.0330705,-0.0148338
73.6,-0.0263715,-0.0175023
73.62,-0.0029488,-0.00910961
73.64,-0.0096622,-0.0106889
73.66,-0.00947275,-0.014595
73.68,-7.73602e-05,-0.0147587
73.7,0.00449085,-0.0171952
73.72,0.00569902,-0.0181373
73.74,0.00741655,-0.0172226
73.76,0.00675761,-0.0168508
73.78,0.0107409,-0.0176044
73.8,-0.00220264,-0.00744283
73.82,-0.0218295,0.00990175
73.84,-0.0150229,0.0137622
73.86,-0.00143671,0.00285935
73.88,-0.00776267,-0.000922087
73.9,-0.0125895,0.00456038
73.92,-0.000599941,0.00682363
73.94,-0.00293532,0.00593654
73.96,-0.00636749,0.00449536
73.98,-0.00156581,0.00301392
74,-0.0113599,-0.000809729
74.02,-0.0086906,-0.00163315
74.04,-0.000986143,0.00316802
74.06,-0.00680205,-0.000567607
74.08,-0.00544198,-0.00216188
74.1,-0.00363028,0.00057663
74.12,-0.00548907,0.000561024
74.14,-0.00294497,-0.00113527
74.16,-0.00357942,0.000441567
74.18,-0.00306156,-0.000243485
74.2,-0.0030533,2.83276e-05
74.22,-0.00248261,7.51104e-06
74.24,-0.00224682,-0.000179642
74.26,-0.00213264,-6.98098e-05
74.28,-0.00195371,-8.77333e-05
74.3,-0.00172533,-3.85498e-05
74.32,-0.00152773,-2.91127e-05
74.34,-0.00141795,-6.15898e-05
74.36,-0.00129928,-7.80157e-05
74.38,-0.00115901,-7.57159e-05
74.4,-0.00104014,-6.41013e-05
74.42,-0.000945385,-5.15155e-05
74.44,-0.000859825,-5.07455e-05
74.46,-0.000773335,-5.9756e-05
74.48,-0.000690803,-6.36102e-05
74.5,-0.000627408,-6.55274e-05
74.52,-0.000564888,-5.77998e-05
74.54,-0.000510639,-5.44254e-05
74.56,-0.000456905,-5.33794e-05
74.58,-0.000408528,-5.35781e-05
74.6,-0.000370821,-5.68936e-05
74.62,-0.000332215,-5.35326e-05
74.64,-0.000298415,-5.06748e-05
74.66,-0.000266024,-4.79527e-05
74.68,-0.000239002,-4.59612e-05
74.7,-0.000214389,-4.62432e-05
74.72,-0.00019113,-4.47769e-05
74.74,-0.000171204,-4.32364e-05
74.76,-0.00015345,-4.17505e-05
74.78,-0.000134587,-3.75875e-05
74.8,-0.000121999,-3.8908e-05
74.82,-0.000106237,-3.63391e-05
74.84,-9.49045e-05,-3.52456e-05
74.86,-8.37122e-05,-3.45703e-05
74.88,-7.32678e-05,-3.24072e-05
74.9,-6.15779e-05,-3.45762e-05
74.92,-4.88095e-05,-3.30169e-05
74.94,-4.07937e-05,-3.63192e-05
74.96,-3.19514e-05,-3.76034e-05
74.98,-2.6154e-05,-3.68259e-05
75,-1.89675e-05,-3.67482e-05
75.02,-1.31342e-05,-3.46157e-05
75.04,-7.70689e-06,-3.50134e-05
75.06,-3.09142e-06,-3.41294e-05
75.08,-8.44838e-07,-3.53523e-05
75.1,4.40978e-06,-3.36246e-05
75.12,6.07708e-06,-3.28097e-05
75.14,9.81269e-06,-3.14121e-05
75.16,1.16171e-05,-3.02909e-05
75.18,1.38067e-05,-3.04535e-05
75.2,1.61855e-05,-2.88093e-05
75.22,1.77064e-05,-2.86976e-05
75.24,2.00274e-05,-2.67007e-05
75.26,1.91134e-05,-2.72613e-05
75.28,2.29262e-05,-2.44849e-05
75.3,2.09515e-05,-2.56156e-05
75.32,2.37053e-05,-2.43396e-05
75.34,2.26535e-05,-2.28483e-05
75.36,2.46401e-05,-2.17225e-05
75.379,2.37177e-05,-2.09389e-05
75.4,2.44794e-05,-2.03906e-05
75.42,2.46384e-05,-1.8611e-05
75.44,2.40064e-05,-1.88824e-05
75.46,2.56019e-05,-1.66106e-05
75.48,2.29861e-05,-1.79788e-05
75.5,2.61935e-05,-1.51425e-05
75.52,2.32978e-05,-1.61632e-05
75.54,2.65196e-05,-1.33811e-05
75.56,2.27231e-05,-1.45902e-05
75.58,2.52173e-05,-1.28281e-05
75.6,2.30438e-05,-1.3597e-05
75.62,2.47102e-05,-1.25638e-05
75.64,2.35843e-05,-1.18958e-05
75.66,2.42803e-05,-1.15425e-05
75.68,2.3475e-05,-1.12319e-05
75.7,2.43117e-05,-1.05053e-05
75.72,2.31334e-05,-1.03548e-05
75.74,2.28433e-05,-1.03129e-05
75.76,2.32998e-05,-9.35219e-06
75.78,2.27001e-05,-9.65248e-06
75.8,2.33362e-05,-8.4427e-06
75.82,2.25865e-05,-8.54824e-06
75.84,2.31683e-05,-7.85526e-06
75.86,2.24203e-05,-7.72586e-06
75.88,2.32983e-05,-7.10558e-06
75.9,2.10333e-05,-7.96842e-06
75.92,2.33791e-05,-5.94234e-06
75.94,2.05886e-05,-6.95297e-06
75.96,2.30918e-05,-4.95279e-06
75.98,2.06033e-05,-6.58596e-06
76,2.32165e-05,-4.71356e-06
76.02,1.99258e-05,-5.80631e-06
76.04,2.30113e-05,-3.91852e-06
76.06,1.99722e-05,-5.44888e-06
76.08,2.2928e-05,-3.63809e-06
76.1,1.97916e-05,-4.79817e-06
76.12,2.18123e-05,-3.87627e-06
76.14,2.04723e-05,-3.44752e-06
76.16,2.09471e-05,-3.81465e-06
76.18,2.0454e-05,-3.06269e-06
76.2,2.02412e-05,-3.21886e-06
76.22,1.94967e-05,-3.63458e-06
76.24,2.06637e-05,-2.23288e-06
76.26,1.89597e-05,-3.35893e-06
76.28,2.08527e-05,-1.85232e-06
76.3,1.84998e-05,-2.90586e-06
76.32,2.05176e-05,-1.92537e-06
76.34,1.8116e-05,-2.4724e-06
76.36,2.01275e-05,-1.24062e-06
76.38,1.81512e-05,-2.42608e-06
76.4,1.98248e-05,-1.23205e-06
76.42,1.81647e-05,-1.74758e-06
76.44,1.94833e-05,-5.8099e-07
76.46,1.79908e-05,-1.51026e-06
76.48,1.9018e-05,-6.86671e-08
76.5,1.62068e-05,-2.1815e-08
76.52,1.81127e-05,7.24263e-07
76.54,1.84496e-05,7.78755e-07
76.56,1.95495e-05,5.48437e-07
76.58,1.73308e-05,-1.40534e-06
76.6,1.98027e-05,5.68472e-07
76.62,1.70868e-05,-1.2371e-06
76.64,2.01992e-05,1.09125e-06
76.66,1.7233e-05,-1.1861e-06
76.68,1.93599e-05,5.33932e-07
76.7,1.64211e-05,-1.70572e-06
76.72,1.98929e-05,1.03452e-06
76.74,1.64753e-05,-1.48851e-06
76.76,1.96648e-05,1.02054e-06
76.78,1.63705e-05,-8.39022e-07
76.8,1.98402e-05,6.40636e-07
76.82,1.62448e-05,-4.30181e-07
76.84,2.00538e-05,1.18265e-06
76.86,1.71058e-05,7.05656e-08
76.88,1.93894e-05,1.49935e-06
76.9,1.75885e-05,3.49667e-07
76.92,1.88055e-05,1.28247e-06
76.94,1.77632e-05,4.19265e-07
76.96,1.87995e-05,1.28971e-06
76.98,1.77041e-05,8.94445e-07
77,1.85757e-05,1.305e-06
77.02,1.76916e-05,8.46867e-07
77.04,1.91511e-05,2.18651e-06
77.06,1.83081e-05,1.98623e-06
77.08,1.80833e-05,8.68899e-07
77.1,1.85731e-05,2.24698e-06
77.12,1.72001e-05,1.16416e-06
77.14,1.81754e-05,2.44452e-06
77.16,1.74475e-05,1.09038e-06
77.18,1.80326e-05,2.15694e-06
77.2,1.71291e-05,1.75597e-06
77.22,1.78591e-05,2.65207e-06
77.24,1.7808e-05,2.30028e-06
77.26,1.83251e-05,2.85103e-06
77.28,1.63778e-05,1.31371e-06
77.3,1.86732e-05,3.40412e-06
77.32,1.56292e-05,1.0282e-06
77.34,1.85388e-05,3.52394e-06
77.36,1.55488e-05,1.9765e-06
77.38,1.88614e-05,3.80638e-06
77.4,1.61084e-05,2.16577e-06
77.42,1.76359e-05,3.35018e-06
77.44,1.65073e-05,2.58965e-06
77.46,1.75088e-05,3.11587e-06
77.48,1.63503e-05,2.90738e-06
77.5,1.74044e-05,3.89768e-06
77.52,1.72149e-05,3.78586e-06
77.54,1.67821e-05,2.61514e-06
77.56,1.7242e-05,3.82009e-06
77.58,1.66305e-05,2.99721e-06
77.6,1.73803e-05,3.60704e-06
77.62,1.69638e-05,3.87424e-06
77.64,1.78778e-05,4.35163e-06
77.66,1.54817e-05,2.42974e-06
77.68,1.78766e-05,4.89511e-06
77.7,1.52965e-05,2.13806e-06
77.72,1.85757e-05,5.1457e-06
77.74,1.55928e-05,3.10244e-06
77.76,1.7288e-05,4.16777e-06
77.78,1.61856e-05,2.86697e-06
77.8,1.68248e-05,3.15054e-06
77.82,1.61044e-05,2.9678e-06
77.84,1.73834e-05,3.78454e-06
