27.3,-0.00467846,0.000742679
27.32,-0.00483244,0.00853132
27.34,-0.00520242,0.00704313
27.36,-0.0049055,0.00280519
27.38,-0.00461328,0.000144521
27.4,-0.0047747,0.00241199
27.42,-0.00476926,0.000682143
27.44,-0.00474006,0.00103802
27.46,-0.00457363,0.00500592
27.48,-0.00343925,0.00957206
27.5,-0.00341889,0.0102322
27.52,-0.00344067,0.0105862
27.54,-0.00348549,0.0107415
27.56,-0.00358087,0.0113143
27.58,-0.00243413,0.0155536
27.6,-0.00680051,0.016183
27.62,-0.00158106,0.0131756
27.64,-0.00295101,0.0130517
27.66,-0.00804583,0.0103986
27.68,-0.00815877,0.0104526
27.7,-0.00143404,0.00763598
27.72,-0.00112342,0.00571326
27.74,-0.00422405,0.00236555
27.76,-0.00692407,-0.00246262
27.78,-0.00747436,-0.00223311
27.8,-0.0097532,-0.00529148
27.82,-0.00749268,-0.00388702
27.84,-0.00188323,-0.000347729
27.86,-0.000630004,0.00216907
27.88,-0.000665492,0.000813357
27.9,-0.000931426,0.000253812
27.92,-0.000918175,-0.000381152
27.94,-0.000756226,-9.92097e-05
27.96,-0.000771982,0.000524189
27.98,-0.00089733,0.000887904
28,-0.000929391,0.000765997
28.02,-0.000891726,0.000429098
28.04,-0.000866322,0.000249757
28.06,-0.000877046,0.000380666
28.08,-0.000919219,0.000668804
28.1,-0.000923656,0.000836626
28.12,-0.000923402,0.000804416
28.14,-0.000936822,0.000701491
28.16,-0.000939763,0.000669185
28.18,-0.000949653,0.000748317
28.2,-0.000961666,0.000898714
28.22,-0.000974003,0.000990307
28.24,-0.00098295,0.00100372
28.26,-0.000990468,0.000987903
28.28,-0.000998129,0.00100368
28.3,-0.00100638,0.0010704
28.32,-0.00101364,0.00115974
28.34,-0.00101902,0.0012255
28.36,-0.00102273,0.00125931
28.38,-0.00102616,0.00128212
28.4,-0.00102877,0.00131842
28.42,-0.00103072,0.00137519
28.44,-0.00103367,0.00143914
28.46,-0.00103632,0.00149371
28.48,-0.00103304,0.00153308
28.5,-0.00103111,0.00157182
28.52,-0.0010305,0.001615
28.54,-0.00105139,0.00164592
28.56,-0.00106915,0.00167721
28.58,-0.00108978,0.00170001
28.6,-0.00110973,0.00171862
28.62,-0.00112756,0.00173856
28.64,-0.00114676,0.00176186
28.66,-0.00116614,0.00178754
28.68,-0.00118391,0.00181308
28.7,-0.00120149,0.00183587
28.72,-0.00121997,0.00185656
28.74,-0.00123925,0.00187675
28.76,-0.00125616,0.00189952
28.78,-0.0012738,0.00192303
28.8,-0.00129123,0.00194568
28.82,-0.00130617,0.00196718
28.84,-0.00132101,0.00199028
28.86,-0.00134072,0.00201052
28.88,-0.00135479,0.00203135
28.9,-0.00137057,0.00205227
28.92,-0.001385,0.00207473
28.94,-0.00140079,0.00209549
28.96,-0.00141622,0.00211568
28.98,-0.00143032,0.00213708
29,-0.00144381,0.00215853
29.02,-0.00146,0.002178
29.04,-0.00147435,0.00219895
29.06,-0.00148806,0.00221979
29.08,-0.00150019,0.00224123
29.1,-0.0015058,0.00225318
29.12,-0.00149876,0.00225325
29.14,-0.00148974,0.00225469
29.16,-0.00148144,0.00225539
29.18,-0.00148417,0.00225463
29.2,-0.00148221,0.0022619
29.22,-0.00147078,0.00226648
29.24,-0.00145922,0.00226744
29.26,-0.0014537,0.00226565
29.28,-0.00144878,0.00226527
29.3,-0.00144021,0.00226867
29.32,-0.00143008,0.00227295
29.34,-0.00142334,0.0022753
29.36,-0.00141664,0.0022763
29.38,-0.00141004,0.00227612
29.4,-0.001401,0.00227855
29.42,-0.00139353,0.00228002
29.44,-0.00138608,0.00228254
29.46,-0.0013777,0.00228562
29.48,-0.00137013,0.00228781
29.5,-0.00136311,0.00228899
29.52,-0.00135537,0.00229048
29.54,-0.00134735,0.00229277
29.56,-0.00133914,0.00229483
29.58,-0.00133187,0.00229642
29.6,-0.00132442,0.0022984
29.62,-0.00131667,0.00230051
29.64,-0.00130897,0.00230135
29.66,-0.00130193,0.00230267
29.68,-0.00129428,0.00230441
29.7,-0.00128632,0.00230664
29.72,-0.00127829,0.00230856
29.74,-0.00127126,0.00230969
29.76,-0.00126352,0.00231192
29.78,-0.00125575,0.00231395
29.8,-0.00124758,0.00231571
29.82,-0.00124014,0.00231721
29.84,-0.00123244,0.00231913
29.86,-0.0012243,0.00232079
29.88,-0.00121691,0.00232239
29.9,-0.00120965,0.00232442
29.92,-0.00120198,0.0023262
29.94,-0.00119441,0.00232838
29.96,-0.00118631,0.0023304
29.98,-0.00117922,0.00233153
30,-0.00117127,0.002333
30.02,-0.00116303,0.00233525
30.04,-0.0011553,0.00233704
30.06,-0.00114824,0.00233855
30.08,-0.00114067,0.00234035
30.1,-0.00113304,0.00234222
30.12,-0.00112564,0.00234401
30.14,-0.00111854,0.0023456
30.16,-0.00111087,0.00234744
30.18,-0.00110279,0.00234972
30.2,-0.00109461,0.0023519
30.22,-0.00108792,0.0023535
30.24,-0.00108036,0.00235544
30.26,-0.00107329,0.00235699
30.28,-0.00106443,0.00235982
30.3,-0.00105743,0.0023607
30.32,-0.00104973,0.00236224
30.34,-0.00104285,0.00236328
30.36,-0.00103433,0.00236617
30.38,-0.00102656,0.00236751
30.4,-0.00101858,0.00236941
30.42,-0.00101244,0.0023705
30.44,-0.00100566,0.00237489
30.46,-0.000999079,0.00237947
30.48,-0.000991687,0.00238389
30.5,-0.000984713,0.00238486
30.52,-0.000975473,0.00238538
30.54,-0.000968799,0.00238485
30.56,-0.000962677,0.00238594
30.58,-0.000954411,0.0023892
30.6,-0.000945563,0.00239289
30.62,-0.000938716,0.00239424
30.64,-0.000932686,0.00239441
30.66,-0.000924748,0.00239581
30.68,-0.000916312,0.00239853
30.7,-0.000909071,0.00240005
30.72,-0.000903123,0.00240114
30.74,-0.000895459,0.00240342
30.76,-0.00088686,0.00240619
30.78,-0.000881053,0.00240662
30.8,-0.000873389,0.00240873
30.82,-0.000865468,0.00241071
30.84,-0.000856423,0.00241353
30.86,-0.000850641,0.00241398
30.88,-0.000848279,0.00241233
30.9,-0.000841115,0.00241785
30.92,-0.000832623,0.00242207
30.94,-0.000828321,0.00241991
30.96,-0.00082165,0.00241851
30.98,-0.000814997,0.00241848
31,-0.000809296,0.00241923
31.02,-0.00080362,0.00242051
31.04,-0.000797083,0.00242257
31.06,-0.000789793,0.00242353
31.08,-0.000783799,0.0024232
31.1,-0.000778201,0.00242309
31.12,-0.000770793,0.00242462
31.14,-0.000763409,0.00242632
31.16,-0.00075857,0.00242668
31.18,-0.000752522,0.00242714
31.2,-0.000745223,0.00242785
31.22,-0.00073811,0.00242939
31.24,-0.000732772,0.002429
31.26,-0.000726585,0.00243034
31.28,-0.000719795,0.00243108
31.3,-0.000713075,0.00243192
31.32,-0.000707751,0.00243225
31.34,-0.000701213,0.00243284
31.36,-0.000694162,0.00243372
31.38,-0.000687654,0.00243446
31.4,-0.00068181,0.00243472
31.42,-0.000675415,0.00243539
31.44,-0.000669853,0.00243565
31.46,-0.000662243,0.00243664
31.48,-0.000656599,0.00243715
31.5,-0.000651075,0.0024368
31.52,-0.000643953,0.00243798
31.54,-0.0006364,0.0024395
31.56,-0.000629908,0.00243982
31.58,-0.000624795,0.00243945
31.6,-0.000618035,0.00244041
31.62,-0.00061045,0.00244212
31.64,-0.00060562,0.00244183
31.66,-0.000599143,0.00244267
31.68,-0.000592215,0.00244298
31.7,-0.000585978,0.00244333
31.72,-0.00057992,0.00244376
31.74,-0.000573359,0.00244402
31.76,-0.000566154,0.00244532
31.78,-0.000560325,0.00244538
31.8,-0.000554208,0.00244548
31.82,-0.00054785,0.0024464
31.84,-0.000540154,0.00244826
31.86,-0.00053497,0.00244848
31.88,-0.000529654,0.00244866
31.9,-0.000522835,0.00244937
31.92,-0.00051542,0.00245053
31.94,-0.000510467,0.00245037
31.96,-0.00050428,0.00245089
31.98,-0.000497955,0.00245174
32,-0.000491545,0.00245265
32.02,-0.000485883,0.00245282
32.04,-0.000479501,0.00245362
32.06,-0.000472745,0.00245457
32.08,-0.000466142,0.00245487
32.1,-0.000460515,0.0024554
32.12,-0.000454417,0.00245583
32.14,-0.000448962,0.00245586
32.16,-0.000441505,0.00245705
32.18,-0.000436043,0.00245745
32.2,-0.000431016,0.00245759
32.22,-0.000424076,0.00245841
32.24,-0.000416622,0.00246016
32.26,-0.000412118,0.00245953
32.28,-0.000405214,0.00245991
32.3,-0.000398212,0.00246104
32.32,-0.000390602,0.0024626
32.34,-0.000386064,0.002462
32.36,-0.000379834,0.00246252
32.38,-0.000372777,0.00246323
32.4,-0.000366583,0.00246389
32.42,-0.000360604,0.00246382
32.44,-0.000354131,0.0024645
32.46,-0.00034681,0.00246628
32.48,-0.000341083,0.00246667
32.5,-0.000335765,0.00246668
32.52,-0.000328989,0.00246726
32.54,-0.000321652,0.00246851
32.56,-0.000316322,0.00246813
32.58,-0.000310161,0.00246887
32.6,-0.000303431,0.00246957
32.62,-0.000296724,0.0024706
32.64,-0.000291177,0.00247061
32.66,-0.000285668,0.00247095
32.68,-0.000279167,0.00247223
32.7,-0.000273171,0.00247302
32.72,-0.000267064,0.00247314
32.74,-0.000260687,0.00247411
32.76,-0.000255558,0.002474
32.78,-0.000248221,0.00247574
32.8,-0.000242248,0.00247548
32.82,-0.000237181,0.00247567
32.84,-0.000230264,0.0024766
32.86,-0.000223343,0.00247795
32.88,-0.000218495,0.00247777
32.9,-0.000212085,0.00247857
32.92,-0.000205501,0.00247962
32.94,-0.000197863,0.00248129
32.96,-0.000193704,0.00248086
32.98,-0.000188122,0.00248168
33,-0.000181067,0.00248291
33.02,-0.000175471,0.00248288
33.04,-0.000170144,0.00248323
33.06,-0.000163615,0.00248415
33.08,-0.000156086,0.00248567
33.1,-0.00015061,0.00248543
33.12,-0.000145435,0.00248543
33.14,-0.000140334,0.00248595
33.16,-0.000134347,0.0024895
33.18,-0.000128676,0.00249008
33.2,-0.000121005,0.00249034
33.22,-0.000114279,0.00248984
33.24,-0.000107947,0.00249024
33.26,-0.000102283,0.00249076
33.28,-9.57203e-05,0.00249177
33.3,-8.97812e-05,0.00249253
33.32,-8.19887e-05,0.00249472
33.34,-7.61515e-05,0.00249486
33.36,-6.93772e-05,0.00249505
33.38,-6.37869e-05,0.00249502
33.4,-5.91572e-05,0.00249917
33.42,-5.39981e-05,0.00250284
33.44,-4.87948e-05,0.00250457
33.46,-4.1965e-05,0.00250565
33.48,-3.48758e-05,0.00250638
33.5,-3.08014e-05,0.00250566
33.52,-2.45251e-05,0.00250799
33.54,-1.79456e-05,0.00251087
33.56,-1.04654e-05,0.00251328
33.58,-6.41837e-06,0.00251283
33.6,-6.64688e-07,0.00251347
33.62,5.67639e-06,0.0025148
33.64,1.15472e-05,0.00251627
33.66,1.72607e-05,0.00251713
33.68,2.36202e-05,0.00251878
33.7,3.02014e-05,0.00252096
33.72,3.4766e-05,0.00252126
33.74,4.0589e-05,0.00252198
33.76,4.69126e-05,0.00252342
33.78,5.32696e-05,0.00252474
33.8,5.8737e-05,0.00252584
33.82,6.51243e-05,0.00252746
33.84,7.0269e-05,0.00252781
33.86,7.7553e-05,0.00253014
33.88,8.29443e-05,0.00253076
33.9,8.88581e-05,0.00253221
33.92,9.42502e-05,0.00253279
33.94,0.000101261,0.002535
33.96,0.000107347,0.00253608
33.98,0.000111873,0.00253649
34,0.000118023,0.00253805
34.02,0.000125166,0.00254054
34.04,0.000129212,0.00254018
34.06,0.000135083,0.00254176
34.08,0.000141387,0.00254342
34.1,0.000147019,0.00254451
34.12,0.000152501,0.00254552
34.14,0.000158541,0.00254654
34.16,0.000165481,0.00254829
34.18,0.000169974,0.00254874
34.2,0.000176019,0.00254998
34.22,0.000182637,0.00255164
34.24,0.000189766,0.00255369
34.26,0.00019428,0.00255435
34.28,0.000200049,0.00255582
34.3,0.000206388,0.00255723
34.32,0.0002124,0.00255891
34.34,0.000217971,0.00255951
34.36,0.000224027,0.00256088
34.38,0.000229689,0.00256115
34.4,0.000236698,0.00256331
34.42,0.000241845,0.00256448
34.44,0.000246787,0.00256454
34.46,0.000253359,0.00256612
34.48,0.000260115,0.00256809
34.5,0.000263786,0.00256827
34.52,0.00027,0.00256922
34.54,0.000276619,0.00257084
34.56,0.000282229,0.00257231
34.58,0.000287667,0.00257312
34.6,0.000293948,0.00257463
34.62,0.000300959,0.0025769
34.64,0.000305968,0.00257704
34.66,0.000312106,0.00257819
34.68,0.000318739,0.00257943
34.7,0.00032519,0.00258069
34.72,0.00033023,0.00258177
34.74,0.000335393,0.00258308
34.76,0.000340498,0.00258367
34.78,0.000347799,0.00258571
34.8,0.000353413,0.00258626
34.82,0.00035849,0.00258651
34.84,0.000364611,0.00258842
34.86,0.000371558,0.00259068
34.88,0.000375537,0.00259065
34.9,0.00038182,0.00259159
34.92,0.000387928,0.00259317
34.94,0.00039487,0.00259544
34.96,0.000398457,0.00259506
34.98,0.000404292,0.00259637
35,0.000409599,0.00259659
35.02,0.00041169,0.00259358
35.04,0.000412789,0.00259093
35.06,0.000415108,0.00258885
35.08,0.000418359,0.00258748
35.1,0.000419072,0.0025841
35.12,0.000420909,0.00258265
35.14,0.000423713,0.00258125
35.16,0.000426114,0.00257911
35.18,0.000427473,0.00257668
35.2,0.000428471,0.0025734
35.22,0.000431611,0.00257152
35.24,0.000434849,0.00257062
35.26,0.000435413,0.00256722
35.28,0.000437171,0.00256539
35.3,0.000439749,0.00256351
35.32,0.000441327,0.00256098
35.34,0.000442666,0.00255876
35.36,0.000445065,0.00255704
35.38,0.000447443,0.00255594
35.4,0.000448052,0.00255286
35.42,0.000450295,0.00255064
35.44,0.000451542,0.00254891
35.46,0.000453832,0.00254693
35.48,0.000455721,0.0025445
35.5,0.00045751,0.00254223
35.52,0.00045894,0.00253968
35.54,0.000462117,0.00253845
35.56,0.000463649,0.00253615
35.58,0.000464752,0.00253317
35.6,0.000466993,0.00253132
35.62,0.000470072,0.00253031
35.64,0.00047049,0.00252704
35.66,0.000472144,0.00252474
35.68,0.000474982,0.00252317
35.7,0.000476846,0.00252089
35.72,0.000478569,0.00251821
35.74,0.000480803,0.00251624
35.76,0.000483992,0.0025145
35.78,0.000484912,0.00251156
35.8,0.000486164,0.0025088
35.82,0.000488466,0.00250709
35.84,0.000491388,0.00250555
35.86,0.000492161,0.00250216
35.88,0.000493832,0.00249995
35.9,0.000496079,0.00249838
35.92,0.000498261,0.00249629
35.94,0.000499753,0.00249397
35.96,0.000501722,0.00249185
35.98,0.000503301,0.00248874
36,0.000506769,0.00248795
36.02,0.000507784,0.00248605
36.04,0.000508331,0.00248305
36.06,0.000511259,0.00248146
36.08,0.000514535,0.00247987
36.1,0.000515208,0.00247645
36.12,0.000517389,0.00247408
36.14,0.000520027,0.00247234
36.16,0.000522127,0.00247023
36.18,0.000524041,0.00246818
36.2,0.000526339,0.00246571
36.22,0.000529336,0.00246429
36.24,0.00053058,0.00246166
36.26,0.000532062,0.00245888
36.28,0.000534618,0.0024574
36.3,0.000537212,0.00245652
36.32,0.000537934,0.00245338
36.34,0.00053981,0.00245122
36.36,0.000542264,0.00244921
36.38,0.000544614,0.00244708
36.4,0.000545739,0.00244473
36.42,0.000548174,0.00244288
36.44,0.000550654,0.00244084
36.46,0.000552795,0.00243865
36.48,0.000554489,0.00243638
36.5,0.000556485,0.0024345
36.52,0.000557973,0.00243222
36.54,0.000561216,0.00243065
36.56,0.00056224,0.00242794
36.58,0.000564197,0.00242608
36.6,0.000565466,0.00242306
36.62,0.00056882,0.00242168
36.64,0.000570231,0.00241926
36.66,0.000571239,0.00241612
36.68,0.000573709,0.00241437
36.7,0.000576707,0.00241255
36.72,0.000578526,0.00241046
36.74,0.000579301,0.00240727
36.76,0.000582456,0.00240537
36.78,0.000585736,0.00240396
36.8,0.000586018,0.00240029
36.82,0.000587425,0.00239895
36.84,0.000589728,0.00239816
36.86,0.000592794,0.00239784
36.88,0.00059315,0.00239418
36.9,0.000595292,0.0023918
36.92,0.000597177,0.00238952
36.94,0.000600801,0.00238835
36.96,0.000600677,0.002385
36.98,0.000602536,0.00238322
37,0.000605254,0.0023815
37.02,0.000608528,0.00237995
37.04,0.000608714,0.0023762
37.06,0.000610926,0.00237422
37.08,0.000613192,0.00237276
37.1,0.000616912,0.00237157
37.12,0.000616805,0.00236775
37.14,0.000618871,0.00236548
37.16,0.000621717,0.00236346
37.18,0.000625076,0.0023623
37.2,0.000624643,0.00235887
37.22,0.000626382,0.00235664
37.24,0.000629018,0.00235471
37.26,0.000632189,0.00235372
37.28,0.000631793,0.0023497
37.3,0.000633843,0.00234795
37.32,0.000636525,0.00234599
37.34,0.000640397,0.0023448
37.36,0.000640283,0.00234074
37.38,0.000642056,0.00233873
37.4,0.000644622,0.00233685
37.42,0.000648011,0.00233583
37.44,0.000648172,0.00233243
37.46,0.000650178,0.00232991
37.48,0.000652747,0.002328
37.5,0.000655619,0.00232687
37.52,0.000657151,0.00232492
37.54,0.000657606,0.00232115
37.56,0.00066028,0.00231941
37.58,0.000663102,0.00231843
37.6,0.000664686,0.00231589
37.62,0.000665267,0.00231305
37.64,0.000666963,0.00231134
37.66,0.000670081,0.00230979
37.68,0.000671241,0.00230712
37.7,0.000672748,0.00230487
37.72,0.000673676,0.00230222
37.74,0.000677005,0.00230108
37.76,0.000678456,0.00229836
37.78,0.000680395,0.00229584
37.8,0.00068274,0.00229434
37.82,0.000684988,0.00229228
37.84,0.000686505,0.00228933
37.86,0.000688093,0.00228717
37.88,0.000690366,0.00228525
37.9,0.000692963,0.00228457
37.92,0.000693887,0.00228112
37.94,0.000695557,0.00227889
37.96,0.000698096,0.00227745
37.98,0.000701342,0.00227588
38,0.000702517,0.00227359
38.02,0.000703518,0.0022704
38.04,0.000705487,0.00226838
38.06,0.000708128,0.00226658
38.08,0.000711329,0.00226512
38.1,0.000710956,0.00226156
38.12,0.000712982,0.00225951
38.14,0.000715672,0.00225766
38.16,0.000718323,0.00225684
38.18,0.000719859,0.00225428
38.2,0.000720358,0.00225073
38.22,0.000722898,0.00224864
38.24,0.000726259,0.00224735
38.26,0.000727463,0.00224491
38.28,0.000729286,0.00224246
38.3,0.000731311,0.00224025
38.32,0.000733432,0.00223785
38.34,0.000734332,0.00223509
38.36,0.000735924,0.00223266
38.38,0.000738371,0.00223017
38.4,0.000741575,0.00222861
38.42,0.000741796,0.00222582
38.44,0.000743612,0.00222358
38.46,0.000745517,0.00222156
38.48,0.000747961,0.00222027
38.5,0.00074948,0.00221758
38.52,0.000751091,0.00221513
38.54,0.000753331,0.00221299
38.56,0.000755768,0.00221086
38.58,0.000759201,0.00220931
38.6,0.000760847,0.00220703
38.62,0.000762521,0.00220473
38.64,0.000763218,0.00220167
38.66,0.000766436,0.0022001
38.68,0.00076783,0.00219723
38.7,0.00076974,0.00219507
38.72,0.000771874,0.0021933
38.74,0.000775035,0.0021919
38.76,0.000775628,0.00218888
38.78,0.000776769,0.00218592
38.8,0.000778368,0.00218377
38.82,0.000780716,0.00218212
38.84,0.000783871,0.0021808
38.86,0.000783556,0.00217705
38.88,0.000785472,0.0021751
38.9,0.00078794,0.00217289
38.92,0.000791096,0.00217135
38.94,0.000792287,0.00216854
38.96,0.00079366,0.0021666
38.98,0.000796375,0.00216478
39,0.00079961,0.0021633
39.02,0.00080013,0.00216048
39.04,0.000801589,0.00215759
39.06,0.000803747,0.00215592
39.08,0.000805927,0.00215416
39.1,0.000809607,0.00215345
39.12,0.000811332,0.00215111
39.14,0.000811302,0.00214776
39.16,0.000813698,0.00214622
39.18,0.000816805,0.00214499
39.2,0.000818343,0.00214209
39.22,0.000819875,0.00213978
39.24,0.000821934,0.00213795
39.26,0.000824612,0.00213681
39.28,0.000826051,0.00213404
39.3,0.000827682,0.00213152
39.32,0.000829677,0.00212934
39.34,0.000831696,0.00212799
39.36,0.000835202,0.00212673
39.38,0.000836705,0.00212432
39.4,0.000838286,0.00212204
39.42,0.000840345,0.00212037
39.44,0.000843271,0.00211881
39.46,0.000844365,0.00211615
39.48,0.00084595,0.0021137
39.5,0.000847558,0.0021114
39.52,0.000849899,0.00210977
39.54,0.000852269,0.00210883
39.56,0.000853732,0.00210602
39.58,0.000855654,0.00210384
39.6,0.000858161,0.00210192
39.62,0.000859392,0.00210158
39.64,0.000858735,0.00210071
39.66,0.000857798,0.00210051
39.68,0.00085807,0.00210071
39.7,0.000858225,0.00210105
39.72,0.00085914,0.00210138
39.74,0.000858399,0.00210118
39.76,0.000858015,0.00210122
39.78,0.00085813,0.00210172
39.8,0.000858678,0.00210247
39.82,0.000859739,0.00210354
39.84,0.000857435,0.00210191
39.86,0.00085758,0.00210155
39.88,0.000857899,0.00210172
39.9,0.000859197,0.00210217
39.92,0.000858527,0.0021016
39.94,0.000858862,0.00210131
39.96,0.000858886,0.00210126
39.98,0.000859434,0.00210174
40,0.000860699,0.0021023
40.02,0.0008601,0.00210179
40.04,0.000859969,0.00210137
40.06,0.00086017,0.00210179
40.08,0.000860538,0.00210265
40.1,0.000858897,0.00210132
40.12,0.000858659,0.00210152
40.14,0.000858676,0.00210163
40.16,0.000859326,0.00210183
40.18,0.000860045,0.00210238
40.2,0.000859293,0.00210167
40.22,0.000858629,0.0021014
40.24,0.000858363,0.00210136
40.26,0.000859024,0.00210209
40.28,0.000858217,0.00210145
40.3,0.000857711,0.0021008
40.32,0.000857625,0.0021008
40.34,0.00085805,0.00210061
40.36,0.000859479,0.00210137
40.38,0.000858532,0.00210082
40.4,0.000858714,0.00210053
40.42,0.000859006,0.00210066
40.44,0.000859219,0.00210111
40.46,0.000858342,0.00210054
40.48,0.000857961,0.00210007
40.5,0.000858173,0.00209984
40.52,0.00085869,0.00210065
40.54,0.000859555,0.002101
40.56,0.000858597,0.00210023
40.58,0.000858626,0.00210001
40.6,0.000859049,0.00210029
40.62,0.000859542,0.00210044
40.64,0.000860495,0.00210129
40.66,0.000859902,0.00210053
40.68,0.000859175,0.00210006
40.7,0.000859464,0.00209984
40.72,0.000860086,0.00209943
40.74,0.000859367,0.00209865
40.76,0.000859318,0.0020989
40.78,0.000859627,0.00209863
40.8,0.000859915,0.00209907
40.82,0.000861136,0.00210022
40.84,0.000860585,0.00209959
40.86,0.000860641,0.00209903
40.88,0.000860797,0.00209893
40.9,0.000861454,0.00209959
40.92,0.000860544,0.00209913
40.94,0.000859793,0.00209876
40.96,0.000859833,0.0020989
40.98,0.000859961,0.00209862
41,0.000861288,0.00209932
41.02,0.000860825,0.00209865
41.04,0.000860421,0.00209816
41.06,0.000860296,0.00209835
41.08,0.000860508,0.00209894
41.1,0.000859715,0.00209853
41.12,0.000859121,0.002098
41.14,0.00085912,0.00209786
41.16,0.000859499,0.00209804
41.18,0.000860213,0.00209859
41.2,0.000859412,0.00209777
41.22,0.000858937,0.00209744
41.24,0.0008589,0.00209742
41.26,0.000859452,0.00209802
41.28,0.00086062,0.00209936
41.3,0.000860398,0.00209911
41.32,0.000860536,0.00209923
41.34,0.000860779,0.00209908
41.36,0.000860734,0.00209907
41.38,0.000859963,0.00209842
41.4,0.000859488,0.0020982
41.42,0.000859343,0.00209827
41.44,0.000859549,0.00209869
41.46,0.000860773,0.00209951
41.48,0.000859719,0.00209906
41.5,0.000859955,0.00209876
41.52,0.000860246,0.00209896
41.54,0.000861206,0.00209923
41.56,0.000859935,0.00209853
41.58,0.000859231,0.00209837
41.6,0.000858995,0.00209845
41.62,0.000859235,0.00209865
41.64,0.000860247,0.00209954
41.66,0.000859458,0.00209864
41.68,0.000859455,0.00209885
41.7,0.000859471,0.00209898
41.72,0.000860314,0.00209995
41.74,0.000859856,0.00209951
41.76,0.000859218,0.00209887
41.78,0.000859112,0.00209869
41.8,0.000859232,0.00209887
41.82,0.00086007,0.0021002
41.84,0.00085922,0.00209989
41.86,0.000859113,0.00209916
41.88,0.000859901,0.00209912
41.9,0.000860073,0.0020997
41.92,0.000861524,0.00210047
41.94,0.000860902,0.00209983
41.96,0.000860421,0.00209967
41.98,0.000860404,0.00210015
42,0.000860629,0.00209968
42.02,0.000860068,0.00209908
42.04,0.000859763,0.00209861
42.06,0.000859892,0.00209889
42.08,0.000859805,0.00209968
42.1,-0.00132599,3.97619e-05
42.119,0.000145414,-0.000432521
42.14,-0.00707363,-0.00804198
42.16,-0.0198091,-0.0190771
42.18,-0.0307866,-0.0295612
42.2,-0.0311937,-0.0238009
42.22,-0.0243289,-0.0128427
42.24,-0.0116609,-0.00132335
42.26,-0.0145688,0.0061777
42.28,-0.0122142,0.00810757
42.3,-0.00801822,0.00681157
42.32,-0.00525102,0.00291531
42.34,0.00055481,-0.00148268
42.36,0.00744843,-0.00754643
42.38,0.0153387,-0.0156043
42.4,0.0243974,-0.0243925
42.42,0.0342224,-0.0337576
42.44,0.0452356,-0.0453668
42.46,0.0589761,-0.0592047
42.48,0.0488012,-0.0532816
42.5,0.0174744,-0.0377098
42.52,-0.0149465,-0.0240587
42.54,-0.036345,-0.0100193
42.56,-0.0162057,-0.0166705
42.58,-0.0183357,-0.0164119
42.6,-0.0193288,-0.0157793
42.62,-0.0191876,-0.0145504
42.64,-0.0201941,-0.0151513
42.66,-0.0226103,-0.0168408
42.68,-0.0259059,-0.0197889
42.7,-0.0306963,-0.0231747
42.72,-0.0329382,-0.0258185
42.74,-0.0122205,-0.0132663
42.76,0.0082345,-0.00293451
42.78,0.00183972,-0.00602467
42.8,0.00271318,-0.00394306
42.82,0.00307593,-0.00212238
42.84,-0.00105148,0.0016321
42.86,-0.00109306,0.00281238
42.88,-0.00206622,0.00103916
42.9,-0.000174828,-0.000320252
42.92,0.00128561,-0.00242649
42.94,0.00362813,-0.00421609
42.96,0.00920271,-0.0104448
42.98,0.0151756,-0.0154169
43,-0.00258818,-0.00191356
43.02,0.00157601,-0.00051323
43.04,0.00250375,-1.29802e-05
43.06,0.0029055,0.00170845
43.08,0.00622656,0.00625219
43.1,0.00921406,0.0100657
43.12,0.0126208,0.0135376
43.14,0.0168431,0.0160153
43.16,0.0187985,0.0175227
43.18,0.0197626,0.0191501
43.2,0.019152,0.0191206
43.22,0.0118957,0.0140216
43.24,-0.0020362,0.00203917
43.26,-0.00315682,0.0032076
43.28,-0.00820078,0.00611069
43.3,-0.0114959,0.0092208
43.32,-0.0142718,0.0124873
43.34,-0.0167534,0.0162365
43.36,-0.0198737,0.0188665
43.38,-0.0240432,0.0200154
43.4,-0.0257684,0.0205242
43.42,-0.0272365,0.0208251
43.443,-0.0274334,0.0197026
43.46,-0.0246035,0.0178829
43.48,-0.0133355,0.00734837
43.5,-0.00296872,-0.00354734
43.52,-0.00337955,-0.00189578
43.54,0.00121198,0.000879192
43.56,0.00244714,0.00421456
43.58,0.00757909,0.00791841
43.6,0.0106676,0.0119817
43.62,0.0140602,0.0137248
43.64,0.0150104,0.0140211
43.66,0.0159044,0.0146153
43.68,0.0157596,0.0154433
43.7,0.0142086,0.0136718
43.72,0.00953288,0.0102334
43.74,-0.00231092,-0.00107567
43.76,0.00240409,-0.00307448
43.78,0.000164001,-0.00202432
43.8,-0.00383967,0.00301157
43.82,-0.00923283,0.00890793
43.84,-0.0127659,0.0129262
43.86,-0.0189184,0.017493
43.88,-0.0223398,0.0202014
43.9,-0.0251534,0.0226017
43.92,-0.0281139,0.024927
43.94,-0.0299584,0.0244706
43.96,-0.0286498,0.0236645
43.98,-0.012335,0.0100939
44,-0.00186015,0.000282711
44.02,-0.00167408,0.000564652
44.04,0.00021798,0.00138035
44.06,0.00252701,0.00333793
44.08,0.00623343,0.00763366
44.1,0.00756118,0.0102104
44.12,0.00876874,0.0114566
44.14,0.00999496,0.0110003
44.16,0.00985076,0.0110238
44.18,0.00839701,0.0103576
44.2,0.00593853,0.00817053
44.22,0.000966804,0.00372051
44.24,-0.00401689,-0.00142865
44.26,-0.00229816,0.000772335
44.28,-0.00769068,0.00445992
44.3,-0.00976167,0.00804485
44.32,-0.0136479,0.0124373
44.34,-0.0184331,0.0177842
44.36,-0.0234361,0.0218544
44.38,-0.0279483,0.0245718
44.4,-0.0302884,0.0274032
44.42,-0.0346016,0.0294199
44.44,-0.0368485,0.0315282
44.46,-0.0306715,0.02666
44.48,-0.0138568,0.00659649
44.5,-0.00822823,-0.00671933
44.52,-0.0114352,-0.00966828
44.54,-0.0137859,-0.0104908
44.56,-0.0116108,-0.00981101
44.58,-0.011315,-0.0110444
44.6,-0.0147669,-0.0136046
44.62,-0.0198484,-0.018015
44.64,-0.0239983,-0.0227218
44.66,-0.0296706,-0.0289468
44.68,-0.0377049,-0.0372517
44.7,-0.0474059,-0.0476229
44.72,-0.0454615,-0.0465847
44.74,-0.0212108,-0.0314347
44.76,0.00600326,-0.0167353
44.78,0.0179628,-0.00934219
44.8,0.00871865,-0.0136519
44.82,0.0138329,-0.0131745
44.84,0.0137082,-0.0116682
44.86,0.0137846,-0.011195
44.88,0.0151849,-0.0125696
44.9,0.0175761,-0.0168123
44.92,0.022775,-0.0208948
44.94,0.0281641,-0.024564
44.96,0.0356874,-0.0316369
44.98,0.0330215,-0.0309212
45,0.00846599,-0.0113796
45.02,-0.0116723,0.00524861
45.04,0.000667101,-0.000753436
45.06,-0.00606686,-0.00302079
45.08,-0.00135986,-7.40023e-05
45.1,0.00200794,0.00327756
45.12,0.00213026,0.00442794
45.14,0.00241341,0.00459649
45.16,0.00561014,0.00372896
45.18,0.00665204,0.00347422
45.2,0.00547299,0.000929427
45.22,0.00142737,-0.00318091
45.24,0.00278669,-0.00215377
45.26,0.000132422,0.0024425
45.28,-0.00525037,0.00424312
45.3,-0.0060405,0.0058793
45.32,-0.00812345,0.0086258
45.34,-0.0121658,0.0127404
45.36,-0.0169859,0.0171849
45.38,-0.0205385,0.0192465
45.4,-0.0233281,0.0210473
45.42,-0.0261611,0.0231684
45.44,-0.0281491,0.0250236
45.46,-0.0275874,0.0245303
45.48,-0.0155113,0.014188
45.5,-0.000458721,0.00141651
45.52,-0.000995066,0.000380042
45.54,0.00119572,0.00105892
45.56,0.0032346,0.00336095
45.58,0.00658359,0.00635809
45.6,0.00823666,0.00794481
45.62,0.00869773,0.00954304
45.64,0.00945612,0.00830368
45.66,0.0076356,0.00712369
45.68,0.00633497,0.00587422
45.7,0.00177869,0.0031075
45.72,-0.00453337,-0.0024683
45.74,-0.00955355,-0.00690177
45.76,-0.00259399,0.000909637
45.78,-0.0112584,0.00517566
45.8,-0.0148944,0.0103123
45.82,-0.0177761,0.0146419
45.84,-0.0208263,0.0181853
45.86,-0.0264115,0.0241966
45.88,-0.0322163,0.0291803
45.9,-0.0356242,0.0326258
45.92,-0.0393871,0.0362066
45.94,-0.0432442,0.0393029
45.96,-0.0365318,0.0364152
45.98,-0.0189501,0.0172018
46,-0.00431033,-0.00259081
46.02,-0.00607007,-0.00685373
46.04,-0.0113715,-0.00851405
46.06,-0.0105294,-0.00853295
46.08,-0.00673762,-0.00778488
46.1,-0.00862808,-0.00838402
46.12,-0.0127134,-0.010178
46.14,-0.0150693,-0.0127698
46.16,-0.0166653,-0.0181579
46.18,-0.02198,-0.0249204
46.2,-0.0288921,-0.0327104
46.22,-0.035172,-0.039235
46.24,-0.0186489,-0.0246828
46.26,0.00272794,-0.00823387
46.28,0.00439963,-0.00193
46.3,-0.0014859,-0.00400062
46.32,-0.00133428,0.000630356
46.34,-0.00428193,0.00518973
46.36,-0.00645804,0.00729959
46.38,-0.00716822,0.00734344
46.4,-0.00676771,0.00646115
46.42,-0.00717257,0.0053459
46.44,-0.00622964,0.00507907
46.46,-0.00210776,0.00143103
46.48,0.00311399,-0.00245943
46.5,0.00533065,-0.00400029
46.52,0.00311557,0.00115964
46.54,0.0104293,0.00542258
46.56,0.0125653,0.0106311
46.58,0.0161746,0.0142956
46.6,0.0196254,0.0195211
46.62,0.0248799,0.0239877
46.64,0.0290735,0.0262818
46.66,0.0319443,0.0287151
46.68,0.0355511,0.0320959
46.7,0.0365237,0.0328217
46.72,0.0255485,0.0246665
46.74,0.00527099,0.0079226
46.76,-0.00267462,-0.00381352
46.78,0.00140543,-0.00317634
46.8,-0.00261318,-0.00100419
46.82,-0.00830141,0.00426303
46.84,-0.00748247,0.00576873
46.86,-0.00806094,0.00710271
46.88,-0.00904619,0.00742909
46.9,-0.00855286,0.00628045
46.92,-0.00743786,0.00465389
46.94,-0.00475165,0.00159471
46.96,-0.000133783,-0.00253749
46.98,0.00513057,-0.00689138
47,-0.00122043,-0.000150282
47.02,0.00414626,0.00387936
47.04,0.009453,0.0070284
47.06,0.0115086,0.0110453
47.08,0.0150725,0.0146662
47.1,0.0191291,0.0196841
47.12,0.0240452,0.0239563
47.14,0.0288389,0.0264384
47.16,0.0325313,0.0281285
47.18,0.0356943,0.0312105
47.2,0.0364843,0.0315188
47.22,0.0267684,0.0229379
47.24,0.00831431,0.00110308
47.26,0.00396078,-0.012352
47.28,0.0104751,-0.0133834
47.3,0.0102576,-0.0144764
47.32,0.0107318,-0.0145622
47.34,0.0141433,-0.0161349
47.36,0.0169371,-0.0178408
47.38,0.0202394,-0.019836
47.4,0.0243196,-0.0242565
47.42,0.0293863,-0.0306103
47.44,0.0360323,-0.0384957
47.46,0.0452799,-0.0466434
47.48,0.0365662,-0.0382144
47.5,0.0114979,-0.0219329
47.52,-0.0128088,-0.006671
47.54,-0.00681923,-0.00952076
47.56,-0.00942763,-0.0112247
47.58,-0.0111902,-0.00943192
47.6,-0.0104995,-0.00827022
47.62,-0.0115572,-0.0104835
47.64,-0.0155879,-0.0146804
47.66,-0.0204084,-0.0185162
47.68,-0.0238002,-0.0237589
47.7,-0.0310332,-0.0294405
47.72,-0.0376733,-0.0360478
47.74,-0.0209068,-0.0215696
47.76,0.00307549,-0.00742424
47.78,0.00739252,-0.00601392
47.8,0.00243603,-0.00845581
47.82,0.00832292,-0.00728494
47.84,0.00682685,-0.00674598
47.86,0.00579886,-0.00489856
47.88,0.00624923,-0.00601201
47.9,0.00882558,-0.00924943
47.92,0.0120602,-0.0123534
47.94,0.0135537,-0.0169648
47.96,0.0210515,-0.0235141
47.98,0.0228477,-0.0260531
48,0.00212984,-0.0109656
48.02,-0.00687573,-0.0021209
48.04,0.000332066,-0.0026994
48.06,-0.00105165,0.000496805
48.08,0.00431767,0.00422051
48.1,0.00917828,0.0087517
48.12,0.0108712,0.0103913
48.14,0.0117361,0.0108458
48.16,0.0127153,0.0115524
48.18,0.013,0.0131123
48.2,0.0126517,0.0129929
48.22,0.00847806,0.00969016
48.24,-0.00159245,-0.000303559
48.26,0.00165998,-0.00076968
48.28,-0.00291092,0.00205371
48.3,-0.00766714,0.00636146
48.32,-0.0106434,0.00911719
48.34,-0.0126552,0.0119583
48.36,-0.0164642,0.0150629
48.38,-0.0188406,0.0164927
48.4,-0.0199937,0.0175641
48.42,-0.0214975,0.0178891
48.44,-0.0210582,0.0164013
48.46,-0.0181483,0.0148727
48.48,-0.0151723,0.0118659
48.5,0.00240301,-0.00543935
48.52,-0.00329129,-0.00527628
48.54,0.000686847,-0.00172072
48.56,0.00335095,0.00256124
48.58,0.00724238,0.00615643
48.6,0.00927736,0.0100082
48.62,0.0137372,0.0132844
48.64,0.0155844,0.0150309
48.66,0.016786,0.016213
48.68,0.0178112,0.0164671
48.7,0.0160096,0.0159547
48.72,0.0118862,0.0132776
48.74,-0.00427761,-0.000274444
48.76,-0.00119602,-0.00202436
48.78,-0.00318927,-0.000482412
48.8,-0.00692286,0.00256046
48.82,-0.00912266,0.00760434
48.84,-0.0127105,0.0108355
48.86,-0.0149907,0.0148964
48.88,-0.0192232,0.017618
48.9,-0.0213249,0.0185909
48.92,-0.0218145,0.020003
48.94,-0.0224215,0.019777
48.96,-0.0205064,0.0185677
48.98,-0.00905634,0.00889822
49,-0.000321106,0.000457837
49.02,0.00128785,0.0031593
49.04,0.00682271,0.00672388
49.06,0.00881696,0.00901248
49.08,0.0121794,0.0122615
49.1,0.014492,0.0153008
49.12,0.0176756,0.0187021
49.14,0.0224868,0.0187338
49.16,0.0237965,0.0189162
49.18,0.0247197,0.0180912
49.2,0.0239764,0.0175483
49.22,0.0219022,0.0150177
49.24,0.00471901,-0.000104016
49.26,0.00254697,-0.00690702
49.28,0.00257205,-0.00422235
49.3,-0.00309943,-0.000288052
49.32,-0.00468232,0.00306928
49.34,-0.00589698,0.00573178
49.36,-0.00830437,0.00868211
49.38,-0.0110117,0.00904197
49.4,-0.0109818,0.00926435
49.42,-0.0118057,0.00830966
49.44,-0.0104231,0.00684627
49.46,-0.00644413,0.00325268
49.48,-0.00097208,-0.000816175
49.5,-0.00052994,-0.000924184
49.52,0.00287017,0.00104901
49.54,0.0067537,0.00330299
49.56,0.00924803,0.00774016
49.58,0.0138539,0.0116534
49.6,0.0175286,0.0165887
49.62,0.0210168,0.0214879
49.64,0.0253459,0.0246788
49.66,0.026486,0.0262855
49.68,0.028869,0.030063
49.7,0.0319571,0.0315378
49.72,0.0247853,0.027031
49.74,0.00390942,0.00996575
49.76,-0.00224472,0.00310566
49.78,-0.00150142,0.000765227
49.8,-0.00354239,0.00243903
49.82,-0.0129131,0.00940074
49.84,-0.0128295,0.011859
49.86,-0.0148979,0.0150024
49.88,-0.0173637,0.0179358
49.9,-0.0207456,0.0172265
49.92,-0.0211772,0.0167356
49.94,-0.0209402,0.0162685
49.96,-0.0192845,0.0159149
49.98,-0.0127057,0.0107403
50,0.000568735,-0.0038581
50.02,-0.00439755,-0.00357734
50.04,0.000614159,-0.00129129
50.06,0.00355359,0.00262744
50.08,0.00564124,0.00552708
50.1,0.007637,0.00872353
50.12,0.0108263,0.0107739
50.14,0.0127367,0.0109583
50.16,0.0127033,0.0116453
50.18,0.0142449,0.0104996
50.2,0.0127317,0.00861924
50.22,0.00739643,0.00429116
50.24,0.00122174,-0.000145285
50.26,-0.000966821,0.00157737
50.28,-0.00568354,0.00503026
50.3,-0.00939331,0.00872562
50.32,-0.0119421,0.0124236
50.34,-0.0181021,0.0183691
50.36,-0.0237674,0.0248961
50.38,-0.0286007,0.0290899
50.4,-0.0333904,0.0327334
50.42,-0.0377113,0.0365835
50.44,-0.0411177,0.0412022
50.46,-0.0359203,0.0378766
50.48,-0.0208564,0.0178766
50.5,-0.00843711,-0.00292793
50.52,-0.0102147,-0.00972272
50.54,-0.0167548,-0.0140927
50.56,-0.0199148,-0.0165793
50.58,-0.0192667,-0.0187499
50.6,-0.0244164,-0.0230413
50.62,-0.0323742,-0.0290996
50.64,-0.0402242,-0.0361428
50.66,-0.0475638,-0.0445125
50.68,-0.0582352,-0.0543673
50.7,-0.0712175,-0.0663906
50.72,-0.0688445,-0.0661713
50.74,-0.040366,-0.0484762
50.76,-0.00555923,-0.0301198
50.78,0.0296407,-0.0121273
50.8,0.0203757,-0.0161781
50.82,0.0189767,-0.0215442
50.84,0.0258587,-0.0234645
50.86,0.0290765,-0.0251833
50.88,0.0328162,-0.0288543
50.9,0.0386926,-0.0343312
50.92,0.043357,-0.0420585
50.94,0.0506227,-0.0495902
50.96,0.0604871,-0.0598076
50.98,0.0496528,-0.0514309
51,0.0192743,-0.0334198
51.02,-0.0126976,-0.0163948
51.04,-0.0208282,-0.011689
51.06,-0.0130604,-0.0177341
51.08,-0.0178481,-0.0172892
51.1,-0.017599,-0.0171664
51.12,-0.0200745,-0.0178991
51.14,-0.022829,-0.0208968
51.16,-0.0258548,-0.0256901
51.18,-0.0309031,-0.0308476
51.2,-0.0370912,-0.0354029
51.22,-0.0453983,-0.0436703
51.24,-0.0269938,-0.0308412
51.26,-0.00128517,-0.0131773
51.28,0.0150059,-0.000977596
51.3,0.000542886,-0.00758025
51.319,0.00433833,-0.00524888
51.34,0.00383223,-0.00290322
51.36,-0.000570028,0.00089659
51.38,-0.00114475,0.000949229
51.4,8.58643e-05,-0.000946069
51.42,0.00126898,-0.00180214
51.44,0.000647658,-0.00426407
51.46,0.0056028,-0.00824699
51.48,0.0102622,-0.0125666
51.5,-0.00258061,0.000751131
51.52,0.00473634,0.0027814
51.54,0.00412334,0.00193241
51.56,0.00488433,0.00278521
51.58,0.00908858,0.008652
51.6,0.0134664,0.0124057
51.62,0.0152622,0.0149825
51.64,0.0179545,0.0150434
51.66,0.0199222,0.0161288
51.68,0.0219948,0.0167623
51.7,0.0215385,0.0159795
51.72,0.0176964,0.0122904
51.74,0.00439128,0.0011091
51.76,0.00249585,-0.00328192
51.78,0.00270251,-0.00421288
51.8,-0.00200781,4.60569e-05
51.82,-0.0085299,0.00625652
51.84,-0.0121784,0.0113178
51.86,-0.0162147,0.0160261
51.88,-0.0204045,0.0190665
51.9,-0.0236356,0.0207232
51.92,-0.0261657,0.023017
51.94,-0.0279989,0.0253833
51.96,-0.0281563,0.0255875
51.98,-0.0164555,0.0158982
52,9.00162e-05,0.00236136
52.02,0.000566935,0.00148282
52.04,0.00206061,0.00180563
52.06,0.00731605,0.0055656
52.08,0.0111529,0.0105339
52.1,0.0118084,0.0127671
52.12,0.0137768,0.0145584
52.14,0.0157674,0.0150285
52.16,0.0163888,0.0142217
52.18,0.0169724,0.0130485
52.2,0.0167792,0.0120984
52.22,0.0133949,0.00945242
52.24,0.00584621,0.00393766
52.26,0.00121115,-0.00116111
52.28,0.00157959,-0.000157354
52.3,-0.00249186,0.00241214
52.32,-0.00586696,0.00648403
52.34,-0.00917959,0.00968542
52.36,-0.0130964,0.0143106
52.38,-0.0182039,0.0183823
52.4,-0.0226981,0.0215621
52.42,-0.0263874,0.024428
52.44,-0.0290785,0.0271114
52.46,-0.0305343,0.0281683
52.48,-0.0205804,0.0193721
52.5,-0.00207833,0.00115562
52.52,-0.00257572,-0.00103792
52.54,0.000512776,0.000241361
52.56,0.00471414,0.0039113
52.58,0.0088519,0.00742851
52.6,0.00806577,0.00933647
52.62,0.00913557,0.010081
52.64,0.0112057,0.00988826
52.66,0.010188,0.00875388
52.68,0.00838307,0.00622336
52.7,0.00503049,0.00385061
52.72,7.1093e-06,-0.00127335
52.74,-0.00639435,-0.00701196
52.76,-0.000136046,0.00134388
52.78,-0.00797285,0.00369274
52.8,-0.0100267,0.00699718
52.82,-0.010814,0.00971234
52.84,-0.0149346,0.0134748
52.86,-0.0192035,0.0188665
52.88,-0.0246319,0.0225144
52.9,-0.0278857,0.024723
52.92,-0.0305451,0.0274112
52.94,-0.0335599,0.0296843
52.96,-0.0335577,0.030247
52.979,-0.0231709,0.0196702
53,-0.00402594,-0.000357037
53.02,-0.00294313,-0.00304267
53.04,-0.00502245,-0.00349469
53.06,-0.00406388,-0.00321738
53.08,-0.00253877,-0.00220078
53.1,-0.00360437,-0.00264321
53.12,-0.00515593,-0.00391997
53.14,-0.00661948,-0.00662772
53.16,-0.00956158,-0.0105327
53.18,-0.0135968,-0.0159886
53.2,-0.0193074,-0.022786
53.22,-0.0278588,-0.0311525
53.24,-0.0350351,-0.0394813
53.26,-0.0151247,-0.026741
53.28,0.00701039,-0.0122347
53.3,0.00986318,-0.00782937
53.32,0.00795588,-0.0104822
53.34,0.0077385,-0.00747259
53.36,0.003332,-0.00250001
53.38,0.000734987,0.000791607
53.4,-0.000929936,0.000679495
53.42,-0.000974424,0.000845805
53.44,-0.00182729,0.00112006
53.46,5.90357e-05,-0.000811634
53.48,0.00422381,-0.00481904
53.5,0.00793706,-0.00837779
53.52,0.000334035,-0.0015085
53.54,0.00802826,0.00217734
53.56,0.0116029,0.00669027
53.58,0.0130847,0.00981912
53.6,0.0151432,0.0129613
53.62,0.0189655,0.0179753
53.64,0.0230024,0.0233596
53.66,0.0274513,0.0259567
53.68,0.0296129,0.0283621
53.7,0.0309079,0.0300703
53.72,0.0309762,0.0309347
53.74,0.0171185,0.0213251
53.76,-0.000493918,0.00632184
53.78,-0.00193366,0.00221771
53.8,-0.000510014,0.00130745
53.82,-0.00394833,0.00373308
53.84,-0.0107844,0.00905118
53.86,-0.0129504,0.0127659
53.88,-0.0142156,0.0147571
53.9,-0.0158031,0.0154046
53.92,-0.0171335,0.0161591
53.94,-0.0175446,0.0166921
53.96,-0.0165597,0.015636
53.98,-0.0143575,0.0139608
54,-0.000159174,0.00118826
54.02,-0.000154566,-0.00395673
54.04,0.000885523,-0.00150231
54.06,0.00516098,0.00196534
54.08,0.00838462,0.00547276
54.1,0.0079633,0.00818954
54.12,0.0117293,0.0119057
54.14,0.0148377,0.013383
54.16,0.015228,0.0131795
54.18,0.0153341,0.01297
54.2,0.0134511,0.0130037
54.22,0.0107057,0.0103258
54.24,0.00478578,0.00674745
54.26,0.000176045,0.00393943
54.28,-0.00219021,0.00135192
54.3,-0.0028857,0.00179558
54.32,-0.00600202,0.0051532
54.34,-0.00971445,0.00889683
54.36,-0.013718,0.0134768
54.38,-0.0183218,0.0188398
54.4,-0.0210473,0.0229238
54.42,-0.025858,0.0245209
54.44,-0.0290898,0.0271855
54.46,-0.0298353,0.0293299
54.48,-0.0254951,0.0275622
54.5,-0.00347202,0.00943025
54.52,0.00301983,0.00310575
54.54,0.00335946,0.00422248
54.56,0.00432491,0.00537745
54.58,0.00780644,0.00722942
54.6,0.0111015,0.0107047
54.62,0.0117075,0.0126923
54.64,0.0118054,0.0132523
54.66,0.0141632,0.011729
54.68,0.0138426,0.0104915
54.7,0.0128162,0.00746746
54.72,0.00918711,0.0045001
54.74,0.00419301,-0.000191915
54.76,0.00418138,0.00215533
54.78,-0.00132335,0.00165371
54.8,-0.00354169,0.00377293
54.82,-0.00486814,0.00631179
54.84,-0.00938935,0.00953923
54.86,-0.0138715,0.0143368
54.88,-0.017919,0.0185252
54.9,-0.0221725,0.0202952
54.92,-0.0251847,0.0222018
54.94,-0.0280368,0.0247554
54.96,-0.0288276,0.0256229
54.98,-0.0218256,0.0204774
55,-0.00414048,0.00104755
55.02,-0.00296881,-0.00201865
55.04,-0.000999709,-0.00124938
55.06,0.000593002,0.000277653
55.08,0.00402184,0.00327561
55.1,0.00237042,0.00193927
55.12,0.00184919,0.00159503
55.14,0.00165516,0.000792405
55.16,-0.000145757,-0.00168229
55.18,-0.00379025,-0.00543284
55.2,-0.00900883,-0.0105063
55.22,-0.0162551,-0.0176365
55.24,-0.0244704,-0.0253915
55.26,-0.00976807,-0.0160477
55.28,0.00966156,-0.00353639
55.3,0.0051923,-0.00600232
55.32,0.00703439,-0.00780211
55.34,0.00639183,-0.00486117
55.36,0.00163308,-0.000936803
55.38,0.00147556,3.54359e-05
55.4,-0.00100454,0.00120682
55.42,-0.00427263,0.000888149
55.44,-0.00513912,0.000209467
55.46,-0.00360406,-0.000409003
55.48,-0.00227391,-0.00283137
55.5,-0.000235533,-0.0040936
55.52,-0.000236945,-0.00237558
55.54,0.00304903,0.000586945
55.56,0.0052891,0.00425062
55.58,0.00834379,0.00770101
55.6,0.0111854,0.0118568
55.62,0.0167916,0.016643
55.64,0.0213228,0.0196693
55.66,0.0240112,0.0221296
55.68,0.027907,0.0238176
55.7,0.0291578,0.0251304
55.72,0.027495,0.0248466
55.74,0.0132847,0.0128062
55.76,0.000140831,0.00218664
55.78,-0.000625373,0.00212706
55.8,-0.00265843,0.0028834
55.82,-0.00697715,0.00554255
55.84,-0.0116582,0.0096421
55.86,-0.0120168,0.0125648
55.88,-0.014275,0.0148146
55.9,-0.0151121,0.0147789
55.92,-0.0167298,0.0127403
55.94,-0.0163702,0.0113301
55.96,-0.0151395,0.00959645
55.98,-0.0124728,0.00701878
56,-0.00880993,0.00335033
56.02,-0.00215111,-0.00216207
56.04,-0.00461292,-0.0033112
56.06,-0.00350518,-0.00257963
56.08,0.000248022,0.00119047
56.1,0.00341049,0.00464282
56.12,0.00740049,0.00859116
56.14,0.010673,0.0127755
56.16,0.0169865,0.0147447
56.18,0.021097,0.0170485
56.2,0.0229592,0.0184658
56.22,0.0240383,0.0191742
56.24,0.0152953,0.0133205
56.26,-0.00300688,-0.00529877
56.28,0.00235453,-0.00728132
56.3,0.00274854,-0.0064889
56.32,0.00169595,-0.00466654
56.34,0.00103994,-0.0024044
56.36,0.000575669,-0.000670831
56.38,-0.000364114,0.00126253
56.4,-0.000281063,-0.00107182
56.42,0.00188805,-0.00344736
56.44,0.00370225,-0.00463727
56.46,0.00717287,-0.00874237
56.48,0.0143395,-0.014901
56.5,0.0206455,-0.0195942
56.52,-0.00045215,-0.0044225
56.54,-8.31294e-05,0.000289278
56.56,0.00444461,0.00201644
56.58,0.00791258,0.00710786
56.6,0.00946795,0.00919243
56.62,0.0115066,0.0124815
56.64,0.0157372,0.0178656
56.66,0.0192294,0.0229566
56.68,0.0221114,0.0270283
56.7,0.02438,0.030459
56.72,0.0261473,0.0335056
56.74,0.0128859,0.0237805
56.76,-0.00639848,0.00578886
56.78,-0.00298106,0.00350937
56.8,-0.00741204,0.00635089
56.82,-0.0141318,0.0117268
56.84,-0.0146799,0.0138446
56.86,-0.0140112,0.0142962
56.88,-0.0158069,0.0142217
56.9,-0.0159225,0.0132239
56.92,-0.0146277,0.0123218
56.94,-0.0124882,0.0101842
56.96,-0.010061,0.00721648
56.98,-0.00480171,0.0026941
57,-0.000357004,-0.00174049
57.02,-0.00477025,0.00312054
57.04,0.00143317,0.00197203
57.06,0.00221552,0.00378433
57.08,0.00545679,0.00717246
57.1,0.00837725,0.0102617
57.12,0.0111082,0.013579
57.14,0.0146082,0.0161575
57.16,0.0175535,0.0178854
57.18,0.019893,0.0194248
57.2,0.02066,0.0194718
57.22,0.0178247,0.0182915
57.24,0.0044979,0.00605085
57.26,-0.00182756,0.00121186
57.28,-0.00711062,0.00610814
57.3,-0.00913873,0.00747319
57.32,-0.0159729,0.012789
57.34,-0.018135,0.0172631
57.36,-0.0205718,0.0202149
57.38,-0.0258908,0.0221381
57.4,-0.0286266,0.0230964
57.42,-0.030111,0.0239297
57.44,-0.0318261,0.0252684
57.46,-0.0318767,0.0241527
57.48,-0.0244387,0.0188529
57.5,-0.00712044,0.00185622
57.52,-0.00308868,-0.00284646
57.54,-0.00053609,-0.000225075
57.56,0.00487488,0.00389446
57.58,0.00721111,0.00715497
57.6,0.00866462,0.00920829
57.62,0.0102641,0.0107564
57.64,0.0122907,0.0102587
57.66,0.0120136,0.0100846
57.68,0.011495,0.00908129
57.7,0.010921,0.00613762
57.72,0.0076767,0.00113834
57.74,-0.000173101,-0.00526849
57.76,0.00524578,0.00021809
57.78,-0.00262848,0.0037284
57.8,-0.00650924,0.00608371
57.82,-0.00635392,0.00745825
57.84,-0.00995914,0.0101677
57.86,-0.0154266,0.0160013
57.88,-0.0185529,0.0199351
57.9,-0.0224202,0.02287
57.92,-0.026548,0.0254575
57.94,-0.0314034,0.02778
57.96,-0.0338765,0.0312675
57.98,-0.0246311,0.0225267
58,-0.00856149,0.000185229
58.02,-0.0101412,-0.00775987
58.04,-0.0144987,-0.0115773
58.06,-0.0172879,-0.0151123
58.08,-0.0134145,-0.0145615
58.1,-0.0193523,-0.0166462
58.12,-0.0239897,-0.0197641
58.14,-0.0270589,-0.023909
58.16,-0.0334186,-0.0305265
58.18,-0.0409749,-0.0383078
58.2,-0.0511935,-0.0470103
58.22,-0.0623786,-0.0580408
58.24,-0.0499069,-0.0503385
58.26,-0.0198043,-0.0320587
58.28,0.0109713,-0.0159038
58.3,0.0231092,-0.00865476
58.32,0.0152173,-0.0167694
58.34,0.0208421,-0.0178193
58.36,0.0219013,-0.0186519
58.38,0.0251845,-0.0213645
58.4,0.0291977,-0.0254269
58.42,0.0330732,-0.0307022
58.44,0.0375774,-0.0371379
58.46,0.045687,-0.0445391
58.48,0.0538229,-0.0524337
58.5,0.0351616,-0.0357801
58.52,0.0110596,-0.0167184
58.54,-0.00931897,-0.000485998
58.56,-0.00471126,-0.00652298
58.58,-0.00358272,-0.00487556
58.6,-0.00301194,-0.000721926
58.62,0.000920961,0.00262485
58.64,0.00271874,0.00272416
58.66,0.00176556,0.00167258
58.68,0.00108119,0.000952495
58.7,-0.000602562,-0.000141217
58.72,-0.0045475,-0.0043733
58.74,-0.0109872,-0.0101709
58.76,-0.000168899,-0.00169885
58.78,-0.0031325,0.00233503
58.8,-0.0058686,0.00294678
58.82,-0.00421937,0.00317261
58.84,-0.00703306,0.00696537
58.86,-0.0109842,0.0115979
58.88,-0.0153089,0.0151906
58.9,-0.0190734,0.0172881
58.92,-0.0214282,0.0189483
58.94,-0.0233016,0.0215783
58.96,-0.024307,0.0225998
58.98,-0.0199858,0.0200064
59,-0.00287821,0.00454614
59.02,0.000151942,0.00239719
59.04,0.00391042,0.00477474
59.06,0.00815176,0.0080919
59.08,0.0118611,0.011278
59.1,0.0120898,0.0127701
59.12,0.0140014,0.0136421
59.14,0.0159409,0.0144681
59.16,0.0168227,0.0143615
59.18,0.01676,0.0133245
59.2,0.0159334,0.0120108
59.22,0.0119627,0.00833223
59.24,0.00822031,0.00381972
59.26,0.00298032,0.00177895
59.28,-0.00187566,0.00214622
59.3,-0.00550658,0.00560705
59.32,-0.00759486,0.00877949
59.34,-0.0139516,0.0135702
59.36,-0.0188351,0.0193645
59.38,-0.0244076,0.0245759
59.4,-0.0306838,0.0276509
59.42,-0.0350528,0.0314816
59.44,-0.0394776,0.0341025
59.46,-0.0422678,0.0370019
59.48,-0.0314571,0.0292743
59.5,-0.0132784,0.0100221
59.52,-0.00233268,0.000471311
59.54,-0.000463739,-7.14635e-05
59.56,0.000669362,0.00113861
59.58,0.00678081,0.00394387
59.6,0.00844922,0.00690878
59.62,0.0064836,0.00756753
59.64,0.00687133,0.00752425
59.66,0.00650854,0.00652087
59.68,0.00628486,0.00281873
59.7,0.00467504,-0.000697799
59.72,0.000888037,-0.00541453
59.74,-0.00499,-0.0114997
59.76,0.000569114,-0.00577655
59.78,0.000984039,0.00166054
59.8,-0.00427666,0.00186754
59.82,-0.00371088,0.00309982
59.84,-0.00563721,0.00569328
59.86,-0.0112097,0.0116612
59.88,-0.0144462,0.0148209
59.9,-0.0178561,0.017355
59.92,-0.0216794,0.0183191
59.94,-0.0242658,0.0196287
59.96,-0.0253998,0.0217116
59.98,-0.0249124,0.0210398
60,-0.00793054,0.00628703
60.02,0.0015259,-0.00626989
60.04,-0.00392332,-0.00526693
60.06,2.8566e-05,-0.00336776
60.08,0.00282772,0.000541274
60.1,0.00273855,0.00174799
60.12,0.00312872,0.0025052
60.14,0.00568354,0.00455536
60.16,0.00587202,0.00320013
60.18,0.0042377,0.00144604
60.2,0.00171623,-0.000197867
60.22,-0.00219648,-0.00435649
60.24,-0.00865075,-0.00967828
60.26,-0.005796,-0.00646379
60.28,-0.00157261,0.00170653
60.3,-0.00947161,0.00389049
60.32,-0.0099541,0.00694312
60.34,-0.012318,0.0105317
60.36,-0.0152918,0.0146665
60.38,-0.0207321,0.0202823
60.4,-0.0252714,0.0238808
60.42,-0.0281532,0.0261943
60.44,-0.0316171,0.0286764
60.46,-0.0332079,0.0309325
60.48,-0.0274032,0.0283272
60.5,-0.0103227,0.0129596
60.52,0.000937631,0.00140011
60.54,-0.00081085,0.00080495
60.56,0.000345274,0.000902656
60.58,0.00773971,0.00585665
60.6,0.0091641,0.00870253
60.62,0.00863275,0.0101255
60.64,0.0115147,0.0108565
60.66,0.0120437,0.00999463
60.68,0.0106285,0.00803813
60.7,0.00826069,0.00650661
60.72,0.00523276,0.00316774
60.74,-0.000250316,-0.00196442
60.76,0.000667453,-0.001835
60.78,-0.00247741,0.000156192
60.8,-0.00624326,0.00380005
60.82,-0.00687236,0.00660671
60.84,-0.0113842,0.0100806
60.86,-0.014466,0.0146643
60.88,-0.0191421,0.0190783
60.9,-0.0242296,0.0219158
60.92,-0.0275576,0.0245303
60.94,-0.0306782,0.0271308
60.96,-0.0323617,0.0292612
60.98,-0.0284321,0.0270587
61,-0.0111268,0.0106559
61.02,-0.00108294,-0.000542717
61.04,-0.00221996,-0.00088254
61.06,-0.000569407,-0.000196369
61.08,0.00525389,0.00370959
61.1,0.00655686,0.00621141
61.12,0.0051615,0.0072794
61.14,0.00744495,0.00748293
61.16,0.00840207,0.00662767
61.18,0.00683585,0.00423
61.2,0.00417959,0.000772588
61.22,-0.000140515,-0.00280531
61.24,-0.00593862,-0.00880572
61.26,-0.00267395,-0.00704556
61.28,0.00411805,0.00109902
61.3,-0.00255454,0.000469118
61.32,-0.00183838,0.00151139
61.34,-0.0042638,0.00426207
61.36,-0.00750711,0.00832457
61.38,-0.0105245,0.0111686
61.4,-0.0142283,0.0122907
61.42,-0.0160703,0.0137315
61.44,-0.0181529,0.0146651
61.46,-0.0195584,0.0148334
61.48,-0.0174009,0.0125007
61.5,-0.0114845,0.0078914
61.52,-0.000251678,-0.00463275
61.54,-0.00464771,-0.00441326
61.56,0.000338483,-0.00181391
61.58,0.00302605,0.00302851
61.6,0.00639086,0.00571581
61.62,0.010363,0.0104911
61.64,0.0153875,0.0140035
61.66,0.0192672,0.0162278
61.68,0.021933,0.0182828
61.7,0.0239991,0.0197873
61.72,0.0240862,0.0190774
61.74,0.0161493,0.013955
61.76,-0.00157999,-0.00322314
61.78,0.00101628,-0.00737118
61.8,0.00063402,-0.00348061
61.82,-0.00349491,-0.000252105
61.84,-0.00435232,0.00235138
61.86,-0.00369007,0.00297615
61.88,-0.00607252,0.00487969
61.9,-0.00656975,0.00452255
61.92,-0.00467946,0.00410253
61.94,-0.00370145,0.00165155
61.96,-2.44753e-05,-0.00160686
61.98,0.00619301,-0.00665725
62,0.0131324,-0.0118064
62.02,-0.00324344,0.000187082
62.04,0.00332817,0.00087608
62.06,0.00452263,0.00208659
62.08,0.0048111,0.00348849
62.1,0.00729237,0.00758427
62.12,0.0103446,0.0112045
62.14,0.0143394,0.0155524
62.16,0.0196162,0.0185282
62.18,0.0223432,0.0209703
62.2,0.0238561,0.0232629
62.22,0.0243484,0.0241253
62.24,0.0141337,0.0167873
62.26,-0.00081066,0.00340866
62.28,-0.00185968,0.00393794
62.3,-0.00658862,0.00624925
62.32,-0.00881481,0.00870716
62.34,-0.0118698,0.0115303
62.36,-0.0118938,0.0123087
62.38,-0.0159352,0.0140918
62.4,-0.0177823,0.0148326
62.42,-0.0185216,0.0140794
62.44,-0.018328,0.0129233
62.46,-0.0165601,0.0117978
62.48,-0.0137533,0.00878795
62.5,-0.00500183,0.000856843
62.52,-0.00231475,-0.00685869
62.54,-0.00229329,-0.00279606
62.56,0.00484427,0.00225519
62.58,0.00471064,0.00464979
62.6,0.00823626,0.00773924
62.62,0.0101988,0.0109596
62.64,0.0133453,0.0120951
62.66,0.0138152,0.0126045
62.68,0.0143889,0.0128822
62.7,0.0147758,0.0115346
62.72,0.0104656,0.00851792
62.74,0.00509341,0.00440273
62.76,-0.0101624,-0.00926086
62.78,-0.000589895,-0.00499201
62.8,-0.00611494,0.00163682
62.82,-0.0123342,0.00712546
62.84,-0.0115515,0.00935664
62.86,-0.0134809,0.0115587
62.88,-0.0169474,0.0158205
62.9,-0.0215266,0.0177424
62.92,-0.023181,0.019917
62.94,-0.02472,0.0221354
62.96,-0.0266199,0.0239904
62.98,-0.0242662,0.0224455
63,-0.00546584,0.00715326
63.02,0.00227855,0.000881442
63.04,0.00430707,0.00416204
63.06,0.00995746,0.00811808
63.08,0.0147095,0.0132112
63.1,0.0162125,0.015505
63.12,0.0194931,0.0173081
63.14,0.0221596,0.0192005
63.16,0.0245741,0.0201321
63.18,0.0255228,0.0205221
63.2,0.0250775,0.018896
63.22,0.0229447,0.0166589
63.24,0.019098,0.0133181
63.26,0.000477089,-0.004927
63.28,0.00378332,-0.00704364
63.3,0.00135522,-0.00375026
63.32,-0.00208816,-0.000397794
63.34,-0.00397548,0.00217717
63.36,-0.00627452,0.00570759
63.38,-0.00891407,0.00902471
63.4,-0.0113463,0.00951424
63.42,-0.0112351,0.0101531
63.44,-0.0114435,0.0113487
63.46,-0.010483,0.00996955
63.48,-0.00595255,0.00657898
63.5,0.000453995,0.0023264
63.52,0.00760938,-0.00589176
63.54,0.00305495,0.000216001
63.56,0.0111918,0.00639126
63.58,0.0155007,0.0121697
63.6,0.0168981,0.0157844
63.62,0.0217132,0.0208079
63.64,0.0268806,0.0251786
63.66,0.0306157,0.0287892
63.68,0.0342972,0.0308226
63.7,0.0356153,0.0316945
63.72,0.0343943,0.0319255
63.74,0.0193679,0.0162709
63.76,0.00487497,-0.00495451
63.78,0.00932867,-0.00653773
63.8,0.00885667,-0.0066558
63.82,0.00810179,-0.00561526
63.84,0.00458537,-0.00517237
63.86,0.0083748,-0.00663976
63.88,0.010859,-0.00952426
63.9,0.013806,-0.0123601
63.92,0.0175743,-0.0168979
63.94,0.0230896,-0.0234006
63.96,0.0304554,-0.0299401
63.98,0.0406478,-0.0401512
64,0.0324635,-0.0360688
64.02,0.00733549,-0.0178346
64.04,-0.0165042,-0.000595137
64.06,-0.00595897,-0.0113998
64.08,-0.00171394,-0.00698468
64.1,-0.00620827,-0.00436022
64.12,-0.00282414,-0.00201882
64.14,-0.000762098,-0.000950333
64.16,-0.00109333,-0.00195595
64.18,-0.00305374,-0.00368477
64.2,-0.00570371,-0.00563235
64.22,-0.010041,-0.00979316
64.24,-0.0162118,-0.0150361
64.26,-0.0138636,-0.0131642
64.28,0.00361613,-0.000899484
64.3,-0.00347354,-0.00191897
64.32,-0.00286892,-0.000183651
64.34,-0.00472986,0.00295789
64.36,-0.00662069,0.00560879
64.38,-0.0109016,0.0100765
64.4,-0.014232,0.0142541
64.42,-0.0171563,0.0156423
64.44,-0.0193599,0.0171182
64.46,-0.0202476,0.0189035
64.48,-0.0190077,0.0181831
64.5,-0.00287483,0.00576048
64.52,0.000617461,0.00122546
64.54,0.00289447,0.00339851
64.56,0.00669872,0.0062406
64.58,0.0103207,0.00971128
64.6,0.0129912,0.0134359
64.62,0.0148369,0.0160349
64.64,0.0178599,0.0171834
64.66,0.0197708,0.0179053
64.68,0.0202179,0.0176993
64.7,0.0198877,0.0159489
64.72,0.0170938,0.0141409
64.74,0.0104856,0.00893598
64.76,-0.00251945,-0.00434623
64.78,0.000174294,-0.00028278
64.8,-0.00827849,0.00506455
64.82,-0.0109938,0.00887457
64.84,-0.0105613,0.00928683
64.86,-0.0132558,0.0128534
64.88,-0.0168141,0.015376
64.9,-0.0178724,0.0155661
64.92,-0.0185881,0.0149827
64.94,-0.0196485,0.0150728
64.96,-0.0193772,0.0144275
64.98,-0.0164813,0.0122978
65,-0.0113201,0.0087218
65.02,0.000553069,-0.00159862
65.04,-0.00564873,-0.00403859
65.06,-0.00439647,-0.00467433
65.08,0.000883135,0.00182564
65.1,0.0056762,0.00583166
65.12,0.00934114,0.0102049
65.14,0.0129602,0.0145713
65.16,0.0176067,0.0170756
65.18,0.0212374,0.0196554
65.2,0.0239269,0.0214357
65.22,0.0245662,0.0222333
65.24,0.0234364,0.0219569
65.26,0.00346433,0.00477495
65.28,-0.0013281,-0.00108013
65.3,-0.000610166,-0.00197814
65.32,-0.00198989,-0.000867821
65.34,-0.00813862,0.00467031
65.36,-0.00979883,0.00828364
65.38,-0.0138506,0.0131637
65.4,-0.0157498,0.0150196
65.42,-0.0184807,0.0167458
65.44,-0.0203455,0.0178269
65.46,-0.0200203,0.0188863
65.48,-0.0195518,0.0190067
65.5,-0.00471719,0.00709355
65.52,0.00228985,-0.00163748
65.54,-0.000114278,0.000419865
65.56,0.00623262,0.00407863
65.58,0.00990556,0.00829902
65.6,0.00896708,0.00976203
65.62,0.011186,0.0123622
65.64,0.0144227,0.0129692
65.66,0.0144236,0.0125697
65.68,0.0142442,0.0113637
65.7,0.0131708,0.0109653
65.72,0.00947068,0.00718621
65.74,0.00327006,0.00269578
65.76,-0.00331626,-0.00326156
65.78,-0.000320222,-0.00315334
65.8,-0.00333638,-0.000576962
65.82,-0.00637493,0.00311732
65.84,-0.00955549,0.0069674
65.86,-0.0125312,0.0109868
65.88,-0.018057,0.0166897
65.9,-0.0233912,0.0210197
65.92,-0.0279296,0.0242793
65.94,-0.0320475,0.0275787
65.96,-0.0348498,0.0296043
65.98,-0.032684,0.0298502
66,-0.0137228,0.0140821
66.02,-0.00114189,0.00124989
66.04,-0.00145268,-0.00128634
66.06,-0.00260956,-0.00275083
66.08,0.00306556,0.000799572
66.1,0.00560763,0.00370128
66.12,0.00443997,0.00597269
66.14,0.00569624,0.0067603
66.16,0.00687225,0.00533693
66.18,0.00515478,0.00343649
66.2,0.00265274,0.00133962
66.22,-0.000314046,-0.00170525
66.24,-0.00604086,-0.00703492
66.26,-0.0032715,-0.00436714
66.28,-1.52326e-05,0.00239968
66.3,-0.00686474,0.00324248
66.32,-0.00785418,0.00655111
66.34,-0.0116964,0.00992633
66.36,-0.0146384,0.0144915
66.38,-0.0178495,0.0178463
66.4,-0.0211116,0.019011
66.42,-0.0237831,0.0202428
66.44,-0.0267685,0.0212631
66.46,-0.0262526,0.0219385
66.48,-0.0245672,0.0209461
66.5,-0.0110779,0.00945581
66.52,0.000364487,-0.001429
66.54,-0.00142515,-0.00144753
66.56,0.00111053,-0.00025958
66.58,0.00762119,0.00593777
66.6,0.0101009,0.00975721
66.62,0.0134136,0.0133356
66.64,0.0160613,0.0149601
66.66,0.0166583,0.0147698
66.68,0.0168455,0.0157013
66.7,0.0172474,0.0165491
66.72,0.0152286,0.0149921
66.74,0.00996784,0.0120594
66.76,-0.00239805,0.00163636
66.78,0.000342968,-0.00297813
66.8,-0.000377414,-0.00130967
66.82,-0.0072505,0.00543981
66.84,-0.011234,0.0102211
66.86,-0.0135957,0.0137289
66.88,-0.0194271,0.0178353
66.9,-0.0243024,0.0211193
66.92,-0.0273101,0.0241336
66.94,-0.0301523,0.0266276
66.96,-0.0317187,0.0280131
66.98,-0.0275944,0.0256523
67,-0.011769,0.0100891
67.02,0.000230404,-0.00393123
67.04,-0.00293655,-0.00334836
67.06,0.00110331,-0.00136067
67.08,0.00710016,0.0033499
67.1,0.00636394,0.00490189
67.12,0.00717803,0.00642452
67.14,0.00898897,0.00692175
67.16,0.00871072,0.00568381
67.18,0.00737039,0.00376686
67.2,0.00524254,0.00174745
67.22,0.00139213,-0.00235166
67.24,-0.00473466,-0.00756387
67.26,-0.00279314,-0.00569915
67.28,-0.00172518,0.00151573
67.3,-0.00913873,0.00411224
67.32,-0.0103585,0.00813299
67.34,-0.0148128,0.0122647
67.36,-0.018367,0.0176765
67.38,-0.0224346,0.0218632
67.4,-0.0258903,0.0240002
67.42,-0.0293586,0.0256428
67.44,-0.0327164,0.0283197
67.46,-0.0340805,0.0308328
67.48,-0.0280811,0.0269291
67.5,-0.0119443,0.00677329
67.52,-0.00714234,-0.00610774
67.54,-0.00885017,-0.00601378
67.56,-0.00803485,-0.00506017
67.58,-0.00590239,-0.00436032
67.6,-0.00640054,-0.00446844
67.62,-0.00832706,-0.0062379
67.64,-0.0104549,-0.00906968
67.66,-0.0137018,-0.0120805
67.68,-0.0181667,-0.0168044
67.7,-0.0243486,-0.02321
67.72,-0.0339797,-0.0317966
67.74,-0.0448715,-0.0421727
67.76,-0.0239297,-0.0323022
67.78,0.00473693,-0.0175889
67.8,0.0199714,-0.00616257
67.82,0.0061828,-0.0131128
67.84,0.00879032,-0.00979438
67.86,0.0068032,-0.00691413
67.88,0.00423738,-0.00470832
67.9,0.00408325,-0.0034477
67.92,0.00372653,-0.00459974
67.94,0.00373883,-0.00396589
67.96,0.00498898,-0.00551849
67.98,0.00870659,-0.00833449
68,0.0121231,-0.0101629
68.02,0.00189255,-0.000227624
68.04,0.00623855,0.0037843
68.06,0.00985437,0.00625227
68.08,0.0136042,0.0119055
68.1,0.015556,0.014539
68.12,0.0193914,0.0190724
68.14,0.0236886,0.0225122
68.16,0.0266354,0.0244591
68.18,0.0299006,0.0268061
68.2,0.0323243,0.0280531
68.22,0.0304473,0.0285783
68.24,0.0200639,0.0217527
68.26,6.89636e-05,0.00451874
68.28,-0.00381247,0.00339781
68.3,-0.00683477,0.00652491
68.32,-0.00882621,0.00825614
68.34,-0.0125469,0.0103682
68.36,-0.0140041,0.0130528
68.38,-0.017252,0.0164928
68.4,-0.0180388,0.0171777
68.42,-0.0196477,0.0166089
68.44,-0.0200257,0.0158849
68.46,-0.0192137,0.0149638
68.48,-0.0164396,0.0122329
68.5,-0.0117802,0.00783482
68.52,0.00061585,-0.00436683
68.54,-0.0062862,-0.00501888
68.56,-0.00082938,-0.00220521
68.58,0.00411169,0.00459308
68.6,0.00757636,0.00797687
68.62,0.0126743,0.0134793
68.64,0.0176377,0.0168079
68.66,0.0215085,0.019804
68.68,0.0249392,0.0225929
68.7,0.0282381,0.0232285
68.72,0.0283016,0.0240183
68.74,0.0230047,0.0208885
68.76,0.00429132,0.00224759
68.78,0.00167497,-0.00604746
68.8,0.00509445,-0.0066235
68.82,0.00369901,-0.00596441
68.84,0.000705831,-0.00187718
68.86,-0.0002202,-5.39838e-05
68.88,-0.00152296,0.00235114
68.9,-0.00132542,0.00298132
68.92,-0.00137213,0.0023789
68.94,-0.000888738,0.00199159
68.96,0.00141807,-9.9367e-05
68.98,0.00615447,-0.0036508
69,0.0105337,-0.00703019
69.02,0.00013456,0.00318307
69.04,0.00927809,0.00560397
69.06,0.0108533,0.00869973
69.08,0.0129111,0.01085
69.1,0.0142877,0.0144567
69.12,0.0184338,0.0188233
69.14,0.0227248,0.0239358
69.16,0.0300196,0.0259439
69.18,0.0331319,0.0280556
69.2,0.0351491,0.0300165
69.22,0.0365401,0.0308692
69.24,0.0241932,0.0205602
69.26,0.00349161,0.00252982
69.28,0.00130357,-0.00174302
69.3,0.00138632,-0.00175372
69.32,-0.00238926,0.00060178
69.34,-0.00727931,0.00468112
69.36,-0.00611132,0.00622922
69.38,-0.00783533,0.00744588
69.4,-0.00942171,0.00662702
69.42,-0.0085345,0.00523399
69.44,-0.00779503,0.00291787
69.46,-0.00598329,-0.000816035
69.48,0.000394012,-0.00611397
69.5,0.00634985,-0.0122758
69.52,3.39875e-07,-0.00824712
69.54,-0.00299658,0.000176754
69.56,0.00510129,0.0021843
69.58,0.00577812,0.00534399
69.6,0.00903228,0.00812651
69.62,0.0116007,0.0116241
69.64,0.0136474,0.0153269
69.66,0.0155402,0.0188739
69.68,0.0206466,0.0189045
69.7,0.0213916,0.0194984
69.72,0.0205614,0.0195831
69.74,0.0143506,0.0161256
69.76,-0.00362953,-0.000857213
69.78,-0.000176957,-0.00373782
69.799,-0.00308615,-0.000598392
69.82,-0.00818106,0.00432356
69.84,-0.0110437,0.00871085
69.86,-0.0119275,0.0112552
69.88,-0.0159823,0.0140792
69.9,-0.0187368,0.015346
69.92,-0.0191183,0.01647
69.94,-0.0195033,0.0174087
69.96,-0.0184483,0.0163388
69.98,-0.01432,0.0136395
70,-0.00440085,0.00605893
70.02,0.00362972,-0.00679663
70.04,-0.000849038,-0.00233344
70.06,0.00599571,0.00204695
70.08,0.00796649,0.00600711
70.1,0.0098246,0.00877032
70.12,0.0134072,0.0132923
70.14,0.0182078,0.0164887
70.16,0.0205339,0.0179666
70.18,0.0222175,0.0192484
70.2,0.0237755,0.0204008
70.22,0.0219919,0.0194013
70.24,0.0181245,0.0170227
70.26,-6.43681e-05,0.00042857
70.28,7.27796e-05,-0.000781381
70.3,-0.00217349,7.78123e-05
70.32,-0.00472858,0.00276628
70.34,-0.00905645,0.00747892
70.361,-0.0114878,0.0113464
70.38,-0.0161319,0.0162987
70.4,-0.0189359,0.0180605
70.419,-0.0213742,0.0193396
70.44,-0.0224239,0.0215519
70.46,-0.0238144,0.0226673
70.48,-0.022425,0.0218424
70.5,-0.00629699,0.00780705
70.52,0.00441607,-0.00654485
70.54,-0.00220547,-0.00414737
70.56,0.00463553,-0.000530824
70.58,0.00803438,0.00441108
70.6,0.00645383,0.005595
70.62,0.0068774,0.00723893
70.64,0.00864162,0.00716452
70.66,0.00771995,0.00686238
70.68,0.00661938,0.00477345
70.7,0.00426753,0.00202718
70.72,-0.000856685,-0.00219733
70.74,-0.00692605,-0.00759321
70.76,-0.00200365,-0.00251137
70.78,-0.00252845,0.00221866
70.8,-0.00869053,0.00458779
70.82,-0.00974408,0.00737803
70.84,-0.0123735,0.0115125
70.86,-0.0161381,0.0156188
70.88,-0.0210051,0.0208617
70.9,-0.0265166,0.0242479
70.92,-0.0292914,0.0270328
70.94,-0.0325168,0.0298134
70.96,-0.0346528,0.0322262
70.98,-0.0282954,0.0274182
71,-0.00997482,0.00749965
71.02,-0.00362208,-0.00522484
71.04,-0.00705741,-0.00669668
71.06,-0.00787561,-0.00703411
71.08,-0.00499284,-0.00483185
71.1,-0.00268152,-0.00406897
71.12,-0.00565896,-0.00477722
71.14,-0.0077367,-0.00748211
71.16,-0.00956891,-0.0106782
71.18,-0.0129991,-0.0148176
71.2,-0.0182977,-0.0210156
71.22,-0.0259068,-0.0286317
71.24,-0.0348693,-0.0368996
71.26,-0.0178781,-0.0225275
71.28,0.0034918,-0.00430707
71.3,0.00506938,-0.00331285
71.32,-0.00220411,-0.00297125
71.34,-0.0037755,0.0037217
71.36,-0.00729676,0.00774108
71.38,-0.0108604,0.0102045
71.4,-0.0135383,0.0113971
71.42,-0.0148511,0.0127092
71.44,-0.0148755,0.0131243
71.46,-0.0141597,0.0123144
71.48,-0.0113613,0.0100303
71.5,-0.00193309,0.00249703
71.52,0.000893206,-0.00408741
71.54,0.00154149,0.000367269
71.56,0.00740071,0.00490218
71.58,0.00903133,0.0079468
71.6,0.0127962,0.0117871
71.62,0.0145738,0.0148313
71.64,0.0181707,0.0171268
71.66,0.0196858,0.0181829
71.68,0.0207699,0.0185705
71.7,0.0202683,0.0172843
71.72,0.0169976,0.0159787
71.74,0.00939941,0.0104177
71.76,-0.00570786,-0.00440153
71.78,-0.00154013,-0.00179042
71.8,-0.00578406,0.00152741
71.82,-0.00964291,0.00501136
71.84,-0.010293,0.00827872
71.86,-0.012289,0.0123584
71.88,-0.0176516,0.0177321
71.9,-0.0213606,0.0189542
71.92,-0.0235055,0.0194138
71.94,-0.0251793,0.0206336
71.96,-0.0262145,0.0205125
71.98,-0.0246267,0.0197521
72,-0.0135645,0.0116651
72.02,0.000190407,0.00101235
72.04,0.00256614,0.00109436
72.06,0.00533457,0.00221175
72.08,0.00767261,0.00644669
72.1,0.0131979,0.0111599
72.12,0.0180012,0.0173069
72.14,0.0205902,0.0205047
72.16,0.02221,0.0228185
72.18,0.0252814,0.023912
72.2,0.0264744,0.0262678
72.22,0.0271622,0.0278458
72.24,0.0230803,0.025895
72.26,0.00402134,0.00846486
72.28,-0.00405082,-0.00484174
72.3,0.00146107,-0.00457945
72.32,-0.000591287,-0.00356956
72.34,-0.00537898,0.00123206
72.36,-0.00357004,0.00250595
72.38,-0.0049182,0.00326415
72.4,-0.00565006,0.00410696
72.42,-0.00598227,0.00382056
72.44,-0.00498404,0.0026353
72.46,-0.00162835,0.000429318
72.48,0.00350828,-0.00363814
72.5,0.00949455,-0.00811844
72.52,0.00344897,-0.0029473
72.54,0.00400411,0.00364721
72.56,0.0110335,0.00685521
72.58,0.0137383,0.0126568
72.6,0.0177132,0.0162366
72.62,0.0217386,0.0202259
72.64,0.0245333,0.0255114
72.66,0.0299675,0.0314619
72.68,0.0331661,0.0350305
72.7,0.0358239,0.0402476
72.72,0.0411504,0.0458978
72.74,0.0334844,0.0383714
72.76,0.0196434,0.0205896
72.78,0.00567177,0.00307235
72.8,0.0107122,-0.00711884
72.82,0.0171372,-0.0147798
72.84,0.0220416,-0.0180913
72.86,0.0208853,-0.0176894
72.88,0.0176353,-0.0151892
72.9,0.0155182,-0.012379
72.92,0.0107079,-0.00767769
72.94,0.00429475,-0.00212623
72.96,-0.00138929,0.00305248
72.98,-0.0115651,0.013961
73,-0.0290733,0.0285676
73.02,-0.0217963,0.0243187
73.04,-0.0085688,0.0132983
73.06,-9.46487e-05,0.00502266
73.08,0.0012397,0.00296498
73.1,0.00120544,0.00243257
73.12,0.000550823,0.00299771
73.14,0.000414785,0.0035137
73.16,0.000683295,0.00308819
73.18,0.000796484,0.00292247
73.2,0.000529255,0.00260794
73.22,0.000443649,0.00252212
73.24,0.000562708,0.00265593
73.26,0.000576547,0.00283739
73.28,0.00050864,0.00288752
73.3,0.000463847,0.00278065
73.32,0.000467208,0.00264466
73.34,0.000460368,0.0025979
73.36,0.000424971,0.00264922
73.38,0.000395158,0.00271089
73.4,0.000373137,0.00272102
73.42,0.000358646,0.00266628
73.44,0.000335269,0.00260412
73.46,0.000313168,0.00257913
73.48,0.000293733,0.00258592
73.5,0.000270557,0.00260454
73.52,0.000251917,0.00259911
73.54,0.000231465,0.00257134
73.56,0.000210879,0.00253956
73.58,0.000189506,0.00252171
73.6,0.000166801,0.00251908
73.62,0.000148265,0.00251654
73.64,0.000129831,0.00250622
73.66,0.000108018,0.00249087
73.68,8.73675e-05,0.00247092
73.7,6.87001e-05,0.00245527
73.72,5.11068e-05,0.00244526
73.74,3.22912e-05,0.00243828
73.76,1.08481e-05,0.00242992
73.78,-6.28986e-06,0.00241471
73.8,-2.31589e-05,0.00239912
73.82,-4.01285e-05,0.00238653
73.84,-5.98608e-05,0.00237873
73.86,-7.72211e-05,0.00237004
73.88,-9.1803e-05,0.00235844
73.9,-0.000106337,0.00234649
73.92,-0.000123104,0.002336
73.94,-0.000141036,0.00232706
73.96,-0.000155331,0.00231605
73.98,-0.000169391,0.00230581
74,-0.000184214,0.00229649
74.02,-0.000202906,0.00228918
74.04,-0.000216424,0.00227797
74.06,-0.000228979,0.00226729
74.08,-0.000241038,0.00225852
74.1,-0.000255195,0.00225299
74.12,-0.000268112,0.00224773
74.14,-0.000269425,0.00224315
74.16,-0.000272536,0.00223278
74.18,-0.000281498,0.00222708
74.2,-0.000294886,0.00222701
74.22,-0.000302136,0.00222482
74.24,-0.000307043,0.00222095
74.26,-0.000314451,0.00221561
74.28,-0.000324433,0.00221166
74.3,-0.000334078,0.00220781
74.32,-0.000340528,0.00220324
74.34,-0.000347249,0.00219915
74.36,-0.000355623,0.00219668
74.38,-0.000366935,0.00219469
74.4,-0.000373414,0.00218902
74.42,-0.000380068,0.00218321
74.44,-0.000387881,0.00217903
74.46,-0.000399166,0.00217815
74.48,-0.000407242,0.00217355
74.5,-0.000413945,0.00216798
74.52,-0.000420984,0.0021632
74.54,-0.000430552,0.00216034
74.56,-0.000440532,0.00215745
74.58,-0.000447116,0.00215277
74.6,-0.000453819,0.00214758
74.62,-0.000462027,0.00214415
74.64,-0.000473186,0.00214183
74.66,-0.000480462,0.00213667
74.68,-0.000486955,0.00213142
74.7,-0.000494555,0.00212775
74.72,-0.000506688,0.00212625
74.74,-0.000513565,0.00212066
74.76,-0.000519882,0.00211549
74.78,-0.000527073,0.00211102
74.8,-0.000536803,0.00210887
74.82,-0.000545241,0.00210552
74.84,-0.000551754,0.00210048
74.86,-0.000558266,0.00209513
74.88,-0.000567313,0.00209192
74.9,-0.000577947,0.00208891
74.92,-0.000584803,0.00208353
74.94,-0.000591123,0.0020781
74.96,-0.000599396,0.00207469
74.98,-0.00061072,0.00207237
75,-0.000617598,0.00206723
75.02,-0.000623894,0.00206187
75.04,-0.000631455,0.002057
75.06,-0.000643972,0.00205598
75.08,-0.000650895,0.00205032
75.1,-0.000657771,0.00204504
75.12,-0.000664859,0.00204037
75.14,-0.000674704,0.00203819
75.16,-0.000683237,0.00203412
75.18,-0.000689949,0.00202836
75.2,-0.000696595,0.00202279
75.22,-0.000706236,0.00202004
75.24,-0.000715868,0.00201654
75.26,-0.000722887,0.00201168
75.28,-0.000729536,0.00200634
75.3,-0.000738788,0.00200265
75.32,-0.000749479,0.00199969
75.34,-0.000756354,0.00199409
75.36,-0.000762927,0.00198874
75.38,-0.00077157,0.00198472
75.4,-0.000782988,0.00198233
75.42,-0.000789755,0.00197702
75.44,-0.000796397,0.00197164
75.46,-0.000804034,0.00196767
75.48,-0.00081584,0.00196603
75.5,-0.000822568,0.00196001
75.52,-0.000829124,0.00195408
75.54,-0.000836575,0.0019498
75.56,-0.000848751,0.00194864
75.58,-0.00085531,0.00194334
75.6,-0.000861963,0.00193786
75.62,-0.000868987,0.00193298
75.64,-0.000880215,0.00193105
75.66,-0.000888225,0.00192646
75.68,-0.000894489,0.0019208
75.7,-0.00090196,0.00191599
75.72,-0.000912924,0.00191408
75.74,-0.000921154,0.00190915
75.76,-0.000927811,0.0019034
75.78,-0.000934854,0.00189854
75.8,-0.000945648,0.00189678
75.82,-0.000953655,0.00189224
75.84,-0.000960216,0.0018867
75.86,-0.000966591,0.00188161
75.88,-0.000977114,0.0018785
75.9,-0.000985958,0.00187397
75.92,-0.000993257,0.00186778
75.94,-0.00100077,0.00186228
75.96,-0.00101209,0.00185851
75.98,-0.001022,0.00185315
76,-0.00102939,0.00184624
76.02,-0.00103703,0.00184023
76.04,-0.00104823,0.00183676
76.06,-0.00105617,0.00183246
76.08,-0.00105961,0.00182861
76.1,-0.00106343,0.00182925
76.12,-0.00107317,0.00183329
76.14,-0.00107891,0.00182975
76.16,-0.00108423,0.00182342
76.18,-0.00109007,0.00181833
76.2,-0.00110017,0.00181775
76.22,-0.00110537,0.00181506
76.24,-0.00111039,0.00181226
76.26,-0.00111712,0.00181041
76.28,-0.00112572,0.00180824
76.3,-0.00113041,0.00180323
76.32,-0.00113535,0.00179931
76.34,-0.001143,0.00179842
76.36,-0.00115039,0.00179679
76.38,-0.00115013,0.00179647
76.4,-0.00115016,0.00179642
76.42,-0.00115437,0.00179928
76.44,-0.00115608,0.00179949
76.46,-0.00115694,0.00179874
76.48,-0.00115828,0.00179914
76.5,-0.00116445,0.0018023
76.52,-0.00116621,0.00180167
76.54,-0.00116741,0.00180119
76.56,-0.00116958,0.00180212
76.58,-0.00117468,0.00180458
76.6,-0.00117516,0.00180422
76.62,-0.00117584,0.00180395
76.64,-0.0011783,0.00180596
76.66,-0.00118222,0.00180824
76.68,-0.00118219,0.0018075
76.7,-0.00118253,0.00180713
76.72,-0.00118637,0.00181
76.74,-0.00118871,0.00181057
76.76,-0.00118903,0.00180975
76.78,-0.00119024,0.00180969
76.8,-0.00119623,0.00181332
76.82,-0.00119663,0.00181269
76.84,-0.00119786,0.00181178
76.86,-0.00119967,0.00181239
76.88,-0.00120546,0.00181498
76.9,-0.00120825,0.00181441
76.92,-0.00120814,0.00181429
76.94,-0.00121039,0.00181636
76.96,-0.00121443,0.00181817
76.98,-0.00121478,0.00181787
77,-0.00121462,0.00181729
77.02,-0.00121841,0.00182015
77.04,-0.00122114,0.00182125
77.06,-0.00122153,0.00182071
77.08,-0.00122265,0.0018203
77.1,-0.00122866,0.00182379
77.12,-0.00122901,0.00182273
77.14,-0.00122959,0.0018217
77.16,-0.00123182,0.00182299
77.18,-0.00123725,0.00182599
77.2,-0.00123854,0.00182517
77.22,-0.00124042,0.0018244
77.24,-0.00124361,0.00182563
77.26,-0.00124797,0.00182788
77.28,-0.0012482,0.00182721
77.3,-0.00124849,0.00182692
77.32,-0.00125216,0.00182953
77.34,-0.00125416,0.00183075
77.36,-0.00125399,0.00182978
77.38,-0.00125532,0.00182999
77.4,-0.00126063,0.00183338
77.42,-0.00126113,0.00183308
77.44,-0.00126161,0.00183227
77.46,-0.00126394,0.001833
77.48,-0.00126847,0.0018355
77.5,-0.00126959,0.00183454
77.52,-0.00127091,0.0018337
77.54,-0.00127571,0.00183624
77.56,-0.00127909,0.00183663
77.58,-0.0012805,0.00183582
77.6,-0.00128078,0.00183632
77.62,-0.0012867,0.00184035
77.64,-0.00128724,0.00183988
77.66,-0.0012841,0.00183772
77.68,-0.00128494,0.00184322
77.7,-0.00129027,0.00184881
77.72,-0.00129298,0.00184825
77.74,-0.00129363,0.00184646
77.76,-0.00129771,0.0018484
77.78,-0.00130082,0.00185015
77.8,-0.00130299,0.00185079
77.82,-0.00130587,0.00185214
77.84,-0.00131176,0.00185559
