27.24,-0.00470568,0.000943083
27.26,-0.0046905,0.000784767
27.28,-0.00466905,0.000583097
27.3,-0.00464639,0.000342951
27.32,-0.000290673,-0.04304
27.34,-0.00029382,-0.0481121
27.36,-0.000290028,-0.0481119
27.38,-0.000290134,-0.048112
27.4,-0.000290213,-0.048112
27.42,-0.000289984,-0.0481123
27.44,-0.000290085,-0.0481122
27.46,-0.00029023,-0.0481123
27.48,-0.000290671,-0.0481126
27.5,-0.000290725,-0.0481124
27.52,-0.000290937,-0.0481123
27.54,-0.000290705,-0.048112
27.56,-0.0010903,-0.0274048
27.58,-0.00263542,-0.0188724
27.6,-0.000597251,-0.0145564
27.62,-0.00078147,-0.00853396
27.64,-0.00104534,-0.00627492
27.66,-0.000930777,-0.00590185
27.68,-0.00258253,-0.00453239
27.7,-0.00301131,-0.00344865
27.72,-0.00212194,-0.00346481
27.739,-0.00288878,-0.00416711
27.759,-0.00261804,-0.00359635
27.78,-0.00103203,-0.00378696
27.8,-0.000606531,-0.00399703
27.82,-0.000160235,-0.00444088
27.84,-0.000400673,-0.00334288
27.86,-0.00130418,-0.00355543
27.88,0.000544757,-0.00469794
27.9,0.00324389,-0.00341503
27.92,0.00276739,-0.00391485
27.94,0.0077319,-0.00560586
27.96,0.00807565,-0.00393293
27.98,0.00989452,-0.00438624
28,0.00884706,-0.00197457
28.02,0.00220293,0.000358975
28.04,-0.000563136,0.00151838
28.06,-0.000530779,0.00150515
28.08,-0.000204769,0.000646913
28.1,-0.000274735,-0.000306077
28.12,-0.000427796,-0.000466379
28.14,-0.000399521,0.000181414
28.16,-0.000348209,0.000832906
28.18,-0.000368666,0.000957948
28.2,-0.000423115,0.000605379
28.22,-0.000412461,0.000225872
28.24,-0.000394643,0.000175057
28.26,-0.000386997,0.000433104
28.28,-0.000398972,0.000684311
28.3,-0.000424186,0.000738983
28.32,-0.000423815,0.000587754
28.34,-0.000427105,0.000444783
28.36,-0.000426127,0.00044118
28.38,-0.000432821,0.000554044
28.4,-0.000434288,0.000653774
28.42,-0.00043594,0.000667987
28.44,-0.000435855,0.000611842
28.46,-0.000437805,0.000561789
28.48,-0.000437245,0.000569899
28.5,-0.000437487,0.000619529
28.52,-0.000441782,0.000666883
28.54,-0.00044396,0.000674048
28.56,-0.00044321,0.000655948
28.58,-0.000443075,0.000643818
28.6,-0.000442826,0.000653576
28.62,-0.000444926,0.000680558
28.64,-0.000447783,0.000704681
28.66,-0.000448168,0.00071127
28.68,-0.000447188,0.000709349
28.7,-0.000446085,0.0007118
28.72,-0.000448129,0.00072391
28.74,-0.000449542,0.000741092
28.76,-0.000450835,0.000753174
28.78,-0.000450655,0.000760603
28.8,-0.00045174,0.000766479
28.82,-0.000453544,0.000774635
28.84,-0.000453838,0.000783791
28.86,-0.000453065,0.00079516
28.88,-0.000453191,0.000805562
28.9,-0.000454005,0.000815914
28.92,-0.000455561,0.000824967
28.94,-0.000454801,0.000832908
28.96,-0.000454178,0.000841597
28.98,-0.000455172,0.000852011
29,-0.00045911,0.000863712
29.02,-0.00046015,0.000871996
29.04,-0.000460107,0.000879691
29.06,-0.000456758,0.000884871
29.08,-0.000455356,0.000897042
29.1,-0.000456457,0.000908935
29.12,-0.000454602,0.000915446
29.14,-0.000452959,0.000919438
29.16,-0.000452054,0.000924508
29.18,-0.000452479,0.000934383
29.2,-0.000451656,0.000944476
29.22,-0.000449448,0.000952517
29.24,-0.000448269,0.000959105
29.26,-0.000447192,0.000966736
29.28,-0.000447582,0.000977164
29.3,-0.000446448,0.000983821
29.32,-0.000445612,0.000990552
29.34,-0.000443583,0.000998113
29.36,-0.000443745,0.00100825
29.38,-0.000442219,0.00101665
29.4,-0.000441502,0.00102216
29.42,-0.000440229,0.00102843
29.44,-0.000439869,0.00103703
29.46,-0.000440984,0.00104706
29.48,-0.000438245,0.00105417
29.5,-0.000435672,0.00106101
29.52,-0.000434384,0.00106767
29.54,-0.000435631,0.00107636
29.56,-0.000435745,0.00108469
29.58,-0.00043361,0.00109107
29.6,-0.000431344,0.00109849
29.62,-0.000429865,0.00110688
29.64,-0.000431207,0.0011169
29.66,-0.000428988,0.00112391
29.68,-0.000426183,0.00113089
29.7,-0.00042469,0.00113865
29.72,-0.000427275,0.00114871
29.74,-0.000426222,0.00115535
29.76,-0.000424109,0.00116189
29.78,-0.000421942,0.00116881
29.8,-0.000422276,0.00117813
29.82,-0.000422928,0.00118663
29.84,-0.000421177,0.00119326
29.86,-0.00041992,0.00119913
29.88,-0.000424943,0.00120742
29.9,-0.000429813,0.00122266
29.92,-0.000425849,0.00123025
29.94,-0.000421423,0.00123583
29.96,-0.000421206,0.00124369
29.98,-0.000422451,0.00125258
30,-0.000419497,0.00126116
30.02,-0.000415838,0.00126976
30.04,-0.00041594,0.00128038
30.06,-0.000414896,0.00128906
30.08,-0.000412744,0.00129487
30.1,-0.00041008,0.00130232
30.12,-0.000411047,0.0013134
30.14,-0.000409173,0.00132165
30.16,-0.00040695,0.00132829
30.18,-0.000403546,0.00133617
30.2,-0.00040475,0.00134772
30.22,-0.000402058,0.00135518
30.24,-0.000400265,0.00136143
30.26,-0.000398928,0.00137011
30.28,-0.000399274,0.00138087
30.3,-0.000396046,0.00138875
30.32,-0.000392459,0.00139595
30.34,-0.000393517,0.00140445
30.36,-0.000393223,0.00141385
30.38,-0.000389705,0.00142144
30.4,-0.000386424,0.00142922
30.42,-0.000388893,0.00143946
30.44,-0.00038686,0.00144796
30.46,-0.000382632,0.00145548
30.48,-0.000381508,0.0014622
30.5,-0.000382746,0.00147332
30.52,-0.000379832,0.00148078
30.54,-0.000377362,0.00148723
30.56,-0.000376336,0.0014968
30.58,-0.000376615,0.00150651
30.6,-0.000373581,0.00151332
30.62,-0.000371933,0.0015199
30.64,-0.000371648,0.0015307
30.66,-0.000369152,0.00154011
30.68,-0.000367706,0.00154623
30.7,-0.00036497,0.00155444
30.72,-0.000365463,0.00156701
30.74,-0.000363068,0.00157347
30.76,-0.000360761,0.00158006
30.78,-0.000358868,0.00158993
30.8,-0.000359372,0.00159951
30.82,-0.000356611,0.00160693
30.84,-0.000352989,0.00161454
30.86,-0.00035247,0.00162514
30.88,-0.000352297,0.00163326
30.9,-0.000348403,0.00164049
30.92,-0.000345213,0.00164968
30.94,-0.000346975,0.00166045
30.96,-0.000344228,0.00166777
30.98,-0.000339083,0.00167569
31,-0.000339635,0.00168497
31.02,-0.000339426,0.00169418
31.04,-0.000334645,0.00170263
31.06,-0.000333278,0.00170923
31.08,-0.000334348,0.00172181
31.1,-0.000330658,0.00172967
31.12,-0.000327403,0.0017365
31.14,-0.000325932,0.0017459
31.16,-0.000324984,0.00175627
31.18,-0.000322076,0.00176319
31.2,-0.000319073,0.00177097
31.22,-0.000319842,0.00178357
31.24,-0.000318158,0.00178922
31.26,-0.000314475,0.00179609
31.28,-0.000309235,0.0018057
31.3,-0.000308055,0.00181512
31.32,-0.000304318,0.00182522
31.34,-0.000301174,0.00183368
31.36,-0.000302742,0.00184299
31.38,-0.000299463,0.00184802
31.4,-0.000295108,0.00185551
31.42,-0.000296211,0.00186541
31.44,-0.00029964,0.00187463
31.46,-0.000296263,0.00188404
31.48,-0.000295751,0.00189232
31.5,-0.000297884,0.00189693
31.52,-0.000295467,0.00190127
31.54,-0.000294055,0.00191031
31.56,-0.000296155,0.00191936
31.58,-0.000293203,0.00192595
31.6,-0.00029195,0.00193412
31.62,-0.000293735,0.00194179
31.64,-0.000291777,0.00194651
31.66,-0.00028881,0.00195524
31.68,-0.000292404,0.00196364
31.7,-0.000290128,0.00196903
31.72,-0.000287388,0.00197733
31.74,-0.000291068,0.00198497
31.76,-0.000288548,0.00199028
31.78,-0.000285874,0.00199801
31.8,-0.000288651,0.00200711
31.82,-0.000287372,0.00201197
31.84,-0.000284859,0.00201919
31.86,-0.000287245,0.0020281
31.88,-0.000285566,0.00203321
31.9,-0.000282851,0.00204107
31.92,-0.000285209,0.00205048
31.94,-0.000283488,0.00205559
31.96,-0.000281067,0.00206315
31.98,-0.000283294,0.00207259
32,-0.000281579,0.00207762
32.02,-0.000279404,0.00208521
32.04,-0.000281904,0.00209519
32.06,-0.000280301,0.00210004
32.08,-0.000277459,0.00210702
32.1,-0.00028001,0.00211625
32.12,-0.000278258,0.002121
32.14,-0.000275516,0.00212848
32.16,-0.000277539,0.00213786
32.18,-0.000276095,0.00214307
32.2,-0.000273157,0.00215088
32.22,-0.000275853,0.00215991
32.24,-0.000274007,0.0021653
32.26,-0.000271213,0.00217333
32.28,-0.000274434,0.00218114
32.3,-0.000271572,0.00218659
32.32,-0.000268446,0.0021949
32.34,-0.000271447,0.00220306
32.36,-0.000268626,0.00220874
32.38,-0.000266994,0.00221762
32.4,-0.000269636,0.00222534
32.42,-0.000267039,0.00223124
32.44,-0.000266099,0.0022393
32.46,-0.000267975,0.00224712
32.48,-0.00026468,0.00225274
32.5,-0.000264435,0.00226176
32.52,-0.000266113,0.00226916
32.54,-0.000262512,0.00227502
32.56,-0.000264052,0.00228375
32.58,-0.000263878,0.00229038
32.6,-0.000259944,0.0022968
32.62,-0.000263527,0.00230547
32.64,-0.000262335,0.00231224
32.66,-0.000257863,0.00231919
32.68,-0.000261683,0.00232879
32.7,-0.000259023,0.00233456
32.72,-0.000256177,0.00234098
32.74,-0.000259876,0.00235035
32.76,-0.000257081,0.00235634
32.78,-0.000254736,0.00236228
32.8,-0.000257504,0.00237187
32.82,-0.000253944,0.00237851
32.84,-0.000253173,0.00238376
32.86,-0.00025536,0.0023934
32.88,-0.000251058,0.00240045
32.9,-0.000252078,0.00240612
32.92,-0.000253357,0.00241568
32.94,-0.000249971,0.00242206
32.96,-0.000250174,0.00242872
32.98,-0.000250488,0.00243799
33,-0.000247774,0.00244338
33.02,-0.000249373,0.00245148
33.04,-0.000247565,0.00246028
33.06,-0.000246935,0.00246408
33.08,-0.000248688,0.00247497
33.1,-0.000246782,0.00248089
33.12,-0.00024436,0.00248641
33.14,-0.00024567,0.00249774
33.16,-0.000245092,0.00250221
33.18,-0.000242593,0.00250826
33.2,-0.000243845,0.00251854
33.22,-0.000242229,0.00252399
33.24,-0.000239981,0.00253201
33.26,-0.00024177,0.00254081
33.28,-0.000239389,0.00254636
33.3,-0.000238338,0.00255556
33.32,-0.000240194,0.00256317
33.34,-0.000238603,0.00256821
33.36,-0.000242931,0.00257913
33.38,-0.000240904,0.00258585
33.4,-0.000235856,0.0025928
33.42,-0.000239326,0.00260099
33.44,-0.000236665,0.00260628
33.46,-0.00023552,0.00261431
33.48,-0.000237634,0.00262189
33.5,-0.000232661,0.0026286
33.52,-0.000236144,0.00263937
33.54,-0.000232806,0.00264497
33.56,-0.000228797,0.00265036
33.58,-0.000231332,0.00265819
33.6,-0.000227376,0.00266391
33.62,-0.000227776,0.00267286
33.64,-0.000227021,0.00268037
33.66,-0.000222618,0.00268667
33.68,-0.000226541,0.00269465
33.7,-0.000222725,0.00270006
33.72,-0.000221237,0.00270718
33.74,-0.000221669,0.00271582
33.76,-0.000216992,0.00272226
33.78,-0.000221017,0.00273111
33.8,-0.000217365,0.00273704
33.82,-0.000214623,0.0027426
33.84,-0.000216595,0.00275191
33.86,-0.000211865,0.00275819
33.88,-0.000216062,0.00276725
33.9,-0.000212674,0.00277357
33.92,-0.000209584,0.00277871
33.94,-0.000212626,0.00278779
33.96,-0.000209111,0.00279398
33.98,-0.000210339,0.00280253
34,-0.00020863,0.0028102
34.02,-0.000206203,0.00281483
34.04,-0.000207708,0.00282548
34.06,-0.000205154,0.00283059
34.08,-0.00020428,0.00283872
34.1,-0.000202651,0.0028478
34.12,-0.000200966,0.00285201
34.14,-0.000201846,0.00286275
34.16,-0.000200163,0.00286743
34.18,-0.000198395,0.00287502
34.2,-0.000199291,0.00288327
34.22,-0.000195652,0.00288792
34.24,-0.000196654,0.00289825
34.26,-0.000194597,0.00290362
34.28,-0.000191147,0.00291073
34.3,-0.000193292,0.00291948
34.32,-0.000189783,0.00292458
34.34,-0.000192193,0.00293487
34.36,-0.000190029,0.00294007
34.38,-0.000186222,0.00294658
34.4,-0.000188812,0.00295506
34.42,-0.000183785,0.00296181
34.44,-0.000187603,0.00297049
34.46,-0.000183422,0.00297716
34.48,-0.000181862,0.00298249
34.5,-0.000182811,0.00299169
34.52,-0.000179789,0.00299644
34.54,-0.000181137,0.00300736
34.56,-0.000178523,0.00301255
34.58,-0.00017606,0.0030183
34.6,-0.00017778,0.00302798
34.62,-0.000174526,0.00303305
34.64,-0.000175921,0.00304343
34.66,-0.000174012,0.0030485
34.68,-0.000170386,0.00305505
34.7,-0.000172874,0.0030634
34.72,-0.000168566,0.00306926
34.74,-0.000171545,0.00307886
34.76,-0.000167585,0.00308446
34.78,-0.000165482,0.00308957
34.8,-0.000166224,0.00309971
34.82,-0.000165452,0.00310274
34.84,-0.000170864,0.00310948
34.86,-0.000174447,0.00311034
34.88,-0.000175705,0.00311228
34.9,-0.000182386,0.00311674
34.92,-0.000181727,0.00311935
34.94,-0.000190384,0.00312345
34.96,-0.000191737,0.00312612
34.98,-0.000194858,0.00312744
35,-0.00020088,0.00313293
35.02,-0.000201608,0.003134
35.04,-0.000209007,0.00313962
35.06,-0.000209471,0.00314205
35.08,-0.000212399,0.00314297
35.1,-0.000217686,0.00314958
35.12,-0.000220634,0.00314998
35.14,-0.000224613,0.00315479
35.16,-0.000227693,0.00315825
35.18,-0.000230728,0.00315812
35.2,-0.000236361,0.00316507
35.22,-0.000239128,0.00316563
35.24,-0.000241547,0.003168
35.26,-0.000246891,0.00317393
35.28,-0.000249817,0.00317388
35.3,-0.000253311,0.00317805
35.32,-0.000253301,0.00317693
35.34,-0.000251383,0.00317476
35.36,-0.000253622,0.00317798
35.38,-0.000253477,0.0031756
35.4,-0.000251945,0.00317535
35.42,-0.000252407,0.00317824
35.44,-0.000251324,0.00317557
35.46,-0.000253301,0.00317789
35.48,-0.00025246,0.00317752
35.5,-0.000250789,0.00317532
35.52,-0.000253481,0.00317821
35.54,-0.000252279,0.00317661
35.56,-0.000251362,0.00317595
35.58,-0.000251962,0.00317871
35.6,-0.000251484,0.00317562
35.62,-0.000253677,0.00317792
35.64,-0.000251035,0.00317807
35.66,-0.000250114,0.00317529
35.68,-0.000253178,0.0031777
35.7,-0.000250643,0.00317616
35.72,-0.000250556,0.0031745
35.74,-0.000252319,0.00317695
35.76,-0.000250569,0.00317449
35.78,-0.000253557,0.00317644
35.8,-0.000251696,0.00317669
35.82,-0.000250768,0.0031742
35.84,-0.000253377,0.00317687
35.86,-0.000250217,0.00317631
35.88,-0.000251049,0.00317372
35.9,-0.000252972,0.00317612
35.92,-0.000250283,0.00317477
35.94,-0.000251998,0.00317564
35.96,-0.00025152,0.00317644
35.98,-0.000249359,0.00317427
36,-0.000252782,0.00317677
36.02,-0.000249582,0.0031761
36.04,-0.000249283,0.00317427
36.06,-0.000251703,0.00317613
36.08,-0.000249148,0.00317481
36.1,-0.000251402,0.00317562
36.12,-0.000250733,0.00317572
36.14,-0.000247652,0.00317408
36.16,-0.000251548,0.00317629
36.18,-0.000249698,0.00317492
36.2,-0.00024832,0.00317384
36.22,-0.000251176,0.00317573
36.24,-0.000248093,0.00317468
36.26,-0.000250494,0.00317482
36.28,-0.000250528,0.00317535
36.3,-0.000247896,0.00317373
36.32,-0.000251904,0.00317533
36.34,-0.000249565,0.00317414
36.36,-0.000247294,0.00317359
36.38,-0.000251041,0.0031752
36.4,-0.000248468,0.00317386
36.42,-0.000249091,0.00317441
36.44,-0.000249962,0.00317472
36.46,-0.000246351,0.00317346
36.48,-0.000250907,0.00317496
36.5,-0.000249058,0.00317407
36.52,-0.00024664,0.00317309
36.54,-0.000250511,0.00317505
36.56,-0.000247861,0.00317396
36.58,-0.000248587,0.00317459
36.6,-0.000249889,0.00317546
36.62,-0.000246868,0.00317359
36.64,-0.000250545,0.00317605
36.66,-0.000249562,0.00317458
36.68,-0.000246157,0.00317435
36.7,-0.00025033,0.00317605
36.72,-0.000248273,0.00317452
36.74,-0.000248495,0.00317556
36.76,-0.000250582,0.00317545
36.78,-0.000247433,0.00317402
36.8,-0.000250852,0.00317697
36.82,-0.000249385,0.00317537
36.84,-0.000246101,0.0031741
36.86,-0.000249642,0.00317674
36.88,-0.000247844,0.00317462
36.9,-0.000245949,0.00317569
36.92,-0.000249093,0.00317604
36.94,-0.000246457,0.00317426
36.959,-0.000249142,0.0031777
36.98,-0.000248724,0.00317532
37,-0.000246488,0.00317373
37.02,-0.000249731,0.003176
37.04,-0.000248522,0.00317344
37.06,-0.000247179,0.00317406
37.08,-0.000249107,0.0031751
37.1,-0.000247775,0.00317294
37.12,-0.00024911,0.0031771
37.14,-0.000248738,0.00317468
37.16,-0.00024667,0.00317363
37.18,-0.000249256,0.00317651
37.2,-0.000248906,0.0031744
37.22,-0.000246877,0.00317453
37.24,-0.000249622,0.00317643
37.26,-0.00024761,0.00317408
37.28,-0.000248502,0.00317743
37.3,-0.000248245,0.00317656
37.32,-0.000246596,0.00317421
37.34,-0.000248363,0.00317819
37.36,-0.000248047,0.00317562
37.38,-0.000246425,0.00317486
37.4,-0.000248319,0.00317707
37.42,-0.000247116,0.00317449
37.44,-0.000249008,0.00317757
37.46,-0.000248776,0.00317677
37.48,-0.000246707,0.00317439
37.5,-0.00024879,0.00317784
37.52,-0.000247205,0.00317601
37.54,-0.000247158,0.00317503
37.56,-0.000248039,0.00317819
37.58,-0.000247323,0.00317541
37.6,-0.000248197,0.00317709
37.62,-0.000248042,0.00317747
37.64,-0.000246319,0.0031745
37.66,-0.000248615,0.0031774
37.68,-0.000247826,0.00317592
37.7,-0.000246331,0.00317464
37.72,-0.000247693,0.00317765
37.74,-0.000245756,0.00317563
37.76,-0.000247264,0.00317627
37.78,-0.000245721,0.00317761
37.8,-0.000244878,0.00317482
37.82,-0.000247946,0.00317833
37.84,-0.000245541,0.00317737
37.86,-0.000245095,0.00317558
37.88,-0.000246921,0.00317791
37.9,-0.00024525,0.00317601
37.92,-0.000247159,0.00317703
37.94,-0.000246273,0.00317786
37.96,-0.000244442,0.00317621
37.98,-0.000248474,0.00317823
38,-0.000245953,0.00317757
38.02,-0.000246021,0.00317534
38.04,-0.000248673,0.00317789
38.06,-0.000246594,0.0031766
38.08,-0.000247948,0.00317672
38.1,-0.000248408,0.00317808
38.12,-0.000245809,0.00317578
38.14,-0.000249032,0.00317853
38.16,-0.000246732,0.00317772
38.18,-0.000245111,0.00317592
38.2,-0.000248757,0.003178
38.22,-0.000245515,0.00317714
38.24,-0.000247141,0.00317704
38.26,-0.000248017,0.00317858
38.28,-0.000244985,0.00317678
38.3,-0.000249236,0.00317875
38.32,-0.000247102,0.00317808
38.34,-0.00024544,0.00317616
38.36,-0.000248949,0.00317813
38.38,-0.000246177,0.00317702
38.4,-0.00182244,0.00209116
38.42,0.000130585,0.00142561
38.44,-0.00721017,-0.00476029
38.46,-0.0165811,-0.0119341
38.48,-0.0206551,-0.0173101
38.5,-0.0324014,-0.0251436
38.52,-0.0353798,-0.0278361
38.54,-0.021938,-0.017154
38.56,-0.00202873,0.000637166
38.58,-0.00487982,0.00178595
38.6,-0.00211461,-9.96713e-05
38.62,-0.000740978,3.10788e-05
38.64,-0.00574062,0.00419849
38.66,-0.00920365,0.00851805
38.68,-0.0146863,0.0120184
38.7,-0.0225996,0.0182581
38.72,-0.0282792,0.022812
38.74,-0.0315463,0.0259603
38.76,-0.035313,0.0299538
38.78,-0.0281182,0.0267441
38.8,-0.0164631,0.0170368
38.82,-0.000294734,0.00375277
38.84,0.00490869,0.000189481
38.86,0.00444517,-0.000983562
38.88,-0.00118095,-0.00477344
38.9,-0.00520032,-0.00697964
38.92,-0.00892947,-0.00894416
38.94,-0.0114076,-0.0109692
38.96,-0.0128933,-0.0106396
38.98,-0.0136279,-0.0109685
39,-0.0135527,-0.0108344
39.02,-0.0123491,-0.00986543
39.04,-0.00615086,-0.00115533
39.06,-0.00647123,0.00894475
39.08,-0.0135674,0.0117418
39.1,-0.0147043,0.0151855
39.12,-0.0230716,0.0219853
39.14,-0.032268,0.0305615
39.16,-0.0409194,0.0378987
39.18,-0.0510511,0.0467524
39.2,-0.0611165,0.0561473
39.22,-0.0686056,0.0648428
39.24,-0.0805193,0.074125
39.26,-0.0806304,0.0784111
39.28,-0.0642845,0.0718049
39.3,-0.0467108,0.06075
39.32,-0.023398,0.0451619
39.34,0.00601143,0.0267526
39.36,0.0231373,0.0190318
39.38,0.0214832,0.0182402
39.4,0.0154956,0.0114305
39.42,0.0110368,0.00956848
39.44,0.0132927,0.0121104
39.46,0.0151032,0.0143569
39.48,0.0173946,0.0167422
39.5,0.0183783,0.020218
39.52,0.0205438,0.0226655
39.54,0.00154486,0.0104425
39.56,-0.00770266,0.00887025
39.58,-0.0127904,0.0145973
39.6,-0.0182284,0.0188444
39.62,-0.0239256,0.0235992
39.64,-0.0296141,0.0287043
39.66,-0.0359592,0.034774
39.68,-0.0426365,0.0412162
39.7,-0.0542935,0.0505221
39.72,-0.0644381,0.0593654
39.74,-0.0752221,0.0683785
39.76,-0.0713136,0.0688011
39.78,-0.0553746,0.0597398
39.8,-0.0379998,0.0463268
39.82,-0.0173077,0.0278387
39.84,0.0087669,0.00917587
39.86,0.00736135,0.00793917
39.88,0.00102782,-0.00057864
39.9,-0.00793387,-0.00839359
39.92,-0.0122496,-0.0110639
39.94,-0.0156238,-0.0130066
39.96,-0.0175278,-0.0155595
39.98,-0.0202663,-0.0162243
40,-0.0256628,-0.0199529
40.02,-0.0240117,-0.0186652
40.04,-0.013775,-0.00777783
40.06,-0.00281239,0.00690354
40.08,-0.00933035,0.00666415
40.1,-0.00589221,0.00619167
40.12,-0.00909745,0.0093369
40.14,-0.0173896,0.0162014
40.16,-0.0247126,0.0225798
40.18,-0.0324679,0.0287786
40.2,-0.0381574,0.0352505
40.22,-0.0466187,0.041342
40.24,-0.0574286,0.049473
40.26,-0.0578969,0.0533935
40.28,-0.0454482,0.0475346
40.3,-0.0278886,0.0341721
40.32,-0.00700888,0.0177346
40.34,0.0115628,0.00663486
40.36,0.00963004,0.00678611
40.38,0.00456984,0.00217409
40.4,0.000140937,-0.00105457
40.42,-0.00105791,-0.0015128
40.44,-0.00449835,-0.00327622
40.46,-0.00444876,-0.0036099
40.48,-0.00530864,-0.00247209
40.5,-0.0070248,-0.00331316
40.52,-0.0047289,-0.00147267
40.54,8.50218e-05,0.00372262
40.56,-0.00790349,0.008534
40.58,-0.0113717,0.0110511
40.6,-0.013261,0.0140521
40.62,-0.0213398,0.0206166
40.64,-0.0301623,0.0279017
40.66,-0.0362875,0.0341093
40.68,-0.0422438,0.0394826
40.7,-0.0523555,0.0481395
40.72,-0.0616207,0.0565286
40.74,-0.0720477,0.0654749
40.76,-0.0686321,0.0665529
40.78,-0.0552433,0.0591223
40.8,-0.0367353,0.04449
40.82,-0.0143933,0.0258924
40.84,0.0098734,0.00791881
40.86,0.00684179,0.00669081
40.88,0.000187538,-0.00336336
40.9,-0.00950256,-0.0113538
40.92,-0.0136862,-0.0140803
40.94,-0.0161878,-0.0155047
40.96,-0.0177075,-0.0174639
40.98,-0.0215391,-0.0189104
41,-0.0262339,-0.0223014
41.02,-0.0234995,-0.0200019
41.04,-0.0133915,-0.00881099
41.06,-0.000597812,0.00642442
41.08,-0.00871792,0.00729644
41.1,-0.00790051,0.0084573
41.12,-0.0122326,0.0128198
41.14,-0.0214223,0.0202334
41.16,-0.0297177,0.0274761
41.18,-0.0382634,0.035288
41.2,-0.0454336,0.0429693
41.22,-0.0552671,0.0508115
41.24,-0.0683558,0.0612205
41.26,-0.0655452,0.0637601
41.28,-0.0516133,0.0565566
41.3,-0.0324281,0.0403079
41.32,-0.0105189,0.0216793
41.34,0.00965196,0.00803783
41.36,0.00600534,0.00620363
41.38,-0.000587447,-0.00186905
41.4,-0.00647279,-0.00610551
41.42,-0.00742608,-0.00630194
41.44,-0.00963776,-0.0073661
41.46,-0.0107488,-0.00829108
41.48,-0.0135884,-0.0089697
41.5,-0.0159031,-0.0104657
41.52,-0.0144099,-0.00947308
41.54,-0.00659649,-0.000527605
41.56,-0.0059498,0.00844401
41.58,-0.0114546,0.00969539
41.6,-0.0115153,0.0119654
41.62,-0.0180389,0.0172195
41.64,-0.0263288,0.0246339
41.66,-0.0327417,0.0304952
41.68,-0.042298,0.038624
41.7,-0.0509561,0.0464539
41.72,-0.0595552,0.0543379
41.74,-0.0660003,0.0614066
41.76,-0.0680858,0.0647788
41.78,-0.0552586,0.0586649
41.8,-0.0385503,0.044703
41.82,-0.0144003,0.0249821
41.84,0.0115909,0.00610529
41.86,0.00919768,0.00797865
41.88,0.00664712,0.00359923
41.9,0.0016622,0.00030314
41.92,0.00105786,0.000644922
41.94,3.26846e-05,0.000732765
41.96,0.00144265,0.0022616
41.98,-0.000842589,0.00219617
42,-0.000407954,0.00310626
42.02,0.00439727,0.00723926
42.04,0.00748512,0.00877693
42.06,-0.00416683,0.00744387
42.08,-0.00581833,0.00812883
42.1,-0.00670557,0.00979574
42.12,-0.0155883,0.0173635
42.14,-0.0249908,0.0244589
42.16,-0.0316588,0.02985
42.18,-0.0373951,0.0353864
42.2,-0.0472109,0.0433853
42.22,-0.0567687,0.0512892
42.24,-0.0673915,0.0605632
42.26,-0.065564,0.0621834
42.28,-0.0533992,0.0543767
42.3,-0.0357699,0.0383742
42.32,-0.0163327,0.0191842
42.34,0.0053318,0.00196542
42.36,-0.00034484,-0.000428214
42.38,-0.00752055,-0.0112427
42.4,-0.0179933,-0.0194231
42.42,-0.0226172,-0.0227009
42.44,-0.0269928,-0.0255091
42.46,-0.0292886,-0.0278036
42.48,-0.0356955,-0.0317678
42.5,-0.0409994,-0.0363442
42.52,-0.035837,-0.0322334
42.54,-0.0245344,-0.0196457
42.56,-0.0035534,0.000857994
42.58,-0.00778918,0.00703555
42.6,-0.00796283,0.00590228
42.62,-0.0073461,0.00749941
42.64,-0.0145096,0.0140755
42.66,-0.0239588,0.0215162
42.68,-0.0320114,0.0286138
42.7,-0.0405639,0.0360344
42.72,-0.0474777,0.0432686
42.74,-0.057787,0.0506447
42.76,-0.0619274,0.0567355
42.78,-0.0487461,0.0517408
42.8,-0.0327155,0.0394115
42.82,-0.0101969,0.0219559
42.84,0.0113628,0.00790805
42.86,0.00978033,0.00799855
42.88,0.00479514,0.00235342
42.9,0.00103591,0.000257771
42.92,0.00265112,0.00217132
42.94,0.00193052,0.00248686
42.96,0.00352404,0.00352907
42.98,0.00291649,0.00523318
43,0.00264405,0.0058519
43.02,0.00689276,0.00969537
43.04,0.01019,0.0110375
43.06,0.00056757,0.00670767
43.08,-0.00196411,0.00463429
43.1,-0.000944636,0.00445366
43.12,-0.00818723,0.0107814
43.14,-0.018109,0.0186846
43.16,-0.0259443,0.02471
43.18,-0.0291861,0.0295127
43.2,-0.0366772,0.0349969
43.22,-0.0469045,0.0428202
43.24,-0.0561658,0.0506084
43.26,-0.0576439,0.0541384
43.28,-0.0478036,0.0463162
43.3,-0.0328204,0.030647
43.32,-0.0143368,0.0108898
43.34,-0.000257212,-0.00260552
43.36,-0.00680583,-0.00688341
43.38,-0.0159543,-0.0165524
43.4,-0.0243049,-0.02305
43.42,-0.0289154,-0.0268117
43.44,-0.0345607,-0.0319121
43.46,-0.0407647,-0.0358959
43.48,-0.0486012,-0.0420403
43.5,-0.0537028,-0.0470508
43.52,-0.0454979,-0.0400741
43.54,-0.0321302,-0.0251436
43.56,-0.00745651,-0.00265501
43.58,-0.00801515,0.00369317
43.6,-0.00932536,0.00372367
43.62,-0.00673737,0.00608532
43.64,-0.012108,0.010322
43.66,-0.019,0.0163675
43.68,-0.0223497,0.0214256
43.7,-0.0317949,0.0279764
43.72,-0.0418751,0.0358121
43.74,-0.0477059,0.041138
43.76,-0.0501791,0.0448032
43.78,-0.0397569,0.0395594
43.8,-0.0249934,0.0270909
43.82,-0.00564523,0.0100434
43.84,0.00622585,0.00255328
43.86,0.00357436,0.00113168
43.88,-0.00191973,-0.00384975
43.9,-0.00535428,-0.0059056
43.92,-0.00697947,-0.00663023
43.94,-0.00941328,-0.00846938
43.96,-0.0108957,-0.00820524
43.98,-0.0132728,-0.00931501
44,-0.0131582,-0.00926628
44.02,-0.0110484,-0.00760904
44.04,-0.00379976,0.00010227
44.06,-0.00469002,0.00764056
44.08,-0.00925785,0.0090012
44.1,-0.00994328,0.0114167
44.12,-0.0178424,0.0176766
44.14,-0.0261918,0.0245756
44.16,-0.0300293,0.0295708
44.18,-0.0389591,0.0362832
44.2,-0.0484999,0.0443666
44.22,-0.0569999,0.0521361
44.24,-0.0659777,0.060262
44.26,-0.0648752,0.0628738
44.28,-0.0506835,0.0561562
44.3,-0.0333131,0.0415898
44.32,-0.0129011,0.0227226
44.34,0.00833377,0.00758043
44.36,0.00601745,0.00573811
44.38,-0.000717254,-0.0032644
44.4,-0.00872102,-0.00882197
44.42,-0.0101892,-0.00944601
44.44,-0.0119459,-0.0101813
44.46,-0.0122913,-0.0108717
44.48,-0.0157309,-0.011867
44.5,-0.0186774,-0.0139486
44.52,-0.0164624,-0.0121472
44.54,-0.00817862,-0.00227215
44.56,-0.00554644,0.00745038
44.58,-0.0118568,0.00949201
44.6,-0.0114279,0.0115113
44.62,-0.0180401,0.0172186
44.64,-0.027921,0.0251298
44.66,-0.0346653,0.0315538
44.68,-0.0396378,0.0370368
44.7,-0.0505292,0.0459006
44.72,-0.0603568,0.0543384
44.74,-0.0706544,0.0633135
44.76,-0.0680665,0.0652701
44.78,-0.0545632,0.05821
44.8,-0.0372407,0.0436469
44.82,-0.0154001,0.0235325
44.84,0.00753827,0.00641587
44.86,0.00476005,0.0038861
44.88,-0.00340373,-0.00633819
44.9,-0.011866,-0.0125114
44.92,-0.0147545,-0.0141362
44.94,-0.0172015,-0.0155139
44.96,-0.0177072,-0.0160208
44.98,-0.023734,-0.0192315
45,-0.0274941,-0.0223272
45.02,-0.0237529,-0.0190816
45.04,-0.0128342,-0.00834507
45.06,-0.000704136,0.00612153
45.08,-0.00806059,0.00535567
45.1,-0.00489416,0.00489852
45.12,-0.00808164,0.008273
45.14,-0.0166992,0.0152508
45.16,-0.0254852,0.0227654
45.18,-0.0323562,0.0291679
45.2,-0.0380841,0.0351579
45.22,-0.048262,0.0428969
45.24,-0.0586244,0.0512167
45.26,-0.0592757,0.0551687
45.28,-0.0481268,0.0494041
45.3,-0.0319274,0.0360288
45.32,-0.0121105,0.0170616
45.34,0.00466941,0.00470205
45.36,0.00110818,0.00170076
45.38,-0.00539144,-0.0064073
45.4,-0.0117035,-0.0105778
45.42,-0.0135656,-0.0115466
45.44,-0.0171168,-0.0135901
45.46,-0.0175,-0.0148341
45.48,-0.0202526,-0.0152959
45.5,-0.0236654,-0.0177398
45.52,-0.0214836,-0.0159493
45.54,-0.0118331,-0.0048369
45.56,-0.00363133,0.0082513
45.58,-0.0108639,0.00799149
45.6,-0.00692473,0.00804703
45.62,-0.0118521,0.0122984
45.64,-0.0217687,0.0200036
45.66,-0.0278216,0.026209
45.68,-0.0371002,0.0337489
45.7,-0.0460734,0.0407951
45.72,-0.0541251,0.0483011
45.74,-0.0620904,0.0557343
45.76,-0.0628525,0.058683
45.78,-0.0493155,0.0515738
45.8,-0.0310783,0.0367965
45.82,-0.00993745,0.0181192
45.84,0.00893398,0.00488856
45.86,0.00572819,0.00341773
45.88,-0.000393145,-0.00317364
45.9,-0.00462395,-0.00563457
45.92,-0.0047902,-0.00525095
45.94,-0.00728191,-0.00644773
45.96,-0.0072095,-0.00672199
45.98,-0.00890301,-0.0063436
46,-0.0110558,-0.00744179
46.02,-0.00920941,-0.00576912
46.04,-0.00153847,0.00185321
46.06,-0.00465868,0.00636923
46.08,-0.0066999,0.0065025
46.1,-0.00653327,0.00825623
46.12,-0.0136351,0.0141033
46.14,-0.0227427,0.0211171
46.16,-0.029129,0.0271021
46.18,-0.0335594,0.0322954
46.2,-0.041922,0.0386337
46.22,-0.0510295,0.0460684
46.24,-0.0600296,0.0539923
46.26,-0.0601665,0.056603
46.28,-0.0484277,0.0485687
46.3,-0.0316579,0.0319047
46.32,-0.0110097,0.0108189
46.34,-0.000327329,-0.000239428
46.36,-0.00610533,-0.00538651
46.38,-0.0135456,-0.0137643
46.4,-0.0197571,-0.0175255
46.42,-0.0227945,-0.0196382
46.44,-0.0279749,-0.0236293
46.46,-0.0309863,-0.025522
46.48,-0.036912,-0.0297433
46.5,-0.0412628,-0.033308
46.52,-0.0360174,-0.0291365
46.54,-0.0233932,-0.0169566
46.56,-0.00348072,0.00249984
46.58,-0.00801233,0.00616359
46.6,-0.00805739,0.0063812
46.62,-0.00875261,0.00871642
46.64,-0.0156797,0.0144634
46.66,-0.0240164,0.0215305
46.68,-0.0325124,0.0287955
46.7,-0.036935,0.0337709
46.72,-0.0484444,0.0424908
46.74,-0.0565798,0.0497019
46.76,-0.0573841,0.053017
46.78,-0.045082,0.046761
46.8,-0.0287469,0.0348169
46.82,-0.00618289,0.0155029
46.84,0.0101038,0.00413594
46.86,0.00718726,0.00302274
46.88,0.00191589,-0.00248421
46.9,-0.00150176,-0.00353442
46.92,-0.00208007,-0.00293473
46.94,-0.00403107,-0.0036783
46.96,-0.00244542,-0.00272918
46.98,-0.00392065,-0.00195773
47,-0.0052082,-0.00240137
47.02,-0.00240625,0.00035961
47.04,0.00122141,0.00401795
47.06,-0.00874224,0.00896291
47.08,-0.0124387,0.0127641
47.1,-0.0163444,0.0168492
47.12,-0.0248039,0.0235754
47.14,-0.0328183,0.0304721
47.16,-0.0385685,0.0367418
47.18,-0.0456944,0.0426095
47.2,-0.0565508,0.0521013
47.22,-0.0663721,0.0609266
47.24,-0.0770265,0.0703275
47.26,-0.0728673,0.0709493
47.28,-0.0590828,0.0629069
47.3,-0.0387624,0.0449779
47.32,-0.0156668,0.0234801
47.34,0.00364484,0.00718849
47.36,-0.000560628,0.00300733
47.38,-0.00799574,-0.00793198
47.4,-0.0159365,-0.0141869
47.42,-0.0189008,-0.0161314
47.44,-0.0219168,-0.0181659
47.46,-0.0238825,-0.0198378
47.48,-0.0300081,-0.0234032
47.5,-0.034382,-0.0270185
47.52,-0.030747,-0.0241149
47.54,-0.0194935,-0.0131957
47.56,-0.00244438,0.00369388
47.58,-0.00933969,0.0058648
47.6,-0.00822839,0.0062245
47.62,-0.0105935,0.00915297
47.64,-0.0190211,0.0160623
47.66,-0.0264017,0.0225628
47.68,-0.03397,0.0294078
47.7,-0.039646,0.0350528
47.72,-0.050421,0.0432468
47.74,-0.0600647,0.0516285
47.76,-0.0595443,0.0543581
47.78,-0.0478799,0.0469737
47.8,-0.0308211,0.0304556
47.82,-0.00922164,0.00915396
47.84,0.000156913,0.000555853
47.86,-0.00344946,-0.00459235
47.88,-0.00982594,-0.0124921
47.9,-0.0149208,-0.0149574
47.92,-0.0180679,-0.016318
47.94,-0.0198455,-0.01848
47.96,-0.0226728,-0.0192582
47.98,-0.0280178,-0.022771
48,-0.0302694,-0.024556
48.02,-0.0268383,-0.0216102
48.04,-0.0158474,-0.0105936
48.06,-0.00254938,0.00507816
48.08,-0.0106722,0.00715552
48.1,-0.00981066,0.00839776
48.12,-0.0135229,0.0123975
48.14,-0.0212497,0.0192256
48.16,-0.0302647,0.0268243
48.18,-0.0386313,0.0341719
48.2,-0.0486773,0.0427842
48.22,-0.0540386,0.0487847
48.24,-0.0679045,0.0589253
48.26,-0.0672916,0.0631117
48.28,-0.052888,0.0563684
48.3,-0.0347958,0.041291
48.32,-0.00928428,0.0203087
48.34,0.00781515,0.0078022
48.36,0.0041569,0.00479008
48.38,-0.00149129,-0.00253412
48.4,-0.00616913,-0.00472953
48.42,-0.00640534,-0.00394272
48.44,-0.00859679,-0.00475484
48.46,-0.00798839,-0.00386085
48.48,-0.010975,-0.00498101
48.5,-0.0119626,-0.00528024
48.52,-0.00918727,-0.00302548
48.54,-0.00246354,0.00413949
48.56,-0.00788121,0.0100211
48.58,-0.0127173,0.0127686
48.6,-0.0152294,0.0164305
48.62,-0.0235577,0.023276
48.64,-0.0322962,0.0306358
48.66,-0.0405957,0.0381875
48.68,-0.045882,0.0437918
48.7,-0.0572691,0.0531976
48.72,-0.0680837,0.0624921
48.74,-0.0792202,0.0725056
48.76,-0.0721295,0.0721653
48.78,-0.0572717,0.0640813
48.8,-0.0361085,0.0454274
48.82,-0.0104904,0.0228129
48.84,0.00828978,0.00845122
48.86,0.00263434,0.00500948
48.88,-0.00430613,-0.00457644
48.9,-0.0109036,-0.00947237
48.92,-0.013297,-0.0104263
48.94,-0.0164911,-0.0126188
48.96,-0.0173499,-0.0136792
48.98,-0.0221756,-0.0162394
49,-0.0263795,-0.0193439
49.02,-0.0241503,-0.0170496
49.04,-0.01294,-0.00721548
49.06,-0.00320579,0.00557391
49.08,-0.0114819,0.00725544
49.1,-0.0104332,0.00899377
49.12,-0.0153918,0.0131533
49.14,-0.0232026,0.0198188
49.16,-0.0302619,0.0262551
49.18,-0.036017,0.0325764
49.2,-0.0446689,0.0394117
49.22,-0.0553804,0.0479433
49.24,-0.0643369,0.0560101
49.26,-0.0633669,0.0583194
49.28,-0.0505118,0.0515785
49.3,-0.0310951,0.0344975
49.32,-0.00707635,0.0126624
49.34,0.00379296,0.00372149
49.36,-0.000746857,-0.000870755
49.38,-0.00653649,-0.00893578
49.4,-0.0109353,-0.0114281
49.42,-0.0130768,-0.0121665
49.44,-0.0148356,-0.0137069
49.46,-0.016005,-0.013915
49.48,-0.0205473,-0.0166111
49.5,-0.0225799,-0.0180711
49.52,-0.0200645,-0.0156967
49.54,-0.0101394,-0.00626619
49.56,-0.000927808,0.00574904
49.58,-0.0073537,0.0058935
49.6,-0.00476511,0.00626458
49.62,-0.00907135,0.0101516
49.64,-0.0172058,0.0165658
49.66,-0.0239788,0.0226699
49.68,-0.0294895,0.0285489
49.7,-0.0384194,0.033906
49.72,-0.0483009,0.0419066
49.74,-0.0562796,0.0490265
49.76,-0.0567424,0.0520531
49.78,-0.0454304,0.0448772
49.8,-0.0287961,0.0292137
49.82,-0.00536488,0.00754442
49.84,0.000323947,0.000368069
49.86,-0.00323579,-0.00427562
49.88,-0.00893594,-0.010479
49.9,-0.0122014,-0.0115905
49.92,-0.0141794,-0.0126168
49.94,-0.0163619,-0.0147739
49.96,-0.0198351,-0.0163771
49.98,-0.0231682,-0.0183135
50,-0.0242013,-0.0190984
50.02,-0.0222535,-0.0173179
50.04,-0.0120553,-0.00693677
50.06,-0.00293735,0.00635745
50.08,-0.0104381,0.00752343
50.1,-0.00843375,0.00881343
50.12,-0.0131925,0.0128606
50.14,-0.0220772,0.0201238
50.16,-0.0269135,0.025941
50.18,-0.0365282,0.0330832
50.2,-0.0461699,0.041494
50.22,-0.0538097,0.0484491
50.24,-0.0617804,0.0556799
50.26,-0.0617693,0.0590718
50.28,-0.0478207,0.051551
50.3,-0.0287906,0.035332
50.32,-0.00426852,0.0134515
50.34,0.00453101,0.00418657
50.36,0.00258043,0.00117253
50.38,-0.00208381,-0.00567607
50.4,-0.00556433,-0.00710912
50.42,-0.00577592,-0.00663687
50.44,-0.00558594,-0.00681437
50.46,-0.0081591,-0.00687032
50.48,-0.0109238,-0.00785038
50.5,-0.00954014,-0.00660969
50.52,-0.00655908,-0.00401335
50.54,-0.000485084,0.0023659
50.56,-0.00594152,0.00733708
50.58,-0.0107932,0.0108014
50.6,-0.0129229,0.0137823
50.62,-0.0209401,0.0202329
50.64,-0.0299596,0.0277475
50.66,-0.0357118,0.0333693
50.68,-0.0408509,0.0387707
50.7,-0.0514042,0.0475308
50.72,-0.0614009,0.0559383
50.74,-0.0709758,0.0647427
50.76,-0.0684601,0.0661664
50.78,-0.0540962,0.0574516
50.8,-0.0334286,0.0381734
50.82,-0.00807779,0.0143396
50.84,0.00407695,0.00199965
50.86,-0.00241029,-0.00304455
50.88,-0.00912377,-0.0123668
50.9,-0.0156084,-0.0167382
50.92,-0.0189535,-0.0183567
50.94,-0.0227692,-0.0211623
50.96,-0.0246608,-0.022469
50.98,-0.0311594,-0.026889
51,-0.0351973,-0.0301877
51.02,-0.0307732,-0.0267169
51.04,-0.0184796,-0.0152667
51.06,-0.000689894,0.00197467
51.08,-0.0079637,0.00486563
51.1,-0.00593696,0.00514223
51.12,-0.00830058,0.0079885
51.14,-0.0173977,0.01507
51.16,-0.0230787,0.0211003
51.18,-0.0324024,0.0281053
51.2,-0.0413661,0.0358695
51.22,-0.0494597,0.0430688
51.24,-0.0576029,0.0502926
51.26,-0.0589174,0.0542882
51.28,-0.0446884,0.0462767
51.3,-0.0254111,0.029625
51.32,-0.000807076,0.00649938
51.34,0.00274904,0.00297686
51.36,0.000181655,-0.001576
51.38,-0.00447815,-0.00677604
51.4,-0.00664415,-0.00680921
51.42,-0.00809782,-0.00678357
51.44,-0.00794854,-0.00743059
51.46,-0.00970039,-0.00712799
51.48,-0.0125117,-0.00825106
51.5,-0.0120192,-0.00747925
51.52,-0.009608,-0.00539735
51.54,-0.00311925,0.00111848
51.56,-0.0064865,0.008241
51.58,-0.0124004,0.0112509
51.6,-0.01539,0.0152903
51.62,-0.0230687,0.0216362
51.64,-0.0309916,0.0290072
51.66,-0.0385641,0.0355235
51.68,-0.0475162,0.0435076
51.7,-0.0566191,0.0520419
51.72,-0.0619953,0.058945
51.74,-0.0764195,0.0693915
51.76,-0.0790275,0.0753383
51.78,-0.0630937,0.0666661
51.8,-0.0429735,0.0496776
51.82,-0.0144647,0.0250341
51.84,0.00663068,0.00982852
51.86,0.00344753,0.00802805
51.88,-0.000485834,-0.000270134
51.9,-0.0055438,-0.00651794
51.92,-0.00732643,-0.00714211
51.94,-0.00699078,-0.00597004
51.96,-0.00318814,-0.00400363
51.98,-0.0062745,-0.00375978
52,-0.00992878,-0.00579629
52.02,-0.00730904,-0.00320348
52.04,9.20897e-06,0.00396611
52.06,-0.00720719,0.00928556
52.08,-0.0124011,0.0129776
52.1,-0.0142963,0.0160471
52.12,-0.0228498,0.0225989
52.14,-0.0317649,0.0300005
52.16,-0.0382379,0.036293
52.18,-0.0447332,0.0424756
52.2,-0.0556781,0.0517212
52.22,-0.0655719,0.0605897
52.24,-0.0766177,0.0701459
52.26,-0.0719935,0.0708896
52.28,-0.0567157,0.0619325
52.3,-0.0364839,0.0428565
52.32,-0.00895468,0.0170181
52.34,0.00176002,0.00587526
52.36,-0.00250791,-0.000485187
52.38,-0.0096802,-0.0107733
52.4,-0.0162414,-0.0160383
52.42,-0.0185986,-0.0171274
52.44,-0.022518,-0.01935
52.46,-0.0239162,-0.0206823
52.48,-0.029631,-0.0240809
52.5,-0.0340094,-0.0275529
52.52,-0.0305131,-0.0246397
52.54,-0.0183025,-0.0138463
52.56,-0.000740171,0.00372861
52.58,-0.0078367,0.00552781
52.6,-0.00695455,0.00593923
52.62,-0.00934033,0.00896043
52.64,-0.0176718,0.0155726
52.66,-0.0239521,0.0222508
52.68,-0.0332387,0.0292539
52.7,-0.0442025,0.0382191
52.72,-0.0526703,0.0459765
52.74,-0.061278,0.0535446
52.76,-0.061158,0.0570203
52.78,-0.0462225,0.049212
52.8,-0.0262546,0.0327301
52.82,0.000720021,0.00971978
52.84,0.00469064,0.00600289
52.86,0.00273154,0.00172713
52.88,-0.00212205,-0.00495366
52.9,-0.00458101,-0.00583215
52.92,-0.00500379,-0.00485358
52.94,-0.00238217,-0.00334635
52.96,-0.00484074,-0.00363982
52.98,-0.00786433,-0.00483623
53,-0.00617195,-0.00291938
53.02,-0.00230833,0.000418411
53.04,0.00129342,0.0037307
53.06,-0.00838696,0.00857412
53.08,-0.0125244,0.0126983
53.1,-0.0156088,0.0160757
53.12,-0.0235127,0.0220745
53.14,-0.0305622,0.0282424
53.16,-0.0367424,0.0342795
53.18,-0.0413454,0.0395971
53.2,-0.0525418,0.0488482
53.22,-0.0634282,0.0576774
53.24,-0.0728469,0.0663711
53.26,-0.0705305,0.0676904
53.28,-0.0558508,0.0585291
53.3,-0.0343184,0.038033
53.32,-0.00690873,0.0127864
53.34,6.2061e-05,0.00458819
53.36,-0.00491477,-0.0025531
53.38,-0.0132634,-0.0135389
53.4,-0.0199075,-0.0197356
53.42,-0.0232068,-0.0213044
53.44,-0.0264346,-0.0236019
53.46,-0.0277667,-0.0250498
53.48,-0.0342557,-0.0292064
53.5,-0.0395962,-0.0334507
53.52,-0.0344763,-0.0296812
53.54,-0.0224943,-0.0183035
53.56,-0.00260843,-0.000213145
53.58,-0.00654775,0.00357569
53.6,-0.00567699,0.00294297
53.62,-0.00407488,0.00477945
53.64,-0.0102495,0.0103158
53.66,-0.0186902,0.0170527
53.68,-0.0274584,0.0247957
53.7,-0.0369147,0.0314498
53.72,-0.0427007,0.0386245
53.74,-0.0506152,0.0441239
53.76,-0.0569863,0.050572
53.78,-0.0446274,0.0452289
53.8,-0.0252242,0.0288303
53.82,0.00174476,0.00680573
53.84,0.00482709,0.00475685
53.86,0.00505327,0.0023343
53.88,0.00132206,-0.000985961
53.9,0.0010435,0.00061894
53.92,0.00155448,0.00197339
53.94,0.00299331,0.00420498
53.96,0.00274283,0.00460312
53.98,0.00309773,0.00611689
54,0.00640981,0.00944913
54.02,0.0101778,0.0131424
54.04,-0.00468835,0.00824742
54.06,-0.0132401,0.0130562
54.08,-0.0180852,0.0189623
54.1,-0.0235272,0.0232496
54.12,-0.0299822,0.0287736
54.14,-0.037561,0.0356623
54.16,-0.0438764,0.041892
54.18,-0.0541035,0.0508342
54.2,-0.0655549,0.0607818
54.22,-0.0765749,0.0708271
54.24,-0.0849798,0.0791117
54.26,-0.0798541,0.0786149
54.28,-0.0636234,0.0697852
54.3,-0.0417313,0.0492586
54.32,-0.013275,0.0242884
54.34,0.00601443,0.00830289
54.36,0.00198768,0.00680336
54.38,-0.00291943,-0.00192142
54.4,-0.00923135,-0.00949902
54.42,-0.0112462,-0.0112322
54.44,-0.0115432,-0.0106607
54.46,-0.0107654,-0.010235
54.48,-0.015054,-0.0116508
54.5,-0.019014,-0.0142236
54.52,-0.0169239,-0.0124467
54.54,-0.0071189,-0.00268515
54.56,-0.00400508,0.00784379
54.58,-0.0116319,0.0100385
54.6,-0.01217,0.0122956
54.62,-0.0187978,0.0178766
54.64,-0.0274166,0.0254236
54.66,-0.0326833,0.0316799
54.68,-0.0436648,0.0402759
54.7,-0.0539841,0.0492743
54.72,-0.0626398,0.0572559
54.74,-0.0718466,0.0652401
54.76,-0.0702109,0.0679055
54.78,-0.0543969,0.0597018
54.8,-0.0321002,0.0407166
54.82,-0.00498091,0.0170228
54.84,0.00714907,0.00804321
54.86,0.00221297,0.00402998
54.88,-0.00316548,-0.00415008
54.9,-0.00815805,-0.00809079
54.92,-0.00988009,-0.00807928
54.94,-0.011212,-0.00877703
54.96,-0.0106811,-0.00859722
54.98,-0.0149346,-0.0105519
55,-0.0181668,-0.0127326
55.02,-0.016589,-0.0112509
55.04,-0.00718085,-0.00209213
55.06,-0.00399378,0.0073286
55.08,-0.0103326,0.00856407
55.1,-0.00988038,0.0103994
55.12,-0.0156449,0.0153051
55.14,-0.0249122,0.0229052
55.16,-0.0320021,0.0294768
55.18,-0.0372397,0.0355702
55.2,-0.0473552,0.0435184
55.22,-0.057445,0.0518516
55.24,-0.0668318,0.0601193
55.26,-0.0645456,0.0618701
55.28,-0.0515359,0.0543933
55.3,-0.0315159,0.0362221
55.32,-0.00508808,0.0120768
55.34,0.00189948,0.00432866
55.36,-0.00139663,-0.00074468
55.38,-0.00782676,-0.00976505
55.4,-0.0133294,-0.0140982
55.42,-0.0145459,-0.0141674
55.44,-0.0167456,-0.0154887
55.46,-0.0177218,-0.0156107
55.48,-0.0229333,-0.0188211
55.5,-0.0254351,-0.020653
55.52,-0.0220152,-0.0176303
55.54,-0.0109775,-0.00743324
55.56,-0.00181695,0.00524205
55.58,-0.00988035,0.00694463
55.6,-0.00927579,0.00877664
55.62,-0.0141858,0.0132647
55.64,-0.0228097,0.020338
55.66,-0.0311575,0.0278306
55.68,-0.0359043,0.0336177
55.7,-0.0468669,0.0422909
55.72,-0.0589385,0.0516223
55.74,-0.0681838,0.0603029
55.76,-0.0665961,0.0630389
55.78,-0.0509306,0.0549893
55.8,-0.0285707,0.0371669
55.82,-0.000419808,0.0140114
55.84,0.00670034,0.00773345
55.86,0.00340496,0.00333051
55.88,-0.00220085,-0.00450777
55.9,-0.00683175,-0.00752275
55.92,-0.00783397,-0.00726262
55.94,-0.00655408,-0.00739406
55.96,-0.00916785,-0.00749452
55.98,-0.0135798,-0.0100825
56,-0.0142556,-0.0102787
56.02,-0.0120002,-0.00842673
56.04,-0.00489282,-0.000976971
56.06,-0.00602439,0.00779665
56.08,-0.0122297,0.0102654
56.1,-0.0117752,0.0124612
56.12,-0.0193543,0.0181671
56.14,-0.0271771,0.0247132
56.16,-0.0334719,0.0297696
56.18,-0.0394819,0.0367751
56.2,-0.0475611,0.0433223
56.22,-0.058958,0.0525039
56.24,-0.0683954,0.0612081
56.26,-0.0667825,0.0638027
56.28,-0.0510886,0.0561891
56.3,-0.0285263,0.0389095
56.32,-0.00110889,0.0151516
56.34,0.00500571,0.00839688
56.36,0.00141572,0.00300426
56.38,-0.00476322,-0.00568146
56.4,-0.00992204,-0.0094724
56.42,-0.010544,-0.0092824
56.44,-0.00995396,-0.00948231
56.46,-0.0143472,-0.011186
56.48,-0.019708,-0.0145304
56.5,-0.0209072,-0.0154642
56.52,-0.0199069,-0.0146961
56.54,-0.0126254,-0.00807741
56.56,-0.00173367,0.00426619
56.58,-0.00871774,0.00627689
56.6,-0.00890437,0.00749585
56.62,-0.0121603,0.0111583
56.64,-0.0200753,0.01743
56.66,-0.024913,0.0231987
56.68,-0.0323191,0.0286226
56.7,-0.0412723,0.0364287
56.72,-0.0490691,0.0434565
56.74,-0.0568927,0.0506793
56.76,-0.0631705,0.0573771
56.78,-0.0507586,0.0514005
56.8,-0.0317808,0.0365527
56.82,-0.00803469,0.0142267
56.84,0.00214149,0.0048218
56.86,-0.000814882,0.000458192
56.88,-0.00632126,-0.00758591
56.9,-0.0104122,-0.0103364
56.92,-0.0117934,-0.0102382
56.94,-0.0116256,-0.0109687
56.96,-0.0140318,-0.0109385
56.98,-0.018387,-0.0135199
57,-0.0197344,-0.0142903
57.02,-0.0176554,-0.0126107
57.04,-0.010468,-0.00620853
57.06,-0.00137468,0.0057975
57.08,-0.00867841,0.00725923
57.1,-0.00732824,0.00783287
57.12,-0.0118018,0.0115811
57.14,-0.0194528,0.0182117
57.16,-0.0273554,0.0245184
57.18,-0.0316672,0.0297417
57.2,-0.0409316,0.0369649
57.22,-0.0504087,0.0447231
57.24,-0.0587949,0.0520698
57.26,-0.0626552,0.05777
57.28,-0.0508314,0.0521839
57.3,-0.0326934,0.0387003
57.32,-0.00675982,0.0167544
57.34,0.00542753,0.00636382
57.36,0.00229125,0.00283225
57.38,-0.00278103,-0.00511314
57.4,-0.00765673,-0.00876879
57.42,-0.00861704,-0.00841592
57.44,-0.00937052,-0.00891653
57.46,-0.0103646,-0.00849876
57.48,-0.0140637,-0.0105471
57.5,-0.0155923,-0.0113926
57.52,-0.0133672,-0.0095003
57.54,-0.00706265,-0.00376924
57.56,-0.00289021,0.00675464
57.58,-0.0101742,0.00872676
57.6,-0.0103736,0.0106232
57.62,-0.0166501,0.015956
57.64,-0.0254365,0.0232922
57.66,-0.03029,0.0289495
57.68,-0.0394429,0.0362687
57.7,-0.0486615,0.0443787
57.72,-0.0571695,0.0521715
57.74,-0.0666162,0.0601183
57.76,-0.0690207,0.0647335
57.78,-0.0590168,0.0583024
57.8,-0.0415552,0.0423886
57.82,-0.0163926,0.0175344
57.84,0.00103286,0.00116594
57.86,-0.0024999,-0.00131896
57.88,-0.0083549,-0.00980492
57.9,-0.0145786,-0.0143201
57.92,-0.0161064,-0.0148402
57.94,-0.0160596,-0.0156474
57.96,-0.0207183,-0.0174512
57.98,-0.0263887,-0.0211047
58,-0.028358,-0.022769
58.02,-0.0274394,-0.0221011
58.04,-0.0184905,-0.0139908
58.06,-0.00303805,0.00240606
58.08,-0.00789168,0.00598192
58.1,-0.0100217,0.00772389
58.12,-0.0116127,0.010606
58.14,-0.0205061,0.0177998
58.16,-0.0284682,0.0248992
58.18,-0.035341,0.0317699
58.2,-0.0427868,0.0384119
58.22,-0.0539126,0.0473475
58.24,-0.0639971,0.0560272
58.26,-0.0668505,0.0613478
58.28,-0.0535703,0.0558933
58.3,-0.0326313,0.0409019
58.32,-0.00681335,0.0184778
58.34,0.00617493,0.00720978
58.36,0.00198094,0.00311268
58.38,-0.00374033,-0.00519035
58.4,-0.00953778,-0.00970616
58.42,-0.0113606,-0.00985724
58.44,-0.0118861,-0.0106494
58.46,-0.0132812,-0.0104442
58.48,-0.0183469,-0.0135961
58.5,-0.0208639,-0.0153957
58.52,-0.0195934,-0.0144154
58.54,-0.0122499,-0.00789652
58.56,-0.00187049,0.00586309
58.58,-0.00898321,0.00814538
58.6,-0.00986754,0.00964581
58.62,-0.0137728,0.0137524
58.64,-0.0214445,0.02099
58.66,-0.0298073,0.0270628
58.68,-0.0387701,0.0348723
58.7,-0.048415,0.0435031
58.72,-0.0530531,0.0495798
58.74,-0.06538,0.0585739
58.76,-0.0726671,0.0671846
58.78,-0.0592634,0.0622593
58.8,-0.0403247,0.0472521
58.82,-0.0117711,0.023685
58.84,0.00835166,0.00836445
58.86,0.00558854,0.00739167
58.88,0.00206577,0.000526897
58.9,-0.00323127,-0.00414803
58.92,-0.00290996,-0.00274252
58.94,-0.000652313,-0.00111003
58.96,-0.000452989,0.000847463
58.98,-0.00369815,-0.000494333
59,-0.00381025,-2.23168e-05
59.02,0.00012518,0.00349119
59.04,0.00263684,0.00495295
59.06,-0.00769642,0.00835498
59.08,-0.0170146,0.0159512
59.1,-0.020495,0.0203617
59.12,-0.0277136,0.026117
59.14,-0.0354799,0.0324207
59.16,-0.041557,0.0386268
59.18,-0.0490345,0.0458596
59.2,-0.0563385,0.0534282
59.22,-0.0699084,0.0645175
59.24,-0.0828861,0.075272
59.26,-0.0799287,0.0773237
59.28,-0.0653451,0.0686585
59.3,-0.0431937,0.0489526
59.32,-0.0144616,0.0224509
59.34,0.00101651,0.00808725
59.36,-0.00429045,0.00341163
59.38,-0.0102945,-0.00643734
59.4,-0.0186001,-0.0153832
59.42,-0.0228325,-0.0182919
59.44,-0.0246094,-0.0202788
59.46,-0.0275785,-0.0217908
59.48,-0.0350475,-0.027273
59.5,-0.0407552,-0.0316545
59.52,-0.0391275,-0.0304383
59.54,-0.0282877,-0.0215147
59.56,-0.00959863,-0.00372492
59.58,-0.00553048,0.00510474
59.6,-0.00883945,0.00404255
59.62,-0.00687794,0.00635453
59.64,-0.0132027,0.0114902
59.66,-0.0220644,0.0189621
59.68,-0.0306196,0.0267803
59.7,-0.0356194,0.0326992
59.72,-0.046054,0.0408996
59.74,-0.057283,0.0494235
59.76,-0.060842,0.0546516
59.78,-0.0504376,0.0509966
59.8,-0.031908,0.0374015
59.82,-0.00754943,0.0163165
59.84,0.00599591,0.00557681
59.86,0.00265189,0.00312357
59.88,-0.00231466,-0.00455576
59.9,-0.00669188,-0.00806237
59.92,-0.00639567,-0.00671553
59.94,-0.00459015,-0.00572857
59.96,-0.00751711,-0.00610622
59.98,-0.0117707,-0.00838135
60,-0.0112715,-0.00765868
60.02,-0.00835265,-0.00510829
60.04,-0.0043539,-0.00115742
60.06,-0.00367944,0.00697824
60.08,-0.010836,0.00953871
60.1,-0.0122722,0.0124895
60.12,-0.0184581,0.0177086
60.14,-0.0271211,0.0248792
60.16,-0.0339592,0.0301902
60.18,-0.0381276,0.035571
60.2,-0.0481377,0.0436405
60.22,-0.0575042,0.0518989
60.24,-0.0675273,0.0605936
60.26,-0.0696773,0.0656056
60.28,-0.056189,0.0591582
60.3,-0.034534,0.0425019
60.32,-0.00704397,0.0188114
60.34,0.00666062,0.00706612
60.36,0.00257129,0.00356846
60.38,-0.00296196,-0.00471614
60.4,-0.00906943,-0.0101785
60.42,-0.0104685,-0.0103525
60.44,-0.0103735,-0.010672
60.46,-0.0127473,-0.0110425
60.48,-0.0177293,-0.0141103
60.5,-0.019844,-0.0156014
60.52,-0.0186223,-0.0146234
60.54,-0.0106667,-0.00743082
60.56,-0.00157964,0.00610266
60.58,-0.00958199,0.0090664
60.6,-0.0100526,0.0106862
60.62,-0.0139129,0.0144697
60.64,-0.0226672,0.0223722
60.66,-0.0308976,0.0284172
60.68,-0.0402033,0.0363997
60.7,-0.0501659,0.0453608
60.72,-0.0566341,0.0530415
60.74,-0.066135,0.0605323
60.76,-0.0753657,0.069676
60.78,-0.0611908,0.0647256
60.8,-0.042005,0.0506706
60.82,-0.0128556,0.0283844
60.84,0.0101429,0.0131445
60.86,0.00832465,0.0133754
60.88,0.00635427,0.0075059
60.9,0.00192137,0.00140581
60.92,0.0016989,0.0014006
60.94,0.00378954,0.0043794
60.96,0.00826481,0.00826524
60.98,0.00667295,0.00866664
61,0.00516855,0.00862445
61.02,0.0100442,0.0131522
61.04,0.00840416,0.013292
61.06,-0.00785677,0.00764246
61.08,-0.0116299,0.0139831
61.1,-0.0176752,0.0187614
61.12,-0.0259261,0.0256125
61.14,-0.0332509,0.0317173
61.16,-0.0376251,0.036967
61.18,-0.0472415,0.0445425
61.2,-0.0583033,0.0542483
61.22,-0.0689887,0.0639611
61.24,-0.0795345,0.0740051
61.26,-0.0785482,0.0758274
61.28,-0.0656346,0.067945
61.3,-0.0449211,0.049829
61.32,-0.0181349,0.0249459
61.34,0.00320252,0.00609403
61.36,-0.00200376,0.00351337
61.38,-0.00714764,-0.00544589
61.4,-0.0151364,-0.0148985
61.42,-0.0193278,-0.0183663
61.44,-0.0214948,-0.0194209
61.46,-0.0217393,-0.0199259
61.48,-0.0282169,-0.0239438
61.5,-0.0346831,-0.0287821
61.52,-0.0337594,-0.0278689
61.54,-0.0228815,-0.0194358
61.56,-0.00411635,-0.00195617
61.58,-0.00474174,0.00483798
61.6,-0.00730814,0.00512789
61.62,-0.00719,0.00707393
61.64,-0.0154511,0.0140297
61.66,-0.0226952,0.0212756
61.679,-0.0323189,0.0288377
61.7,-0.0430303,0.0376571
61.72,-0.0523364,0.0462136
61.74,-0.0606086,0.0539451
61.76,-0.0658133,0.0603382
61.78,-0.0529937,0.0559963
61.8,-0.0334686,0.0428128
61.82,-0.0078797,0.022143
61.84,0.00789446,0.0110543
61.86,0.0061653,0.00959575
61.88,0.00255766,0.00272907
61.9,-0.000977363,-0.000526602
61.92,-0.000821725,0.000865773
61.94,0.00274958,0.0024328
61.96,0.00127756,0.00361307
61.98,-0.00207301,0.00206515
62,-0.00151165,0.00338226
62.02,0.00306894,0.00722675
62.04,0.00565193,0.00872191
62.06,-0.00724882,0.00769422
62.08,-0.0126219,0.0132292
62.1,-0.0153806,0.0164628
62.12,-0.0234722,0.0225004
62.14,-0.0301561,0.0280636
62.16,-0.0357943,0.0328388
62.18,-0.0401587,0.0384845
62.2,-0.0511267,0.047273
62.22,-0.0622008,0.056692
62.24,-0.0734618,0.0662704
62.26,-0.0735003,0.0698082
62.28,-0.0601785,0.0628931
62.3,-0.0382138,0.0451015
62.32,-0.0102263,0.0206136
62.34,0.00241311,0.00914669
62.36,-0.00132191,0.00490778
62.38,-0.00671883,-0.00431333
62.4,-0.0137103,-0.011384
62.42,-0.0163778,-0.012954
62.44,-0.0161602,-0.014081
62.46,-0.0205969,-0.0156302
62.48,-0.0277553,-0.0205788
62.5,-0.0317233,-0.0232799
62.52,-0.0303179,-0.0223519
62.54,-0.0200424,-0.014397
62.56,-0.00376421,0.00142988
62.58,-0.00717432,0.00510594
62.6,-0.0078406,0.00516546
62.62,-0.00820478,0.0069424
62.64,-0.0153593,0.0129202
62.66,-0.02375,0.0201141
62.68,-0.0303362,0.0262781
62.7,-0.0355751,0.0317426
62.72,-0.0464184,0.0403461
62.74,-0.056035,0.0483341
62.76,-0.0600213,0.0534994
62.779,-0.0496844,0.0488649
62.8,-0.0314647,0.0357307
62.82,-0.00634193,0.0139216
62.84,0.00406865,0.00558936
62.86,0.00100215,0.0019241
62.88,-0.00439274,-0.00591878
62.9,-0.00912704,-0.00912685
62.92,-0.0101885,-0.00874894
62.94,-0.00919786,-0.0081793
62.96,-0.0131274,-0.0100754
62.98,-0.0179854,-0.0128743
63,-0.0182154,-0.0128993
63.02,-0.0165969,-0.0115855
63.04,-0.0110817,-0.0060886
63.06,-0.00161468,0.00599051
63.08,-0.00852306,0.00746412
63.1,-0.00941462,0.0091411
63.12,-0.0129508,0.012944
63.14,-0.0214674,0.0203354
63.16,-0.0284675,0.026363
63.18,-0.0363804,0.0331046
63.2,-0.0450996,0.0408385
63.22,-0.0511853,0.0477845
63.24,-0.0586711,0.0540658
63.26,-0.0715497,0.0644989
63.28,-0.0573169,0.0584532
63.3,-0.0366628,0.0430392
63.32,-0.00880362,0.019669
63.34,0.00698079,0.00771826
63.36,0.00444384,0.00627425
63.38,0.00216206,0.000562315
63.4,-0.00223719,-0.00281609
63.42,-0.0014466,-0.00125074
63.44,0.00172161,0.00032606
63.46,0.000512164,0.00165226
63.48,-0.00334098,-0.000128642
63.5,-0.00316532,0.000711799
63.52,0.000897446,0.00434161
63.54,0.00374914,0.00600747
63.56,-0.00797033,0.00853634
63.58,-0.014204,0.0147552
63.6,-0.0182726,0.0190304
63.62,-0.0256491,0.0247596
63.64,-0.0331003,0.0311055
63.66,-0.0384227,0.0367108
63.68,-0.0438775,0.0423809
63.7,-0.0554495,0.0520066
63.72,-0.0665967,0.0613717
63.74,-0.0780232,0.0711276
63.76,-0.0768136,0.0740809
63.78,-0.0615605,0.065331
63.8,-0.0400377,0.0466564
63.82,-0.0118153,0.0195708
63.84,0.0030379,0.00548227
63.86,-0.00264112,0.000671823
63.88,-0.00956878,-0.0096088
63.9,-0.017929,-0.0184361
63.92,-0.0217211,-0.0210385
63.94,-0.0225378,-0.0225207
63.96,-0.026369,-0.0241585
63.98,-0.0340791,-0.0297101
64,-0.0392879,-0.0336783
64.02,-0.0376987,-0.0324907
64.04,-0.0268913,-0.0237202
64.06,-0.00846951,-0.00606909
64.08,-0.00259809,0.00399149
64.1,-0.00642166,0.00319573
64.12,-0.00396483,0.00379778
64.14,-0.00961043,0.00898853
64.16,-0.0184777,0.0162857
64.18,-0.0266243,0.0236559
64.2,-0.0310324,0.0297618
64.22,-0.0413489,0.0369929
64.24,-0.0535891,0.0461766
64.26,-0.0572062,0.0514296
64.28,-0.0463476,0.0481466
64.3,-0.0263476,0.0343731
64.32,-0.000710872,0.0135611
64.34,0.0085065,0.00794733
64.36,0.00778981,0.00695436
64.38,0.00474588,0.00306944
64.4,0.00137984,0.00199003
64.42,0.00186414,0.00322848
64.44,0.00353516,0.00535475
64.46,0.00210703,0.00491991
64.48,1.66569e-05,0.00463315
64.5,0.00235877,0.00716225
64.519,0.0058782,0.0106932
64.54,0.00226013,0.0100088
64.56,-0.0111248,0.0117762
64.58,-0.017925,0.0187281
64.6,-0.0217404,0.0226451
64.62,-0.0277093,0.0274754
64.64,-0.0351082,0.0336376
64.66,-0.0411563,0.039801
64.68,-0.0474948,0.0455531
64.7,-0.0593664,0.0557017
64.72,-0.0702259,0.0653441
64.74,-0.0814791,0.0751344
64.76,-0.0777737,0.0772391
64.78,-0.0625355,0.0692728
64.8,-0.0418522,0.0514537
64.82,-0.0150715,0.0264587
64.84,0.00319231,0.0100804
64.86,-0.00151338,0.0059655
64.88,-0.00736433,-0.00408877
64.9,-0.0159792,-0.0132797
64.92,-0.0198461,-0.0161111
64.94,-0.0223715,-0.0176336
64.96,-0.0238617,-0.0189323
64.98,-0.0305601,-0.0233176
65,-0.0368109,-0.027927
65.02,-0.0364148,-0.0274148
65.04,-0.0254396,-0.0188154
65.06,-0.00765562,-0.000514194
65.08,-0.0073667,0.0062173
65.1,-0.00930726,0.00592363
65.12,-0.0090751,0.00777198
65.14,-0.016657,0.0144087
65.16,-0.0254962,0.0219299
65.18,-0.0334559,0.029231
65.2,-0.0398642,0.0357404
65.22,-0.0515313,0.0449327
65.24,-0.0620979,0.0538166
65.26,-0.0641497,0.058459
65.28,-0.0533259,0.0547007
65.3,-0.0320684,0.0393642
65.32,-0.00598244,0.017651
65.34,0.00745667,0.00796813
65.36,0.00473152,0.00538038
65.38,0.000394566,-0.00147685
65.4,-0.00389696,-0.00508989
65.42,-0.0040283,-0.00410394
65.44,-0.0025521,-0.00344228
65.46,-0.00427305,-0.00286722
65.48,-0.00817026,-0.00303162
65.5,0.00542009,0.00388726
65.52,0.0130201,0.0106006
65.54,0.00603461,0.00804726
65.56,-0.00606839,0.00515382
65.58,-0.00810582,0.0115551
65.6,-0.0213219,0.0204356
65.62,-0.0306475,0.0257167
65.64,-0.0244436,0.0232527
65.66,-0.0209354,0.0218739
65.68,-0.0275573,0.027674
65.7,-0.0210299,0.0237252
65.72,-0.00839931,0.010273
65.74,6.86711e-05,0.00164214
65.76,0.000649151,-0.00051036
65.78,0.000739693,-0.00037269
65.8,0.000202725,0.000678284
65.82,-0.000229599,0.00175015
65.84,-8.91755e-05,0.00198757
65.86,7.12949e-05,0.00146406
65.88,-5.00817e-06,0.000879939
65.9,-0.000130021,0.000826147
65.92,-0.000158138,0.00124087
65.94,-0.000137465,0.00167231
65.96,-0.000157805,0.00175843
65.98,-0.000194269,0.00153936
66,-0.000207615,0.00129614
66.02,-0.000204746,0.00127708
66.04,-0.000221309,0.00146029
66.06,-0.000251708,0.00165868
66.08,-0.000270671,0.00171999
66.1,-0.000275099,0.00165255
66.12,-0.000287198,0.00156924
66.14,-0.000304177,0.00157363
66.16,-0.000327794,0.00166034
66.18,-0.000340459,0.00176186
66.2,-0.00035027,0.0018077
66.22,-0.000360185,0.00180065
66.24,-0.000369893,0.00178272
66.26,-0.000384239,0.00179959
66.28,-0.000393933,0.00184901
66.3,-0.000403355,0.00190507
66.32,-0.000411566,0.00193935
66.34,-0.000420976,0.00195359
66.36,-0.00043229,0.00195986
66.38,-0.000440836,0.00198308
66.4,-0.000454439,0.00201591
66.42,-0.000461259,0.0020556
66.44,-0.000472154,0.00208213
66.46,-0.000478034,0.00210549
66.48,-0.000489861,0.00212263
66.5,-0.000488734,0.00214353
66.52,-0.000483503,0.00215537
66.54,-0.000468747,0.00216975
66.56,-0.000459726,0.00217711
66.58,-0.00044742,0.00218515
66.6,-0.000438795,0.00218983
66.62,-0.000427402,0.00220088
66.64,-0.000418281,0.00220904
66.66,-0.000409268,0.00221902
66.68,-0.000401646,0.00223061
66.7,-0.000390776,0.00224094
66.72,-0.000379298,0.00224812
66.74,-0.000371983,0.00225423
66.76,-0.000360821,0.00226304
66.78,-0.000352506,0.00226983
66.8,-0.000342219,0.00228026
66.82,-0.000335303,0.00228761
66.84,-0.000323874,0.00229591
66.86,-0.000316643,0.00230086
66.88,-0.000307053,0.0023097
66.9,-0.000299622,0.00231473
66.92,-0.000290384,0.00232488
66.94,-0.000283194,0.00232995
66.96,-0.000273226,0.00233942
66.98,-0.000266501,0.00234433
67,-0.000255125,0.00235226
67.02,-0.000250133,0.00235818
67.04,-0.000238599,0.00236737
67.06,-0.000233162,0.00237237
67.08,-0.000223585,0.00238112
67.1,-0.000216953,0.00238515
67.12,-0.000206198,0.00239319
67.14,-0.000200762,0.00239846
67.16,-0.000192063,0.00240667
67.18,-0.000187406,0.00241127
67.2,-0.000178301,0.00241822
67.22,-0.000171495,0.002423
67.24,-0.00016425,0.00242898
67.26,-0.000157947,0.00243456
67.28,-0.000151887,0.00244019
67.3,-0.000143657,0.0024463
67.32,-0.000138573,0.00244988
67.34,-0.000133514,0.00245771
67.36,-0.000128587,0.00246077
67.38,-0.000121969,0.00246734
67.4,-0.000116429,0.00246968
67.42,-0.000110303,0.0024763
67.44,-0.000107808,0.00247968
67.46,-9.95687e-05,0.00248393
67.48,-9.53029e-05,0.00248617
67.5,-8.85462e-05,0.00249197
67.52,-8.62142e-05,0.00249476
67.54,-8.04636e-05,0.00250182
67.56,-7.74975e-05,0.00250368
67.58,-6.87409e-05,0.00250889
67.6,-6.73409e-05,0.00251237
67.62,-5.8205e-05,0.00251667
67.64,-5.71364e-05,0.00252003
67.66,-4.82326e-05,0.00252478
67.68,-4.66915e-05,0.0025287
67.7,-3.94324e-05,0.00253419
67.72,-3.54339e-05,0.00253579
67.74,-2.89398e-05,0.00254131
67.76,-2.50155e-05,0.00254415
67.78,-1.96444e-05,0.00254916
67.8,-1.6429e-05,0.00255306
67.82,-1.11118e-05,0.00255716
67.84,-5.89407e-06,0.00256084
67.86,-2.88805e-06,0.00256333
67.88,3.02404e-06,0.00256771
67.9,5.78692e-06,0.00256975
67.92,1.07458e-05,0.00257411
67.94,1.29231e-05,0.00257567
67.96,1.75486e-05,0.00258028
67.98,1.97601e-05,0.00258148
68,2.39045e-05,0.00258618
68.02,2.52125e-05,0.00258755
68.04,2.91772e-05,0.00259243
68.06,3.05457e-05,0.00259559
68.08,3.71143e-05,0.00260147
68.1,4.09906e-05,0.00260264
68.12,4.84053e-05,0.00260667
68.14,4.97531e-05,0.0026074
68.159,5.50719e-05,0.00261338
68.179,5.78491e-05,0.00261444
68.2,6.26931e-05,0.00262091
68.22,6.5079e-05,0.00262185
68.24,7.06924e-05,0.00262572
68.26,7.30028e-05,0.00262683
68.28,7.83042e-05,0.00263026
68.3,7.99155e-05,0.00263276
68.32,8.46109e-05,0.00263592
68.34,8.75634e-05,0.00263845
68.36,9.09738e-05,0.00263994
68.38,9.48842e-05,0.00264345
68.4,9.6957e-05,0.00264427
68.42,0.000101058,0.00264821
68.44,0.00010209,0.0026496
68.46,0.000105581,0.00265289
68.48,0.000106553,0.00265398
68.5,0.000111924,0.00265583
68.52,0.00011181,0.00265696
68.54,0.000116082,0.00265978
68.56,0.000116491,0.00265933
68.58,0.000120549,0.0026625
68.6,0.000119421,0.00266383
68.62,0.000123271,0.00266732
68.64,0.000125239,0.00266602
68.66,0.000128271,0.00266996
68.679,0.000127597,0.0026703
68.7,0.00013141,0.0026743
68.72,0.000131264,0.00267428
68.74,0.0001355,0.00267699
68.76,0.000135427,0.00267676
68.78,0.000139244,0.0026791
68.8,0.000138305,0.00268068
68.82,0.000142692,0.00268235
68.84,0.000144984,0.00268262
68.86,0.000147543,0.00268473
68.88,0.000148987,0.0026867
68.9,0.00015057,0.00268818
68.92,0.000153267,0.00269103
68.94,0.000155003,0.00269034
68.96,0.00015831,0.00269279
68.98,0.000158418,0.00269414
69,0.000160545,0.00269728
69.02,0.00016172,0.0026968
69.04,0.000164912,0.00269915
69.06,0.000163722,0.00270051
69.08,0.000168626,0.00270253
69.1,0.000167354,0.00270309
69.12,0.000171455,0.00270595
69.14,0.000170907,0.00270549
69.16,0.000173745,0.00270968
69.18,0.000173785,0.00270863
69.2,0.000177138,0.00271213
69.22,0.000177206,0.00271169
69.24,0.000180892,0.00271511
69.26,0.000181424,0.00271472
69.28,0.000184055,0.00271782
69.3,0.00018498,0.00271755
69.32,0.000186925,0.00272089
69.34,0.000188227,0.0027218
69.36,0.000190553,0.00272402
69.38,0.000191662,0.00272547
69.4,0.000193721,0.00272626
69.42,0.000197565,0.00272805
69.44,0.000196916,0.00272868
69.46,0.000199305,0.00273131
69.48,0.000199946,0.00273147
69.5,0.000202083,0.00273434
69.52,0.000201544,0.00273511
69.54,0.000205494,0.00273717
69.56,0.000205545,0.00273694
69.58,0.000208748,0.00273941
69.6,0.000207185,0.00273921
69.62,0.000210917,0.00274172
69.64,0.000209418,0.00274158
69.66,0.000213265,0.00274376
69.68,0.000211905,0.00274334
69.7,0.000214714,0.00274664
69.72,0.000214501,0.00274515
69.74,0.000217638,0.00274765
69.76,0.000217742,0.00274646
69.78,0.000220711,0.00274865
69.8,0.00022032,0.00274909
69.82,0.000222675,0.00275048
69.84,0.000223315,0.00275081
69.86,0.000225307,0.002752
69.88,0.000226799,0.00275354
69.9,0.000226372,0.00275458
69.92,0.000229185,0.00275607
69.94,0.00022929,0.00275574
69.96,0.000230562,0.00275894
69.98,0.000230213,0.00275793
70,0.0002313,0.0027609
70.02,0.000230888,0.0027602
70.04,0.000233481,0.00276189
70.06,0.000232713,0.00275996
70.08,0.000234928,0.00276293
70.1,0.000234611,0.00276136
70.12,0.00023674,0.00276429
70.14,0.000234628,0.00276408
70.16,0.000238358,0.00276519
70.18,0.000236112,0.00276444
70.2,0.000239251,0.00276627
70.22,6.29808e-05,0.00263856
70.24,9.95537e-05,0.00263156
70.26,9.2604e-05,0.00258892
70.28,9.96862e-05,0.00259991
70.3,0.000106369,0.00262914
70.32,0.000101692,0.00265239
70.34,0.000101664,0.00265036
70.36,0.000106001,0.00263243
70.38,0.000106422,0.00262055
70.4,0.000108343,0.00262336
70.42,0.000108541,0.00263681
