27.3,-0.00440999,-0.000384548
27.32,-6.00078e-05,-0.0437042
27.34,-0.000106078,-0.0487676
27.36,-9.83349e-05,-0.0487673
27.38,-9.72091e-05,-0.0487673
27.4,-9.85746e-05,-0.0487673
27.42,-9.75781e-05,-0.0487675
27.44,-9.78737e-05,-0.0487675
27.46,-9.67492e-05,-0.0487676
27.48,-9.85785e-05,-0.0487677
27.5,0.00040171,-0.0411594
27.52,0.000248473,-0.0335234
27.54,0.00114758,-0.0276106
27.56,-0.00107867,-0.025947
27.58,0.00248111,-0.0220294
27.6,0.00290564,-0.0195213
27.62,0.00500454,-0.0184818
27.64,0.00704888,-0.01783
27.66,0.00733312,-0.0157889
27.68,0.00862294,-0.0163207
27.7,0.0122499,-0.0192645
27.72,0.0135451,-0.0181665
27.74,0.0170399,-0.0204704
27.76,0.0219401,-0.0202178
27.78,0.0227562,-0.0201988
27.8,0.0318884,-0.0214411
27.82,0.0328752,-0.0199354
27.84,0.0409895,-0.0193719
27.86,0.0543913,-0.0243825
27.88,0.0573907,-0.0246659
27.9,0.0515879,-0.021743
27.92,0.0489047,-0.0210012
27.94,0.0390961,-0.0180577
27.96,0.0223025,-0.0164515
27.98,0.0108573,-0.0115188
28,0.00034048,-0.00115686
28.02,-0.000315086,0.00134105
28.04,0.00011142,-4.1404e-05
28.06,0.000300434,-0.000454634
28.08,0.000158809,-0.0014638
28.1,-8.09437e-05,-0.00142529
28.12,-0.000126237,-0.000872822
28.14,-5.11329e-05,-0.000315141
28.16,-6.335e-05,-0.000247487
28.18,-0.000157996,-0.000569875
28.2,-0.000180415,-0.000864711
28.22,-0.00013615,-0.000851854
28.24,-0.000152382,-0.000594143
28.26,-0.000221938,-0.000359306
28.279,-0.000266592,-0.000318954
28.3,-0.000278786,-0.000435091
28.32,-0.000283432,-0.000541061
28.34,-0.000310353,-0.000518538
28.36,-0.000349313,-0.000400679
28.38,-0.000380521,-0.000288974
28.4,-0.000400798,-0.000259923
28.42,-0.000421257,-0.000290608
28.44,-0.000445912,-0.000312519
28.46,-0.000475665,-0.000285556
28.48,-0.000504456,-0.00022183
28.5,-0.000532113,-0.000160575
28.52,-0.000561183,-0.000130872
28.54,-0.000589223,-0.000124416
28.56,-0.000618064,-0.000114712
28.58,-0.000646597,-8.42896e-05
28.6,-0.000681355,-4.13641e-05
28.62,-0.000713287,-3.18151e-06
28.64,-0.000747482,2.48187e-05
28.66,-0.000777555,4.4879e-05
28.68,-0.00080929,6.4766e-05
28.7,-0.000838929,8.9318e-05
28.72,-0.000874508,0.000118556
28.74,-0.000898873,0.000153456
28.76,-0.000924281,0.000178703
28.78,-0.00095411,0.000193563
28.8,-0.000982012,0.000213789
28.82,-0.00100473,0.000236299
28.84,-0.00103109,0.000263003
28.86,-0.00105683,0.000290204
28.88,-0.00108525,0.000309392
28.9,-0.00110586,0.000344797
28.92,-0.00111213,0.000359138
28.94,-0.0011123,0.000370066
28.96,-0.00110714,0.000369884
28.98,-0.00110718,0.000370397
29,-0.00110614,0.000370271
29.02,-0.00110584,0.000373919
29.04,-0.0011038,0.00037407
29.06,-0.00110444,0.000377065
29.08,-0.0011019,0.000378528
29.1,-0.00109987,0.000383008
29.12,-0.0010986,0.000381779
29.14,-0.00110049,0.000383152
29.16,-0.00109934,0.00038485
29.18,-0.00109525,0.000390157
29.2,-0.00109489,0.000390612
29.22,-0.0010957,0.000390705
29.24,-0.00109553,0.000390787
29.26,-0.00109242,0.000394752
29.28,-0.00109192,0.000395111
29.3,-0.00109298,0.000395489
29.32,-0.00109258,0.000395459
29.34,-0.00109025,0.000399015
29.36,-0.00108763,0.000400449
29.38,-0.00108911,0.000400639
29.4,-0.00108864,0.000400306
29.42,-0.00108681,0.000402613
29.44,-0.00108429,0.000404592
29.46,-0.0010853,0.000404573
29.48,-0.00108542,0.000404261
29.5,-0.001085,0.000405668
29.52,-0.00108076,0.000408424
29.54,-0.00108165,0.00040875
29.56,-0.00108221,0.000408104
29.58,-0.00108291,0.0004091
29.6,-0.0010783,0.000412384
29.62,-0.0010792,0.000412184
29.64,-0.00107861,0.000410635
29.66,-0.00107987,0.000412106
29.68,-0.00107392,0.00041456
29.7,-0.00107636,0.000415085
29.72,-0.00107596,0.000413415
29.74,-0.00107791,0.000414646
29.76,-0.00107419,0.000416036
29.78,-0.00107435,0.000417753
29.8,-0.00107408,0.000415889
29.82,-0.00107637,0.000416497
29.84,-0.00107306,0.000417456
29.86,-0.00107204,0.000419721
29.88,-0.00107214,0.000418269
29.9,-0.00107462,0.000418592
29.92,-0.00107264,0.000419083
29.94,-0.00106999,0.000420714
29.96,-0.0010707,0.000419665
29.98,-0.00107222,0.000417898
30,-0.00107184,0.000418347
30.02,-0.00106883,0.000421134
30.04,-0.00107005,0.000420316
30.06,-0.00107141,0.000418818
30.08,-0.00107121,0.000419181
30.1,-0.00106775,0.000422223
30.12,-0.00106898,0.000420721
30.14,-0.00107056,0.000419615
30.16,-0.00107119,0.000419437
30.18,-0.00106868,0.000421786
30.2,-0.00106902,0.00042175
30.22,-0.00107055,0.000420594
30.24,-0.00107141,0.000419681
30.26,-0.00106898,0.00042198
30.28,-0.00106801,0.000422703
30.3,-0.00106977,0.000421791
30.32,-0.00107059,0.000420151
30.34,-0.0010693,0.000421886
30.36,-0.00106738,0.00042302
30.38,-0.00106903,0.000422107
30.4,-0.00106987,0.000420618
30.42,-0.00107036,0.000421332
30.44,-0.00106767,0.000423422
30.46,-0.00106889,0.000422693
30.48,-0.00107051,0.000421321
30.5,-0.00107087,0.000421509
30.52,-0.00106704,0.000424459
30.54,-0.00106802,0.000423461
30.56,-0.00107005,0.000422633
30.58,-0.0010706,0.000421892
30.6,-0.00106779,0.000424575
30.62,-0.00106822,0.000424171
30.64,-0.00106999,0.000422737
30.66,-0.00107091,0.00042203
30.68,-0.00106862,0.000424283
30.7,-0.00106781,0.000425145
30.72,-0.00106871,0.000423355
30.74,-0.00107057,0.00042287
30.76,-0.00106863,0.00042358
30.78,-0.00106789,0.000425378
30.8,-0.00106789,0.000423699
30.82,-0.00107025,0.000423051
30.84,-0.00106907,0.00042358
30.86,-0.00106763,0.000425655
30.88,-0.00106798,0.000424114
30.9,-0.00107016,0.000423351
30.92,-0.00106968,0.0004232
30.94,-0.0010658,0.000424797
30.96,-0.0010676,0.000424188
30.98,-0.00106883,0.000422544
31,-0.00107032,0.000422443
31.02,-0.00106578,0.000425048
31.04,-0.00106794,0.000424508
31.06,-0.00106882,0.000423026
31.08,-0.00107027,0.000422624
31.1,-0.00106712,0.000424721
31.12,-0.00106794,0.000424586
31.14,-0.00106881,0.000422919
31.16,-0.00107077,0.00042258
31.18,-0.00106905,0.000423305
31.2,-0.00106863,0.000424982
31.22,-0.00106955,0.000423366
31.24,-0.00107166,0.000422584
31.26,-0.00106959,0.000422758
31.28,-0.00106797,0.000424897
31.3,-0.00106868,0.000423261
31.32,-0.00107091,0.000422081
31.34,-0.00107036,0.000422168
31.36,-0.00106771,0.000424863
31.38,-0.00106827,0.000423601
31.4,-0.00107093,0.000422055
31.42,-0.00107007,0.000421381
31.44,-0.00106719,0.000425024
31.46,-0.00106807,0.000423493
31.48,-0.00107029,0.000422899
31.5,-0.00107022,0.000421619
31.52,-0.00106836,0.000425162
31.54,-0.00106736,0.000423944
31.56,-0.00106936,0.000423569
31.58,-0.00106906,0.00042146
31.6,-0.00106825,0.000424205
31.62,-0.00106645,0.0004239
31.64,-0.00106857,0.000422929
31.66,-0.00106888,0.000421395
31.68,-0.00106781,0.000423785
31.7,-0.00106525,0.000424404
31.72,-0.00106692,0.000423481
31.739,-0.00106802,0.0004221
31.76,-0.00106793,0.00042307
31.78,-0.00106457,0.000424869
31.8,-0.0010658,0.000424068
31.82,-0.00106694,0.00042268
31.84,-0.00106814,0.000423426
31.86,-0.00106469,0.000425388
31.88,-0.00106633,0.000424771
31.9,-0.00106672,0.000423392
31.92,-0.00106786,0.000423151
31.94,-0.00106325,0.00042446
31.96,-0.00106487,0.000425484
31.98,-0.00106506,0.000422632
32,-0.00106766,0.0004231
32.02,-0.00106429,0.000423993
32.04,-0.00106487,0.000425302
32.06,-0.00106469,0.000423299
32.08,-0.00106726,0.000423087
32.1,-0.0010644,0.000423965
32.12,-0.00106381,0.000426258
32.14,-0.00106344,0.00042435
32.16,-0.0010648,0.000423444
32.18,-0.00106382,0.000424337
32.2,-0.00106197,0.000425936
32.22,-0.00106307,0.000424755
32.24,-0.00106431,0.000423226
32.26,-0.00106365,0.00042305
32.28,-0.00106145,0.000424778
32.3,-0.00106257,0.000423427
32.32,-0.00106391,0.000422314
32.34,-0.00106423,0.000422358
32.36,-0.00106074,0.00042497
32.38,-0.00106253,0.000423681
32.4,-0.00106414,0.000422395
32.42,-0.00106521,0.000421496
32.44,-0.00106283,0.00042448
32.46,-0.00106288,0.000423918
32.48,-0.00106446,0.000422621
32.5,-0.00106521,0.000421191
32.52,-0.00106324,0.000423616
32.54,-0.00106216,0.000423845
32.56,-0.00106394,0.00042291
32.58,-0.00106465,0.000422176
32.6,-0.00106364,0.00042351
32.62,-0.00106132,0.000425251
32.64,-0.00106275,0.000423992
32.66,-0.00106401,0.000422798
32.68,-0.00106405,0.000423221
32.7,-0.00106067,0.000425021
32.72,-0.00106096,0.000423549
32.74,-0.00106297,0.00042225
32.76,-0.00106315,0.000422021
32.78,-0.00106006,0.000424897
32.8,-0.00106176,0.000423328
32.82,-0.00106343,0.00042224
32.84,-0.00106415,0.00042158
32.86,-0.00106159,0.000424184
32.88,-0.00106191,0.000423992
32.9,-0.00106235,0.000421723
32.92,-0.00106411,0.000421543
32.94,-0.00106156,0.000423285
32.96,-0.00106177,0.00042435
32.98,-0.00106269,0.000422619
33,-0.00106448,0.000422082
33.02,-0.00106242,0.000422768
33.04,-0.00106174,0.000424525
33.06,-0.00106274,0.000422868
33.08,-0.00106465,0.00042272
33.1,-0.00106354,0.000423264
33.12,-0.00106157,0.000425143
33.14,-0.00106263,0.000423748
33.16,-0.00106406,0.000421936
33.18,-0.00106464,0.000423016
33.2,-0.00106136,0.000424287
33.22,-0.00106337,0.000423968
33.24,-0.00106441,0.000422687
33.26,-0.00106605,0.000423122
33.28,-0.001062,0.000425658
33.3,-0.00106429,0.000424965
33.32,-0.00106509,0.000423335
33.34,-0.00106661,0.00042295
33.36,-0.00106348,0.000425278
33.38,-0.00106428,0.00042534
33.4,-0.00106539,0.000423508
33.42,-0.00106745,0.000422927
33.44,-0.00106556,0.000423855
33.46,-0.00106501,0.000425182
33.48,-0.00106548,0.000423752
33.5,-0.00106791,0.000423615
33.52,-0.00106598,0.00042425
33.54,-0.00106437,0.000426369
33.56,-0.0010654,0.000424253
33.58,-0.00106719,0.000423373
33.6,-0.00106655,0.000423017
33.62,-0.00106414,0.000425844
33.64,-0.0010647,0.000424012
33.66,-0.00106671,0.00042356
33.68,-0.00106628,0.000423086
33.7,-0.00106376,0.000426823
33.72,-0.00106415,0.000424628
33.74,-0.00106652,0.000423975
33.76,-0.00106614,0.000422614
33.78,-0.00106468,0.000425999
33.8,-0.00106417,0.000424927
33.82,-0.00106641,0.000424717
33.84,-0.0010667,0.000423058
33.86,-0.00106554,0.000425147
33.88,-0.00106383,0.000424893
33.9,-0.00106604,0.00042433
33.92,-0.00106642,0.000422748
33.94,-0.00106551,0.000424859
33.96,-0.00106344,0.000425826
33.98,-0.00106536,0.000425171
34,-0.00106652,0.000423598
34.02,-0.00106625,0.000424863
34.04,-0.0010633,0.000426395
34.06,-0.00106479,0.000425463
34.08,-0.00106595,0.000424302
34.1,-0.00106678,0.000424609
34.12,-0.00106303,0.000426996
34.14,-0.00106445,0.000426566
34.16,-0.0010641,0.000424332
34.18,-0.00106607,0.000424663
34.2,-0.00106092,0.000426964
34.22,-0.00106387,0.000426552
34.24,-0.00106325,0.000423604
34.26,-0.00106568,0.000424028
34.28,-0.0010625,0.000424975
34.3,-0.00106314,0.000426269
34.32,-0.00106354,0.000424011
34.34,-0.0010661,0.000423914
34.36,-0.00106355,0.00042464
34.38,-0.00106366,0.000426602
34.4,-0.00106344,0.00042475
34.42,-0.00106473,0.000424128
34.44,-0.0010638,0.000424983
34.46,-0.00106144,0.000427116
34.48,-0.0010626,0.000426391
34.5,-0.00106432,0.000425581
34.52,-0.00106422,0.000426383
34.54,-0.00106169,0.000428473
34.56,-0.00106283,0.000427365
34.58,-0.00106473,0.000425946
34.6,-0.00106524,0.000425979
34.62,-0.00106224,0.000429412
34.64,-0.00106378,0.000428335
34.66,-0.00106508,0.000426578
34.68,-0.00106629,0.000425621
34.7,-0.00106388,0.000428235
34.72,-0.00106402,0.000427908
34.74,-0.001066,0.000427033
34.76,-0.00106713,0.000425763
34.78,-0.00106542,0.000428146
34.8,-0.00106426,0.000428238
34.82,-0.00106562,0.000427398
34.84,-0.0010669,0.000426289
34.86,-0.00106596,0.000428223
34.88,-0.00106437,0.000429118
34.9,-0.00106596,0.000428151
34.92,-0.00106778,0.000426868
34.94,-0.00106758,0.000427449
34.96,-0.00106554,0.000428909
34.98,-0.00106704,0.000427751
35,-0.00106865,0.000426478
35.02,-0.00106892,0.00042627
35.04,-0.00106623,0.000428718
35.06,-0.00106693,0.000427467
35.08,-0.00106875,0.000426414
35.1,-0.00106939,0.000425672
35.12,-0.00106608,0.000429078
35.14,-0.00106734,0.000428052
35.16,-0.00106904,0.000426939
35.18,-0.00107054,0.000426349
35.2,-0.00106886,0.000428783
35.22,-0.00106833,0.00042949
35.24,-0.00106939,0.000427646
35.26,-0.00107124,0.000427443
35.28,-0.00106945,0.000428492
35.3,-0.00106907,0.000430175
35.32,-0.00107047,0.000428407
35.34,-0.00107242,0.000427961
35.36,-0.00107129,0.000428819
35.38,-0.00106921,0.000431261
35.4,-0.00107004,0.00042958
35.42,-0.00107194,0.000428893
35.44,-0.00107155,0.000428792
35.46,-0.00106817,0.000430535
35.48,-0.00106951,0.000430366
35.5,-0.00107019,0.000428029
35.52,-0.00107113,0.000428368
35.54,-0.00106722,0.000431041
35.56,-0.00106939,0.000430566
35.58,-0.00107074,0.00042882
35.6,-0.00107243,0.000428999
35.62,-0.0010694,0.000430957
35.64,-0.00107046,0.000431061
35.66,-0.00107147,0.000429199
35.68,-0.00107328,0.00042855
35.7,-0.00107039,0.000430497
35.72,-0.00107056,0.000431598
35.74,-0.00107091,0.000430043
35.76,-0.00107275,0.000429442
35.78,-0.00107088,0.000430543
35.8,-0.00107002,0.000432107
35.82,-0.00107075,0.000430805
35.84,-0.0010729,0.000430057
35.86,-0.00107166,0.000430657
35.88,-0.00107035,0.000432439
35.9,-0.00107048,0.00043068
35.92,-0.00107236,0.000429306
35.94,-0.00107201,0.000428761
35.96,-0.00106928,0.000431813
35.98,-0.00106956,0.000430144
36,-0.00107212,0.00042955
36.02,-0.00107219,0.000428474
36.04,-0.00106902,0.000432094
36.06,-0.00106967,0.000430174
36.08,-0.00107199,0.000429593
36.1,-0.00107242,0.000428354
36.12,-0.00107162,0.000430781
36.14,-0.00106996,0.00043029
36.16,-0.00107267,0.000429383
36.18,-0.00107266,0.000427806
36.2,-0.00107265,0.000429979
36.22,-0.00107036,0.000430241
36.24,-0.0010728,0.00042936
36.26,-0.0010727,0.000427621
36.28,-0.00107254,0.000428785
36.3,-0.00106941,0.000429547
36.32,-0.00107103,0.000428848
36.34,-0.00107139,0.000427065
36.36,-0.00107159,0.000427697
36.38,-0.00106868,0.000429419
36.4,-0.00107016,0.000428376
36.42,-0.00107108,0.000426611
36.44,-0.00107181,0.000426478
36.46,-0.00106784,0.000429264
36.48,-0.00106962,0.000428254
36.5,-0.00107068,0.000426352
36.52,-0.00107194,0.000426668
36.54,-0.00106856,0.000428539
36.56,-0.00106975,0.000428269
36.58,-0.00106931,0.000425999
36.6,-0.00107172,0.000426626
36.62,-0.00106804,0.000427376
36.64,-0.00106859,0.000429161
36.66,-0.00106847,0.000427044
36.68,-0.00107127,0.000426838
36.7,-0.00106813,0.000426862
36.72,-0.00106802,0.000429069
36.74,-0.00106774,0.000426856
36.76,-0.00107009,0.000426266
36.78,-0.00106788,0.000426272
36.8,-0.00106637,0.00042934
36.82,-0.00106631,0.0004272
36.84,-0.00106813,0.000426029
36.86,-0.00106797,0.000426239
36.88,-0.00106509,0.000428625
36.9,-0.00106601,0.000427558
36.92,-0.00106782,0.000426387
36.94,-0.00106839,0.000426055
36.96,-0.00106459,0.000428777
36.98,-0.00106585,0.000427837
37,-0.00106719,0.000426463
37.02,-0.00106785,0.000425649
37.039,-0.00106466,0.000428188
37.06,-0.00106494,0.000428054
37.08,-0.00106659,0.000426527
37.1,-0.00106798,0.000425595
37.12,-0.00106621,0.000427793
37.14,-0.00106521,0.000427693
37.16,-0.00106658,0.00042682
37.18,-0.0010677,0.000425225
37.2,-0.00106733,0.000426001
37.22,-0.00106468,0.000427199
37.24,-0.00106651,0.000426415
37.26,-0.00106776,0.000425004
37.28,-0.00106803,0.000425711
37.3,-0.00106496,0.000427871
37.32,-0.00106659,0.000426939
37.34,-0.00106799,0.000425597
37.36,-0.00106875,0.00042599
37.38,-0.0010646,0.000428549
37.4,-0.00106604,0.000427237
37.42,-0.00106747,0.000425571
37.44,-0.00106855,0.00042562
37.46,-0.00106558,0.000428001
37.48,-0.00106618,0.000427411
37.5,-0.00106779,0.000426367
37.52,-0.00106868,0.000425267
37.54,-0.00106721,0.000427353
37.56,-0.00106646,0.000427361
37.58,-0.00106769,0.00042613
37.6,-0.001069,0.000424976
37.62,-0.00106725,0.000426315
37.64,-0.00106548,0.000427145
37.66,-0.00106726,0.000426147
37.68,-0.00106877,0.000425004
37.7,-0.00106826,0.000426318
37.72,-0.00106621,0.000427735
37.74,-0.00106701,0.000426333
37.76,-0.00106934,0.000425127
37.78,-0.00106879,0.000424921
37.8,-0.00106643,0.000427709
37.82,-0.00106699,0.000425833
37.84,-0.00106949,0.000424861
37.86,-0.00106944,0.000424211
37.88,-0.00106675,0.00042756
37.9,-0.00106789,0.000425715
37.92,-0.00107014,0.000424933
37.94,-0.00107022,0.000424047
37.96,-0.00106786,0.000426842
37.98,-0.00106743,0.00042626
38,-0.0010681,0.000424628
38.02,-0.00106938,0.000424358
38.04,-0.00106666,0.000425941
38.06,-0.00106663,0.000426701
38.08,-0.00106741,0.000425144
38.1,-0.00106965,0.000424498
38.12,-0.0010676,0.000425367
38.14,-0.00106686,0.000426953
38.16,-0.00106723,0.000425702
38.18,-0.00106967,0.000424984
38.2,-0.00106851,0.00042541
38.22,-0.00106715,0.000427204
38.24,-0.00106812,0.000425726
38.26,-0.00107046,0.000425152
38.28,-0.00106953,0.000424943
38.3,-0.00106671,0.000428209
38.32,-0.00106688,0.000426911
38.34,-0.00106916,0.000426271
38.36,-0.00106917,0.000425645
38.38,-0.00106603,0.000429132
38.4,-0.00106637,0.000427423
38.42,-0.00106852,0.000426494
38.44,-0.00106889,0.000425136
38.46,-0.00106732,0.000427758
38.48,-0.00106578,0.000427911
38.5,-0.00106838,0.000426971
38.52,-0.00106883,0.000425415
38.54,-0.00106816,0.000427249
38.56,-0.00106602,0.000427145
38.58,-0.00106798,0.000426202
38.6,-0.0010683,0.000424231
38.62,-0.00106846,0.000425274
38.64,-0.00106519,0.000425964
38.66,-0.00106725,0.00042562
38.68,-0.00106819,0.000423854
38.7,-0.0010693,0.000425051
38.72,-0.00106556,0.000426591
38.74,-0.00106752,0.00042659
38.76,-0.00106805,0.000424666
38.78,-0.00106939,0.000425901
38.8,-0.00106522,0.000428066
38.82,-0.00106766,0.000427519
38.84,-0.00106822,0.000425579
38.86,-0.00106944,0.000425982
38.88,-0.00106557,0.000428241
38.9,-0.00106596,0.000427975
38.92,-0.00106705,0.000426114
38.94,-0.00106858,0.000425433
38.96,-0.00106618,0.000426956
38.98,-0.0010661,0.000428042
39,-0.00106746,0.000426815
39.02,-0.00106932,0.000425393
39.04,-0.00106784,0.000426876
39.06,-0.00106672,0.000428558
39.08,-0.00106721,0.000426732
39.1,-0.00106947,0.000426603
39.12,-0.00106791,0.000427119
39.14,-0.0010666,0.000429249
39.16,-0.0010667,0.000427027
39.18,-0.00106962,0.000426731
39.2,-0.00106862,0.00042614
39.22,-0.00106705,0.000429552
39.24,-0.00106674,0.000427707
39.26,-0.00106973,0.000427276
39.28,-0.00106839,0.000426204
39.3,-0.00106567,0.000430252
39.32,-0.00106555,0.000427827
39.34,-0.00106813,0.000427643
39.36,-0.00106766,0.000426116
39.38,-0.00106568,0.000429283
39.4,-0.00106458,0.000427919
39.42,-0.00106622,0.000426767
39.44,-0.00106708,0.000426183
39.46,-0.00106515,0.000427788
39.48,-0.00106441,0.000428594
39.5,-0.00106599,0.000427274
39.52,-0.00106706,0.000425824
39.54,-0.00106537,0.000427182
39.56,-0.0010638,0.00042838
39.58,-0.00106485,0.000427017
39.6,-0.0015748,-0.00016652
39.62,-0.00184362,0.000699659
39.64,0.00351744,0.00552291
39.66,0.00466317,0.0070631
39.68,0.00474691,0.00555088
39.7,0.00533023,0.00750254
39.72,0.00723247,0.0103418
39.74,-0.00289776,0.00731427
39.76,-0.0103082,0.0102558
39.78,-0.0152903,0.0181885
39.8,-0.0192918,0.0188214
39.82,-0.0217898,0.0204989
39.84,-0.0261372,0.0236645
39.86,-0.0306745,0.0281124
39.88,-0.0357573,0.032116
39.9,-0.0425345,0.0374351
39.92,-0.0509459,0.0428271
39.94,-0.06015,0.0487311
39.96,-0.0599722,0.0482686
39.98,-0.0487717,0.0383077
40,-0.0277612,0.0209604
40.02,-0.00890517,0.00334424
40.04,-0.0064064,0.000287559
40.06,-0.00762373,-0.00870216
40.08,-0.0170607,-0.0174714
40.1,-0.0197904,-0.0178955
40.12,-0.0151921,-0.0147849
40.14,-0.0153812,-0.015492
40.16,-0.0190041,-0.0187472
40.18,-0.0194237,-0.0208519
40.2,-0.0190584,-0.0203611
40.22,-0.0188873,-0.0197356
40.24,-0.0140067,-0.0164138
40.26,0.00688177,-0.00312386
40.28,0.000872347,-0.00386844
40.3,0.000486862,-0.00226123
40.32,0.000378666,0.000189652
40.34,-0.00294667,0.00253702
40.36,-0.00572288,0.00383776
40.38,-0.00855082,0.00367094
40.4,-0.0118112,0.00556082
40.42,-0.0171155,0.00967296
40.44,-0.0227989,0.0142464
40.46,-0.0274362,0.0169525
40.48,-0.0254274,0.0162178
40.5,-0.0171922,0.00482329
40.52,-0.00759724,-0.00796212
40.54,-0.00638015,-0.00643521
40.56,-0.000503851,-0.00335413
40.58,0.00351627,0.00177238
40.6,0.00641703,0.0045421
40.62,0.00939123,0.00795902
40.64,0.0139008,0.0128721
40.66,0.0188921,0.0184175
40.68,0.0238636,0.026345
40.7,0.0286423,0.0324874
40.72,0.0344745,0.0389521
40.74,0.0197402,0.0313695
40.76,-0.00486502,0.0147893
40.78,-0.0130743,0.0117921
40.8,-0.0121442,0.01234
40.82,-0.0139286,0.0145951
40.84,-0.0182122,0.0168044
40.86,-0.0197526,0.0169814
40.88,-0.0198386,0.0173256
40.9,-0.0238584,0.020239
40.92,-0.0301938,0.0250274
40.94,-0.0363974,0.029763
40.96,-0.0396516,0.0327991
40.98,-0.0234941,0.0276621
41,0.000274007,0.0189802
41.02,0.0174582,0.0107368
41.04,0.014841,0.0109803
41.059,0.0142443,0.00783237
41.08,0.0122894,0.00843187
41.1,0.0124331,0.00849839
41.12,0.0121534,0.00903963
41.14,0.0130278,0.0112069
41.16,0.0144111,0.0138314
41.18,0.0160088,0.0143285
41.2,0.0184395,0.017866
41.22,0.0188979,0.0198249
41.24,0.00400201,0.0125255
41.26,-0.00993333,0.00770723
41.28,-0.0119668,0.0146142
41.3,-0.0138818,0.0131589
41.32,-0.0143246,0.0129601
41.34,-0.0178005,0.0154125
41.36,-0.0214937,0.019044
41.38,-0.0248471,0.0219943
41.4,-0.0279906,0.0234161
41.42,-0.0325978,0.0261652
41.44,-0.0416506,0.0316651
41.46,-0.0481294,0.0367035
41.48,-0.0368628,0.0299994
41.5,-0.0177323,0.0162991
41.52,-0.0026853,0.00331075
41.54,-0.00476511,-0.00163102
41.56,-0.00965906,-0.0103593
41.58,-0.0162427,-0.0155037
41.6,-0.0151929,-0.0135446
41.62,-0.0133197,-0.0122399
41.64,-0.0171506,-0.0154173
41.66,-0.0197205,-0.0188105
41.68,-0.0207445,-0.0214316
41.7,-0.0205579,-0.0216267
41.72,-0.0186913,-0.0197718
41.74,-0.0031186,-0.0098355
41.76,0.0103683,-0.00600609
41.78,0.00686026,-0.00974432
41.8,0.00683459,-0.00706493
41.82,0.00475494,-0.00376947
41.84,0.00229115,-0.00203071
41.86,0.00118272,-0.0021002
41.88,0.000145637,-0.00373769
41.9,-0.000836978,-0.00382892
41.92,-0.00467625,-0.000325914
41.94,-0.0094019,0.00382757
41.96,-0.0123251,0.00512671
41.98,-0.0134466,0.00475702
42,-0.0103586,-0.00912406
42.02,-0.013423,-0.0128293
42.04,-0.0087799,-0.00999303
42.06,-0.000529023,-0.00243406
42.08,0.00384102,0.00194422
42.1,0.00302205,0.00209567
42.12,0.003223,0.00316903
42.14,0.00651347,0.00655046
42.16,0.0100307,0.0106072
42.18,0.0132256,0.0163377
42.2,0.0154729,0.0198027
42.22,0.020488,0.0250517
42.24,0.0124131,0.021654
42.26,-0.00584281,0.0105064
42.28,-0.00874935,0.00823536
42.3,-0.00598913,0.00734816
42.32,-0.00950075,0.00977319
42.34,-0.0125405,0.0113273
42.36,-0.011868,0.0105502
42.38,-0.0113523,0.0105667
42.4,-0.01429,0.0125075
42.42,-0.0194407,0.015974
42.44,-0.0247343,0.0191091
42.46,-0.0293346,0.0225855
42.48,-0.0206626,0.0164447
42.5,0.00253564,0.0040174
42.52,0.00693115,0.0030118
42.54,0.00511526,0.00272227
42.56,0.00569226,0.00396952
42.58,0.00692007,0.00594809
42.6,0.0076645,0.00614332
42.62,0.00774971,0.00741836
42.64,0.0104397,0.0106344
42.66,0.0138717,0.0148482
42.68,0.0165603,0.0166291
42.7,0.0195691,0.0211752
42.72,0.0203224,0.0239674
42.74,0.00429792,0.0176856
42.76,-0.0138508,0.0127051
42.78,-0.0190903,0.0222653
42.8,-0.0236172,0.0232676
42.82,-0.0261708,0.0256382
42.84,-0.0323035,0.0295558
42.86,-0.0375944,0.0338086
42.88,-0.0417306,0.0378557
42.9,-0.0476658,0.0417511
42.92,-0.0547932,0.046291
42.94,-0.0649041,0.0526605
42.96,-0.0640973,0.0515504
42.98,-0.0539426,0.0440765
43,-0.0335956,0.026712
43.02,-0.00922092,0.00455245
43.04,-0.00781105,-7.31656e-05
43.06,-0.0108302,-0.0096371
43.08,-0.0203119,-0.0215611
43.1,-0.0268432,-0.0236697
43.12,-0.0228972,-0.022056
43.14,-0.0219311,-0.0228112
43.16,-0.025171,-0.0260685
43.18,-0.0272816,-0.0303254
43.2,-0.0279252,-0.030133
43.22,-0.0254516,-0.0278773
43.24,-0.00801869,-0.0147957
43.26,0.0103701,-0.00508917
43.28,0.00406303,-0.00855058
43.299,0.00661458,-0.00736614
43.32,0.00525431,-0.00417414
43.34,0.00180852,-0.00147344
43.359,-0.000367265,-0.000708154
43.38,-0.00220083,-0.00147346
43.4,-0.00417044,-0.000288666
43.42,-0.00930925,0.00377327
43.44,-0.0155902,0.0088802
43.46,-0.0180409,0.0107018
43.48,-0.0179487,0.00932378
43.5,-0.0129495,-0.00203672
43.52,-0.0109176,-0.0122316
43.54,-0.00916814,-0.0105633
43.56,-0.00270935,-0.00590445
43.58,0.000903275,-0.00144513
43.6,0.000800947,-0.00103604
43.62,0.00155282,0.000523706
43.64,0.00547848,0.00425949
43.66,0.00942743,0.00854948
43.68,0.0124913,0.014266
43.7,0.0159329,0.0196893
43.72,0.021666,0.0239154
43.74,0.0133051,0.0204287
43.76,-0.00423298,0.00817879
43.78,-0.00666269,0.00823497
43.8,-0.00769608,0.00931983
43.82,-0.0115953,0.0119064
43.84,-0.015148,0.0140418
43.86,-0.0163702,0.0147744
43.88,-0.0178766,0.0162103
43.9,-0.0218145,0.0188419
43.92,-0.0277785,0.0230391
43.94,-0.0343686,0.0279014
43.96,-0.0403893,0.0326873
43.98,-0.0279946,0.0265235
44,-0.00944297,0.0164697
44.02,0.0105648,0.00622271
44.04,0.00574112,0.00435901
44.06,0.00170262,-0.00111093
44.08,-0.00269741,-0.00297313
44.1,-0.00356358,-0.0045313
44.12,-0.00589579,-0.00622506
44.14,-0.00797677,-0.00703233
44.16,-0.00838243,-0.00664407
44.18,-0.00850083,-0.00853442
44.2,-0.00874883,-0.00801537
44.22,-0.00992589,-0.00881058
44.24,-0.00476446,-0.00483716
44.26,0.00159786,0.00195649
44.28,-0.00435795,0.00514047
44.3,-0.00546481,0.00655527
44.32,-0.00878442,0.00779843
44.34,-0.0142214,0.0117305
44.36,-0.0187286,0.0158756
44.38,-0.0214524,0.0195304
44.4,-0.0267334,0.0231233
44.42,-0.0334139,0.0271211
44.44,-0.0401891,0.0312853
44.46,-0.0477519,0.0365979
44.48,-0.040311,0.0340577
44.5,-0.0249675,0.0235315
44.52,-0.00251255,0.00644223
44.54,0.00046796,0.00286619
44.56,-0.00335749,-0.00378829
44.58,-0.00999541,-0.0105701
44.6,-0.00976207,-0.00741498
44.62,-0.0056953,-0.00447041
44.64,-0.0072488,-0.00577028
44.66,-0.00964517,-0.00810471
44.68,-0.00874292,-0.00879578
44.7,-0.00797512,-0.00739414
44.72,-0.00699979,-0.00515387
44.74,-0.0059711,-0.00369498
44.76,0.000272186,0.00172502
44.78,-0.00472924,0.000159331
44.8,-0.00215137,0.00168482
44.82,-0.00544654,0.00530129
44.84,-0.00868537,0.00817769
44.86,-0.0126851,0.0103923
44.88,-0.0162052,0.0110056
44.9,-0.0203178,0.0135564
44.92,-0.0259789,0.0178773
44.94,-0.0339208,0.023216
44.96,-0.0402189,0.0271174
44.98,-0.0341076,0.0247558
45,-0.0221846,0.0158314
45.02,-0.00268265,-1.31483e-05
45.04,0.000652346,6.46392e-05
45.06,0.00454196,-0.000345841
45.08,0.00479636,0.00232124
45.1,0.00800199,0.00560522
45.12,0.0127449,0.00989112
45.14,0.0169757,0.014982
45.16,0.0217618,0.0206619
45.18,0.0272608,0.029026
45.2,0.0314912,0.0351337
45.22,0.0375287,0.0415581
45.24,0.0265067,0.0386419
45.26,0.0039906,0.0271491
45.28,-0.0170938,0.0159459
45.3,-0.0173322,0.0167476
45.32,-0.0182031,0.0179738
45.34,-0.0218618,0.020244
45.36,-0.0254818,0.0219145
45.38,-0.02517,0.0220739
45.4,-0.0278716,0.0243018
45.42,-0.0344845,0.0291715
45.44,-0.0424996,0.0350919
45.46,-0.0489113,0.0399906
45.48,-0.0336833,0.0323454
45.5,-0.0162979,0.0186754
45.52,0.00305069,0.0025466
45.54,1.58109e-06,0.000427402
45.56,-0.0057719,-0.00621279
45.58,-0.00834004,-0.00743427
45.6,-0.010896,-0.00978315
45.62,-0.0137055,-0.0129302
45.64,-0.016247,-0.0147056
45.66,-0.0175245,-0.015587
45.68,-0.0192358,-0.0186071
45.7,-0.0207394,-0.0191646
45.72,-0.0226815,-0.0207756
45.74,-0.0149599,-0.0140789
45.76,0.00343974,-0.000319111
45.78,-0.00016659,0.00249811
45.8,-0.00109917,0.000234087
45.82,0.000300494,-0.00120445
45.84,-0.00282013,0.000902602
45.86,-0.00767107,0.00527533
45.88,-0.0111124,0.00947199
45.9,-0.0133451,0.0113756
45.92,-0.0162736,0.0121671
45.94,-0.0215025,0.0147692
45.96,-0.0274253,0.0189072
45.98,-0.0293183,0.02358
46,-0.0227129,0.0151704
46.02,-0.00803665,-0.00213396
46.04,-0.00763715,-0.00641874
46.06,-0.00781209,-0.00928377
46.08,-0.0102325,-0.011621
46.1,-0.00909006,-0.00832874
46.12,-0.00822765,-0.00727924
46.14,-0.0103674,-0.00900469
46.16,-0.0106837,-0.00994278
46.18,-0.00800314,-0.0092299
46.2,-0.0063945,-0.00702454
46.22,-0.00505351,-0.00461697
46.24,-0.00557235,-0.00394898
46.26,-0.00123108,-0.000349545
46.28,-0.00550728,0.00202321
46.3,-0.00569469,0.00403588
46.32,-0.00582764,0.00710498
46.34,-0.00919783,0.00839602
46.36,-0.0116074,0.0107887
46.38,-0.0178539,0.01356
46.4,-0.023793,0.0173317
46.42,-0.0300449,0.0222096
46.44,-0.0373436,0.0273461
46.46,-0.0448466,0.031576
46.48,-0.0446869,0.033252
46.5,-0.0353613,0.0233017
46.52,-0.0171733,0.00379188
46.54,-0.00956515,-0.00580346
46.56,-0.00906021,-0.00777673
46.58,-0.00728473,-0.00904546
46.6,-0.00802504,-0.00850579
46.62,-0.00461247,-0.00607629
46.64,-0.00143289,-0.00300624
46.66,-0.000257234,-0.000715273
46.68,0.00110582,0.00287785
46.7,0.00235479,0.00504762
46.72,0.00696238,0.00738187
46.74,0.00921511,0.0103134
46.76,-0.000545856,0.00772557
46.78,-0.00797217,0.00867812
46.8,-0.0120271,0.0106775
46.82,-0.0142796,0.0131468
46.84,-0.0169923,0.0147144
46.86,-0.0165885,0.0140743
46.88,-0.0160753,0.0136025
46.9,-0.0179791,0.0149205
46.92,-0.0223138,0.0180106
46.94,-0.0281033,0.0222865
46.96,-0.0335446,0.0263401
46.98,-0.0297427,0.0249103
47,-0.0114467,0.0151219
47.02,0.0100323,0.00569833
47.04,0.0100643,0.00521151
47.059,0.00426202,-0.000183762
47.08,-0.000337659,-0.00267489
47.1,-0.00259826,-0.00491661
47.12,-0.00507667,-0.00734226
47.14,-0.00662952,-0.00826918
47.16,-0.00701397,-0.00776879
47.18,-0.00733743,-0.00908814
47.2,-0.00742822,-0.00872748
47.22,-0.0082234,-0.00900709
47.24,-0.00698247,-0.00811413
47.26,0.00310652,0.00124437
47.28,-0.00377517,0.00501026
47.3,-0.00544199,0.00636994
47.32,-0.00875611,0.0075237
47.34,-0.0137467,0.0117112
47.36,-0.0185593,0.0165346
47.38,-0.0217108,0.020258
47.4,-0.0263587,0.0234119
47.42,-0.0312718,0.0257477
47.44,-0.0373595,0.0294216
47.46,-0.04598,0.0353984
47.48,-0.0446286,0.0366823
47.5,-0.0315487,0.0269409
47.52,-0.00934213,0.00920268
47.54,-0.00245021,0.00219377
47.56,-0.00367151,-0.00359315
47.58,-0.00957708,-0.0128259
47.6,-0.0138942,-0.0122395
47.62,-0.00974459,-0.00911076
47.64,-0.00868686,-0.00927455
47.66,-0.0101994,-0.0111689
47.68,-0.0108652,-0.0124251
47.7,-0.00947926,-0.0101821
47.72,-0.00758329,-0.00756549
47.74,-0.00864444,-0.00770382
47.76,0.00276525,0.000341242
47.78,-0.00331039,0.00125798
47.8,-0.00418278,0.00380284
47.82,-0.00533122,0.00745568
47.84,-0.00881895,0.0100621
47.86,-0.0125557,0.012686
47.88,-0.0181461,0.0150336
47.9,-0.0230419,0.0179816
47.92,-0.030871,0.0224577
47.94,-0.0390697,0.0282364
47.96,-0.0466513,0.032606
47.98,-0.0449674,0.0327266
48,-0.033297,0.0223957
48.02,-0.0148844,0.00581246
48.04,-0.0061464,-0.00159143
48.06,-0.0040569,-0.00310974
48.08,-0.00228506,-0.00362502
48.1,-0.000920619,-0.00141495
48.12,0.00399265,0.00245385
48.14,0.00761639,0.00614603
48.16,0.00964297,0.00939578
48.18,0.0127185,0.0145837
48.2,0.0148053,0.0175719
48.22,0.0191524,0.0216489
48.24,0.0221624,0.0260337
48.26,0.000586583,0.0169393
48.28,-0.0135315,0.0130994
48.3,-0.0146688,0.0154619
48.32,-0.0166474,0.0182885
48.34,-0.0215741,0.0208733
48.36,-0.0234211,0.0214697
48.38,-0.0249395,0.022425
48.4,-0.0289411,0.0256233
48.42,-0.0360445,0.0309946
48.44,-0.044584,0.0372767
48.46,-0.0522994,0.0430049
48.48,-0.0384551,0.0392622
48.5,-0.0231617,0.0298481
48.52,-0.00283741,0.0143201
48.54,0.00566208,0.00487058
48.56,-0.000597194,0.000160359
48.58,-0.00340175,-0.00571891
48.6,-0.00920163,-0.0105612
48.62,-0.0116603,-0.013307
48.64,-0.0139294,-0.0145475
48.66,-0.0170881,-0.0161968
48.68,-0.0200423,-0.0203098
48.7,-0.0217192,-0.0217506
48.72,-0.0239614,-0.0242685
48.74,-0.0161608,-0.0176378
48.76,0.00470833,-0.00298221
48.78,0.00336938,0.00133916
48.8,0.00138338,-0.00287406
48.82,0.00238111,-0.00444106
48.84,0.000916693,-0.0026227
48.86,-0.00373681,0.00182595
48.88,-0.00628592,0.00506305
48.9,-0.00808915,0.0061804
48.92,-0.0108428,0.00681559
48.94,-0.0153614,0.00900582
48.96,-0.0202617,0.0126335
48.98,-0.0228851,0.0174653
49,-0.017557,0.0105814
49.02,-0.00566729,-0.00420035
49.04,-0.00536773,-0.00584509
49.06,-0.00419269,-0.00623155
49.08,-0.0038793,-0.00616115
49.1,-0.000563021,-0.000476941
49.12,0.000699636,0.00154324
49.14,0.00167387,0.00290957
49.16,0.00405967,0.00465662
49.18,0.00685345,0.00647694
49.2,0.0103639,0.0109057
49.22,0.0141706,0.0158675
49.24,0.00991736,0.0163569
49.26,-0.0101963,0.00976299
49.28,-0.0159944,0.0144875
49.3,-0.0208581,0.0191546
49.32,-0.024695,0.0234432
49.34,-0.0280367,0.0262608
49.36,-0.0313495,0.0285262
49.38,-0.0361978,0.0310831
49.4,-0.0430512,0.0356011
49.42,-0.0530734,0.0426526
49.44,-0.0642693,0.0504524
49.46,-0.0719644,0.0550364
49.48,-0.0591392,0.0486386
49.5,-0.042152,0.0377652
49.52,-0.0156647,0.0173107
49.54,-0.00237401,0.00631719
49.56,-0.00197693,0.00246218
49.58,-0.00279098,-0.00483037
49.6,-0.0080169,-0.00875295
49.62,-0.00664482,-0.007764
49.64,-0.00199476,-0.00441867
49.66,-0.00131526,-0.00288727
49.68,-0.00236252,-0.00109092
49.7,-0.00475824,-0.00323431
49.72,-0.00414636,-0.00425088
49.74,0.00156908,0.00133681
49.76,0.00349046,0.0146559
49.78,-0.0117117,0.0128369
49.8,-0.0141212,0.0147046
49.82,-0.0163811,0.0178725
49.84,-0.019401,0.0193768
49.86,-0.0193816,0.0186754
49.88,-0.0193787,0.0183393
49.9,-0.0221763,0.0202717
49.92,-0.0279785,0.0245457
49.94,-0.0353006,0.0300492
49.96,-0.0423398,0.0341905
49.98,-0.0347485,0.0309662
50,-0.0207019,0.0192327
50.02,-0.00182008,0.00321244
50.04,-0.00145158,-0.00154368
50.06,-0.0063921,-0.00729642
50.08,-0.0115868,-0.0109164
50.1,-0.014485,-0.0135885
50.12,-0.0169947,-0.0167205
50.14,-0.0200585,-0.0191543
50.16,-0.0223371,-0.0206475
50.18,-0.0243977,-0.024014
50.2,-0.0262134,-0.0250913
50.22,-0.0289496,-0.0276058
50.24,-0.0194435,-0.0185898
50.26,0.00262762,-0.00216864
50.28,0.000184343,0.00325356
50.3,-0.00235294,0.00151119
50.32,-0.00123302,0.000313041
50.34,-0.00239923,0.00108072
50.36,-0.00680564,0.00520167
50.38,-0.0109052,0.00923793
50.4,-0.0133326,0.0108951
50.42,-0.0161691,0.0115554
50.44,-0.0212589,0.0140585
50.46,-0.0271521,0.0181406
50.48,-0.0286512,0.021653
50.5,-0.0197555,0.0154041
50.52,-0.00424365,0.00117343
50.54,-0.00264554,-0.00109385
50.56,-0.00166178,-0.00379064
50.58,-0.00466864,-0.00643229
50.6,-0.00323961,-0.00282468
50.62,0.000201585,0.000948321
50.64,6.64595e-05,0.00211702
50.66,0.00139054,0.00340682
50.68,0.00487029,0.00546259
50.7,0.0086035,0.00932395
50.72,0.0121948,0.0143918
50.74,0.0087239,0.0155341
50.76,-0.0127122,0.0102833
50.78,-0.0175686,0.0163793
50.8,-0.0201465,0.0188893
50.82,-0.0230778,0.0216675
50.84,-0.0254677,0.0240927
50.86,-0.0294548,0.0269056
50.88,-0.0346082,0.0296415
50.9,-0.0413382,0.0338563
50.92,-0.0512617,0.0404472
50.94,-0.0617841,0.0474939
50.96,-0.0698163,0.052373
50.98,-0.0598963,0.0468578
51,-0.0444084,0.0327556
51.02,-0.0194868,0.00771611
51.04,-0.0138498,-0.000662765
51.06,-0.0149731,-0.00730277
51.08,-0.0169815,-0.014692
51.1,-0.0197298,-0.0179276
51.12,-0.0175302,-0.0168509
51.14,-0.0146565,-0.0149207
51.16,-0.0156554,-0.0149288
51.18,-0.0171127,-0.0141494
51.2,-0.0195046,-0.0175972
51.22,-0.0197448,-0.0198417
51.24,-0.00559972,-0.00518375
51.26,0.00952926,0.014996
51.28,-0.00994407,0.0116473
51.3,-0.0118006,0.00956132
51.32,-0.0103736,0.0104046
51.34,-0.0125357,0.0120113
51.36,-0.0140477,0.0120167
51.38,-0.0132049,0.0109197
51.4,-0.0132706,0.0107372
51.42,-0.0169916,0.0133109
51.44,-0.02322,0.0178209
51.46,-0.0284202,0.021645
51.48,-0.0284192,0.021221
51.5,-0.0110372,0.0141137
51.52,0.00983449,0.00526846
51.54,0.00800073,0.00503251
51.56,0.00213904,-0.000647726
51.58,-0.00347522,-0.00396023
51.6,-0.0066489,-0.00708164
51.62,-0.00875192,-0.00923419
51.64,-0.0105048,-0.0100321
51.66,-0.0117402,-0.0100878
51.68,-0.0124003,-0.012062
51.7,-0.012919,-0.012465
51.72,-0.014263,-0.0133158
51.74,-0.010135,-0.00974944
51.76,0.00346481,0.000408172
51.78,-0.00178945,0.00372585
51.8,-0.00353252,0.00341678
51.82,-0.00515956,0.00488809
51.84,-0.0108874,0.00888822
51.86,-0.0160697,0.0138674
51.88,-0.0196431,0.016961
51.9,-0.0224028,0.0190491
51.92,-0.0278289,0.0215979
51.94,-0.0343043,0.0254541
51.96,-0.0417285,0.0307259
51.98,-0.0403064,0.0327294
52,-0.0274233,0.0256526
52.02,-0.00459794,0.0095596
52.04,0.0022847,0.00456952
52.06,0.00159039,0.000335203
52.08,-0.00354672,-0.00508556
52.1,-0.00306442,-0.00150769
52.12,0.00238884,0.00294859
52.14,0.00271862,0.00352062
52.16,0.00225339,0.0031973
52.18,0.003585,0.00360761
52.2,0.00621282,0.00690691
52.22,0.00951891,0.0113778
52.24,0.00778833,0.012605
52.26,-0.00757555,0.00542424
52.28,-0.0114071,0.00973745
52.3,-0.0157267,0.0136578
52.32,-0.0192573,0.017586
52.34,-0.0209259,0.0193673
52.36,-0.0232486,0.0206455
52.38,-0.0268026,0.0218344
52.4,-0.0324127,0.0251152
52.42,-0.0409507,0.0308528
52.44,-0.0501153,0.0373836
52.46,-0.0592188,0.0424895
52.48,-0.0509515,0.0387973
52.5,-0.0355926,0.0288361
52.52,-0.0109745,0.0114361
52.54,0.000134941,0.00537375
52.56,0.00316959,0.00391856
52.58,0.00191542,0.00174266
52.6,0.00204289,0.00346583
52.62,0.00793999,0.00807107
52.64,0.0126629,0.0128739
52.66,0.0150892,0.0167532
52.68,0.0184882,0.0229429
52.7,0.0203152,0.0260245
52.72,0.0233847,0.0301077
52.74,0.0230394,0.0335874
52.76,0.000483466,0.0223267
52.78,-0.0165934,0.0169057
52.8,-0.0181822,0.0185579
52.82,-0.0212126,0.0217896
52.84,-0.0272028,0.0253936
52.86,-0.0300169,0.0266997
52.88,-0.0297861,0.0269749
52.9,-0.033155,0.0298245
52.92,-0.0404709,0.0353178
52.94,-0.0494281,0.0419953
52.96,-0.0577269,0.047326
52.98,-0.0446513,0.0382321
53,-0.0243172,0.0212373
53.02,-0.00277152,0.00199588
53.04,-0.0037843,-0.00070142
53.06,-0.00810603,-0.00782224
53.08,-0.011335,-0.0107887
53.1,-0.0130938,-0.0130947
53.12,-0.0150214,-0.0152798
53.14,-0.0176122,-0.0173309
53.16,-0.0196266,-0.0185383
53.18,-0.0211623,-0.0214143
53.2,-0.0225283,-0.0220664
53.22,-0.0249237,-0.0241023
53.24,-0.0155446,-0.0163199
53.26,0.00421753,-0.00252842
53.28,0.0021636,0.00142246
53.3,-0.000384317,-0.00201808
53.32,0.00136303,-0.00284984
53.34,-0.0011238,-0.00057216
53.36,-0.00597152,0.0040341
53.38,-0.00879598,0.00727742
53.4,-0.010221,0.00792951
53.42,-0.0131041,0.00844114
53.44,-0.0169841,0.0103821
53.46,-0.0227836,0.0143459
53.48,-0.0254215,0.0190735
53.5,-0.0188852,0.0123057
53.52,-0.00567206,-0.00269758
53.54,-0.00534875,-0.00496469
53.56,-0.00542143,-0.00722973
53.58,-0.00679889,-0.0081482
53.6,-0.00432351,-0.0041622
53.62,-0.00258112,-0.00154973
53.64,-0.0023726,-0.000878984
53.66,-0.00114741,-0.000233578
53.68,0.00172616,0.0010139
53.7,0.00442678,0.00459729
53.72,0.00727584,0.00873587
53.74,0.00758623,0.0110136
53.76,-0.00797574,0.0072095
53.78,-0.0154182,0.0141154
53.8,-0.0222118,0.020733
53.82,-0.0253362,0.024816
53.84,-0.0309743,0.028808
53.86,-0.0354268,0.0320209
53.88,-0.040046,0.0344886
53.9,-0.0466459,0.0388001
53.92,-0.0565182,0.0459557
53.94,-0.0687048,0.0536142
53.96,-0.0725773,0.0572612
53.98,-0.0575027,0.0504281
54,-0.0427117,0.0342372
54.02,-0.0178673,0.0107748
54.04,-0.0110739,0.000542483
54.06,-0.0127461,-0.00755161
54.08,-0.0162675,-0.0169428
54.1,-0.0230291,-0.0226666
54.12,-0.0230108,-0.0234887
54.14,-0.0212939,-0.0230489
54.16,-0.024368,-0.0251444
54.18,-0.0292506,-0.0284105
54.2,-0.0343876,-0.0349543
54.22,-0.0309069,-0.0346056
54.24,-0.0159195,-0.0167197
54.26,0.00252141,0.00402978
54.28,-0.00784833,0.0083819
54.3,-0.0110044,0.0108477
54.32,-0.010065,0.010562
54.34,-0.00904167,0.00911454
54.36,-0.00778428,0.00731574
54.38,-0.00681403,0.00592984
54.4,-0.00760356,0.00595765
54.42,-0.00990146,0.00736993
54.44,-0.0139328,0.00992306
54.46,-0.0173552,0.0121792
54.48,-0.0211793,0.0122041
54.5,-0.0056785,0.00481775
54.52,0.00639487,0.000248499
54.54,0.00534041,0.00103308
54.56,0.000308499,-0.00168452
54.58,-4.1095e-05,-0.00122578
54.6,-0.0026672,-0.00390479
54.62,-0.00599069,-0.00648109
54.64,-0.00652754,-0.00620221
54.66,-0.00476331,-0.00389967
54.68,-0.0031333,-0.00391826
54.7,-0.0023614,-0.00244716
54.72,-0.00269079,-0.00233468
54.74,-0.00483248,-0.00380535
54.76,0.000818191,0.0035315
54.78,-0.00729637,0.00998942
54.8,-0.0119044,0.0119205
54.82,-0.0168598,0.0155484
54.84,-0.0223766,0.0205659
54.86,-0.0293504,0.0267565
54.88,-0.0348523,0.0322468
54.9,-0.0411751,0.0361667
54.92,-0.0473198,0.0395722
54.94,-0.0568314,0.0461631
54.96,-0.0690288,0.0549108
54.98,-0.0596291,0.0505124
55,-0.0426038,0.0389815
55.02,-0.0164143,0.0203985
55.04,-0.00111609,0.00791081
55.06,-0.00283223,0.00150684
55.08,-0.0107264,-0.0104733
55.1,-0.0177114,-0.0135201
55.12,-0.0150299,-0.0114233
55.14,-0.0128997,-0.0114081
55.16,-0.0163178,-0.0145806
55.18,-0.0194451,-0.0183055
55.2,-0.0189801,-0.0174625
55.22,-0.018377,-0.0163107
55.24,-0.0192804,-0.0171494
55.26,0.00136075,-0.00402885
55.28,0.00151157,-0.00230284
55.3,-0.00173797,-0.0011793
55.32,-0.00190486,0.00187968
55.34,-0.00510742,0.00443776
55.36,-0.00758655,0.00566136
55.38,-0.0104076,0.00586555
55.4,-0.0125058,0.00661812
55.42,-0.0168707,0.00969617
55.44,-0.0228261,0.0141888
55.46,-0.0285316,0.0175647
55.48,-0.0314157,0.0228788
55.5,-0.0235392,0.0143278
55.52,-0.00918769,-0.0019552
55.54,-0.00685934,-0.00536273
55.56,-0.00179729,-0.00435067
55.58,0.0021898,7.54394e-05
55.6,0.00589443,0.0033441
55.62,0.00894989,0.00661394
55.64,0.0128587,0.0112432
55.66,0.0177223,0.0167972
55.68,0.0218162,0.0238731
55.7,0.0254383,0.029556
55.72,0.0317946,0.0353632
55.739,0.0229021,0.0323414
55.76,0.00280127,0.0205147
55.78,-0.0133567,0.0121569
55.8,-0.0175101,0.0177912
55.819,-0.0211392,0.0204044
55.84,-0.0231823,0.0220061
55.86,-0.0237397,0.0214482
55.88,-0.0235963,0.0209875
55.9,-0.0265586,0.0231879
55.92,-0.0328162,0.027924
55.94,-0.0405458,0.0338094
55.96,-0.0470257,0.03877
55.98,-0.0356405,0.0358815
56,-0.0143582,0.0270301
56.02,0.0106391,0.013513
56.04,0.0145977,0.0106095
56.06,0.00989574,0.00741842
56.08,0.00703606,0.0052226
56.1,0.00669144,0.00464438
56.12,0.00572607,0.00420639
56.14,0.00452062,0.00433922
56.16,0.00443679,0.00557153
56.18,0.00498347,0.00527897
56.2,0.00614017,0.00659287
56.22,0.00737,0.00830484
56.24,0.00608053,0.00818921
56.26,-0.00450432,0.00280284
56.28,-0.00637172,0.00990429
56.3,-0.0103141,0.0106274
56.32,-0.0142888,0.0126701
56.34,-0.0191355,0.0172452
56.36,-0.0235394,0.0217135
56.38,-0.0264866,0.0253755
56.4,-0.0313031,0.0282544
56.42,-0.0360085,0.0307169
56.44,-0.0436927,0.0356255
56.46,-0.0545273,0.0432214
56.48,-0.050656,0.0425852
56.5,-0.038911,0.0323251
56.52,-0.0165919,0.0132226
56.54,-0.00459885,0.00209859
56.56,-0.00419955,-0.0020338
56.58,-0.00622555,-0.00897671
56.6,-0.00924014,-0.00823723
56.62,-0.00506779,-0.00451099
56.64,-0.00250304,-0.00281943
56.66,-0.00303737,-0.00235028
56.68,-0.00304194,-0.00314123
56.7,-0.000800631,0.000149107
56.72,0.00191797,0.00387066
56.74,0.0022193,0.00530069
56.76,-0.00413152,0.00347089
56.78,-0.00896139,0.00669687
56.8,-0.0128057,0.0113901
56.82,-0.0176996,0.0162569
56.84,-0.0202268,0.0181053
56.86,-0.0220726,0.0191328
56.88,-0.0259816,0.0207568
56.9,-0.0319902,0.024573
56.92,-0.0402895,0.0303223
56.94,-0.0496426,0.0364947
56.96,-0.0591226,0.0416322
56.98,-0.0521269,0.0383251
57,-0.035991,0.0294687
57.02,-0.0103346,0.0105388
57.04,-0.00303183,0.00514205
57.06,-0.00234068,0.00135582
57.08,-0.00270539,-0.00228353
57.1,-0.0041951,-0.00228766
57.12,7.79378e-05,0.000781234
57.14,0.00384732,0.00421325
57.16,0.00479196,0.00653655
57.18,0.00603021,0.0102805
57.2,0.00675509,0.0117261
57.22,0.00948887,0.013718
57.24,0.0121182,0.017326
57.26,-0.00214877,0.011159
57.28,-0.0112,0.0123452
57.3,-0.0160869,0.0144449
57.32,-0.0179782,0.0170245
57.34,-0.0215749,0.0188727
57.36,-0.0216158,0.0187184
57.38,-0.0220743,0.018989
57.4,-0.0251213,0.0211023
57.42,-0.0304743,0.0249285
57.44,-0.0374708,0.0300823
57.46,-0.0442914,0.0352507
57.48,-0.0372243,0.0317613
57.5,-0.0192414,0.0188621
57.52,0.00317393,0.00396088
57.54,0.00214197,-0.000380972
57.56,-0.004471,-0.00738533
57.58,-0.0100825,-0.0113583
57.6,-0.0142953,-0.0152924
57.62,-0.0173701,-0.0190858
57.64,-0.0209158,-0.0220473
57.66,-0.0238528,-0.0241113
57.68,-0.0261815,-0.0279349
57.7,-0.0282626,-0.0293677
57.72,-0.0308685,-0.0320411
57.74,-0.0204137,-0.0213242
57.76,0.00222903,-0.00356927
57.78,0.00100967,0.00223128
57.8,-0.00107514,-0.00188991
57.82,0.00289007,-0.00427904
57.84,0.0015379,-0.00340238
57.86,-0.00338542,0.00145933
57.88,-0.00664208,0.00531951
57.9,-0.00852288,0.0066731
57.92,-0.0118711,0.00739342
57.94,-0.0157485,0.00913215
57.96,-0.0210522,0.0126924
57.98,-0.0232629,0.0171536
58,-0.0166365,0.0111819
58.02,-0.00351392,-0.00282393
58.04,-0.00216183,-0.0040992
58.06,-0.00229284,-0.00547311
58.08,-0.00236416,-0.00595813
58.1,0.00049258,-0.000515639
58.12,0.00265827,0.00229849
58.14,0.0038789,0.00391298
58.16,0.00645318,0.00555437
58.18,0.00944593,0.00815386
58.2,0.0131951,0.0128214
58.22,0.0175514,0.0183475
58.24,0.0111801,0.0178942
58.26,-0.0100557,0.0108466
58.28,-0.0166376,0.014126
58.3,-0.0187858,0.0166652
58.32,-0.0190347,0.0180701
58.34,-0.0220214,0.0206798
58.36,-0.0257021,0.0232552
58.38,-0.0305084,0.0256816
58.4,-0.0368246,0.0296775
58.42,-0.0456926,0.0359012
58.44,-0.0550073,0.0424438
58.46,-0.0644127,0.047827
58.48,-0.0543671,0.0428693
58.5,-0.03869,0.0304828
58.52,-0.0145931,0.00849634
58.54,-0.0071024,0.00223099
58.56,-0.00765233,-0.00278791
58.58,-0.0074499,-0.00698577
58.6,-0.00778765,-0.00670708
58.62,-0.003079,-0.00323526
58.64,0.000584515,6.45376e-05
58.66,0.000852043,0.00172593
58.68,0.000928709,0.0047877
58.7,0.001389,0.00470892
58.72,0.00426698,0.00682413
58.74,0.00696441,0.0100683
58.76,-0.00594764,0.00928582
58.78,-0.0141941,0.0154207
58.8,-0.0220252,0.0203709
58.82,-0.0257137,0.0234489
58.84,-0.0258066,0.0233936
58.86,-0.0245886,0.0218663
58.88,-0.0253173,0.0213132
58.9,-0.0286001,0.0240678
58.92,-0.034383,0.0284368
58.94,-0.0416621,0.0338667
58.96,-0.0481631,0.0387435
58.98,-0.0384586,0.0349797
59,-0.0204481,0.0269605
59.02,0.00530195,0.0145869
59.04,0.0123702,0.00879565
59.06,0.00932439,0.00694989
59.08,0.00704515,0.00472405
59.1,0.00474305,0.00344517
59.12,0.00487828,0.00320342
59.14,0.00448952,0.00404367
59.16,0.00411661,0.00529305
59.18,0.00464961,0.00481567
59.2,0.00633305,0.00726257
59.22,0.00752827,0.00884288
59.24,0.00538526,0.00803877
59.26,-0.00386486,0.00252997
59.28,-0.00573471,0.00815825
59.3,-0.00743601,0.00833879
59.32,-0.0122606,0.0104365
59.34,-0.0163114,0.0141747
59.36,-0.0198786,0.0183057
59.38,-0.0232399,0.0222771
59.4,-0.0279696,0.0253658
59.42,-0.0335783,0.0284354
59.44,-0.0417208,0.0336257
59.46,-0.0515095,0.0406004
59.48,-0.0475488,0.0402256
59.5,-0.0339023,0.0313057
59.52,-0.0102457,0.0143459
59.54,0.000234374,0.0047567
59.56,-0.00155317,-0.000136363
59.58,-0.00745851,-0.00834271
59.6,-0.009961,-0.00789088
59.62,-0.00603419,-0.00434849
59.64,-0.00486228,-0.00395562
59.66,-0.00735583,-0.00594682
59.68,-0.0084689,-0.00802471
59.7,-0.00745737,-0.00677747
59.72,-0.00566789,-0.00397963
59.74,-0.00591113,-0.00318453
59.76,0.00113165,0.00321019
59.78,-0.00523418,0.00176165
59.8,-0.00361108,0.00330235
59.82,-0.00634543,0.00697856
59.84,-0.0100803,0.0102696
59.86,-0.0146263,0.0129883
59.88,-0.0176571,0.0135801
59.9,-0.0205815,0.0151145
59.92,-0.0258374,0.0195428
59.94,-0.033558,0.0245152
59.96,-0.0408599,0.0293089
59.98,-0.0385732,0.029739
60,-0.0285628,0.0229037
60.02,-0.00950307,0.00813368
60.04,0.000517759,0.00189416
60.06,0.00565646,0.00331357
60.08,0.00816576,0.00541925
60.1,0.0104605,0.0089657
60.12,0.0160311,0.0139491
60.14,0.0208205,0.0194744
60.16,0.0251304,0.0250337
60.18,0.0294836,0.0326845
60.2,0.031724,0.0362732
60.22,0.0370685,0.0429972
60.24,0.0255469,0.0375645
60.26,0.00168263,0.0248634
60.28,-0.0184571,0.0154656
60.3,-0.0229403,0.0220263
60.32,-0.0292902,0.025854
60.34,-0.0315482,0.0277634
60.36,-0.0327153,0.0277813
60.38,-0.0336404,0.0284006
60.4,-0.0378533,0.0316006
60.42,-0.0451363,0.0370277
60.44,-0.0540623,0.0436447
60.46,-0.0614612,0.0495775
60.48,-0.0472034,0.0408323
60.5,-0.0277314,0.0240455
60.52,-0.00422853,0.0039979
60.54,-0.00223111,0.000849256
60.56,-0.00625605,-0.00510569
60.58,-0.00799351,-0.00807097
60.6,-0.00967289,-0.00938958
60.62,-0.00984853,-0.0100585
60.64,-0.0107885,-0.0107027
60.66,-0.0119024,-0.0110201
60.68,-0.0127454,-0.0129123
60.7,-0.0128981,-0.0121663
60.72,-0.0136697,-0.0125101
60.74,-0.00993067,-0.00957486
60.76,0.00333417,0.000774528
60.78,-0.000574272,0.00411546
60.8,-0.00318519,0.0029414
60.82,-0.00419298,0.00391053
60.84,-0.00906142,0.00726577
60.86,-0.0135304,0.0119409
60.88,-0.0158717,0.0149554
60.9,-0.0178603,0.0162113
60.92,-0.0207042,0.0168009
60.94,-0.0258979,0.0196591
60.96,-0.0324193,0.0242253
60.98,-0.0333538,0.0275338
61,-0.0248321,0.0197896
61.02,-0.00727776,0.00269017
61.04,-0.00397032,-0.00348172
61.06,-0.00431373,-0.00637941
61.08,-0.0085275,-0.01044
61.1,-0.00858043,-0.00833505
61.12,-0.006409,-0.00613374
61.14,-0.00702324,-0.00684912
61.16,-0.0077562,-0.00785453
61.18,-0.00590944,-0.00752709
61.2,-0.00323504,-0.00480932
61.22,-0.00137731,-0.00166096
61.24,-0.0018879,-0.000746104
61.26,4.95781e-05,0.00357087
61.28,-0.00707956,0.0046015
61.3,-0.00948734,0.0086355
61.32,-0.0129995,0.0128827
61.34,-0.0169067,0.0161707
61.36,-0.0211372,0.018926
61.38,-0.0248697,0.0204713
61.4,-0.0302933,0.0237689
61.42,-0.037548,0.0291563
61.44,-0.0472893,0.0355296
61.46,-0.0566443,0.041335
61.48,-0.0477445,0.0363231
61.5,-0.0331888,0.0242741
61.52,-0.0115952,0.00360935
61.54,-0.00862025,-0.00113476
61.56,-0.0100395,-0.00784375
61.58,-0.0129598,-0.0114867
61.6,-0.0131196,-0.0110763
61.62,-0.00979303,-0.00945948
61.64,-0.00929016,-0.00879524
61.66,-0.0108199,-0.00902046
61.68,-0.010851,-0.00716383
61.7,-0.0120198,-0.00864653
61.72,-0.01113,-0.00960103
61.74,-0.00339979,-0.00109728
61.76,0.00390443,0.0160254
61.78,-0.0144179,0.0113046
61.8,-0.0133708,0.0102634
61.82,-0.0112197,0.0108442
61.84,-0.0119885,0.0108911
61.86,-0.0113207,0.00933828
61.88,-0.0100396,0.00769267
61.9,-0.0111433,0.00816664
61.92,-0.015,0.0107224
61.94,-0.0201563,0.0143523
61.96,-0.0236532,0.0168727
61.98,-0.0255005,0.0167498
62,-0.00979926,0.00841925
62.02,0.00625016,-6.69537e-05
62.04,0.00452635,0.000330433
62.06,0.000880621,-0.00210341
62.08,-0.000610454,-0.00196499
62.1,-0.00139584,-0.00323008
62.12,-0.00422302,-0.00534945
62.14,-0.00467575,-0.00525089
62.16,-0.00315672,-0.00306041
62.18,-0.00151025,-0.00271256
62.2,-9.08008e-05,-0.000453519
62.22,0.000137013,0.000260487
62.24,-0.00162518,-0.000961468
62.26,0.000442902,0.00360636
62.28,-0.00751848,0.00972243
62.3,-0.0115516,0.0128237
62.32,-0.0171806,0.0164184
62.34,-0.0227792,0.020742
62.36,-0.0291198,0.026846
62.38,-0.0346073,0.0312152
62.4,-0.0402547,0.0353972
62.42,-0.0463399,0.0384711
62.44,-0.0558277,0.0448972
62.46,-0.067994,0.0533298
62.48,-0.0596562,0.0485501
62.5,-0.0441443,0.0364607
62.52,-0.0185865,0.0168662
62.54,-0.00460628,0.00477991
62.56,-0.00791953,-0.00335307
62.58,-0.0168126,-0.0161699
62.602,-0.0250707,-0.0207691
62.62,-0.0223336,-0.0186074
62.64,-0.0203294,-0.0190355
62.66,-0.0243372,-0.023381
62.68,-0.0285502,-0.0282635
62.7,-0.0296549,-0.0291272
62.72,-0.0305717,-0.0296166
62.74,-0.0240098,-0.0259415
62.76,0.00287719,-0.0117029
62.78,0.0116292,-0.00795724
62.8,0.00545936,-0.00820633
62.82,0.0059012,-0.00523585
62.84,0.00488824,-0.00380988
62.86,0.00341852,-0.00365493
62.88,0.00264127,-0.00520842
62.9,0.00304301,-0.00663702
62.92,0.00128968,-0.00508689
62.94,-0.00228899,-0.00163532
62.96,-0.00538196,0.000778042
62.98,-0.00550234,0.00314677
63,-0.00394145,-0.00336006
63.02,-0.0068181,-0.00797823
63.04,-0.00706763,-0.00789997
63.06,-0.00315852,-0.00439614
63.08,0.00350305,0.000540375
63.1,0.00158694,-0.000571345
63.12,-0.00109254,-0.00153688
63.14,0.000459251,0.00041265
63.16,0.00285969,0.00314808
63.18,0.00453505,0.00665592
63.2,0.00539693,0.00835288
63.22,0.00856851,0.0108039
63.24,0.0119128,0.0137905
63.26,-0.00206417,0.00818809
63.28,-0.0096711,0.00847228
63.3,-0.0108238,0.0103931
63.32,-0.0138424,0.0130986
63.34,-0.0159098,0.0140765
63.36,-0.0151349,0.0133205
63.38,-0.0150648,0.0129823
63.4,-0.017477,0.0147001
63.42,-0.02244,0.0183191
63.44,-0.0288106,0.0228398
63.46,-0.0343047,0.026803
63.48,-0.0295392,0.0264845
63.5,-0.0102657,0.0198416
63.52,0.0123046,0.00935029
63.54,0.010384,0.00658152
63.56,0.00424443,0.000806237
63.58,0.000883793,-0.00130441
63.6,-6.27754e-05,-0.00292542
63.62,-0.00211369,-0.00440928
63.64,-0.00446501,-0.00538127
63.66,-0.00591344,-0.00571097
63.68,-0.00657097,-0.00753475
63.7,-0.00689868,-0.00757822
63.72,-0.00745469,-0.00765959
63.74,-0.00717704,-0.00768712
63.76,0.00337818,0.00102063
63.78,-0.00176185,0.0040253
63.8,-0.00332575,0.00379705
63.82,-0.00447057,0.00472775
63.84,-0.010836,0.00839815
63.86,-0.0158981,0.0132581
63.88,-0.0181716,0.0168545
63.9,-0.0220549,0.0199168
63.92,-0.0278404,0.023145
63.94,-0.0338478,0.0266071
63.96,-0.0406439,0.0313542
63.98,-0.0397606,0.0333406
64,-0.0293003,0.0231602
64.02,-0.00926686,0.00456248
64.04,-0.00525297,-0.00194376
64.06,-0.00557656,-0.00619558
64.08,-0.00984372,-0.0120251
64.1,-0.011868,-0.0110295
64.12,-0.00797787,-0.00789202
64.14,-0.00827319,-0.00815417
64.16,-0.00855148,-0.00903275
64.18,-0.00769217,-0.00914376
64.2,-0.00563256,-0.0068726
64.22,-0.00398302,-0.00410552
64.24,-0.00389354,-0.00314393
64.26,-0.00332154,-0.0029659
64.28,-0.00434308,0.00154032
64.3,-0.0056364,0.00299115
64.32,-0.00609485,0.00610032
64.34,-0.0103225,0.00943944
64.36,-0.0144854,0.0121268
64.38,-0.0192499,0.0143732
64.4,-0.0251373,0.0178694
64.42,-0.0314105,0.0229686
64.44,-0.0395218,0.0285928
64.46,-0.0471428,0.033449
64.48,-0.0434148,0.0327801
64.5,-0.0304842,0.0250716
64.52,-0.00791874,0.0107028
64.54,0.00332132,0.00350567
64.56,0.00558984,0.00296085
64.58,0.00600052,0.00304529
64.6,0.00662829,0.00524871
64.62,0.0126303,0.0101971
64.64,0.0176689,0.0154544
64.66,0.0207874,0.0198668
64.68,0.0239242,0.0262889
64.7,0.0267298,0.0295603
64.72,0.0314668,0.0349433
64.74,0.0247321,0.0337925
64.76,0.00341433,0.0229083
64.78,-0.0147537,0.014237
64.8,-0.0183573,0.0196173
64.82,-0.0236681,0.0235429
64.84,-0.0277149,0.026275
64.86,-0.0288849,0.026328
64.88,-0.0294358,0.0257825
64.9,-0.0328973,0.0286449
64.92,-0.0400963,0.034026
64.94,-0.0485771,0.0405406
64.96,-0.0561305,0.046396
64.98,-0.0433254,0.0389978
65,-0.0259868,0.0253088
65.02,-0.00270797,0.00710606
65.04,0.0028415,0.00214821
65.06,-0.00047927,-0.00156059
65.08,-0.00208377,-0.00410095
65.1,-0.00346418,-0.00470666
65.12,-0.00357848,-0.00535419
65.14,-0.00477838,-0.00542725
65.16,-0.00538475,-0.00500205
65.18,-0.0053457,-0.00623692
65.2,-0.00451198,-0.0046339
65.22,-0.00428879,-0.00404425
65.24,-0.00489964,-0.00441631
65.26,0.00115652,0.00272753
65.28,-0.00436907,0.00695913
65.3,-0.0070062,0.00716225
65.32,-0.00898434,0.00809542
65.34,-0.013077,0.0115741
65.36,-0.0183931,0.0169318
65.38,-0.0216864,0.0197357
65.4,-0.0247799,0.0218384
65.42,-0.0290455,0.0232741
65.44,-0.0359725,0.0277536
65.46,-0.0448339,0.0339969
65.48,-0.0442384,0.0364905
65.5,-0.0324453,0.0265827
65.52,-0.0126287,0.00921774
65.54,-0.00380232,-0.00116516
65.56,-0.00545991,-0.00547886
65.58,-0.00963511,-0.013626
65.6,-0.0138411,-0.0134429
65.62,-0.0103446,-0.0106905
65.64,-0.00897912,-0.0102381
65.66,-0.00998124,-0.0115925
65.68,-0.0100004,-0.0125326
65.7,-0.00865995,-0.0106613
65.72,-0.00674764,-0.00782587
65.74,-0.00708096,-0.00721498
65.76,0.00358688,0.00091365
65.78,-0.00299988,-0.000350204
65.8,-0.0037421,0.00326417
65.82,-0.00740814,0.00760687
65.84,-0.0112057,0.0108393
65.86,-0.0147857,0.0126728
65.88,-0.0184413,0.0138788
65.9,-0.0229361,0.0167808
65.92,-0.0287972,0.0217245
65.94,-0.0367812,0.027088
65.96,-0.0443,0.0321995
65.98,-0.041382,0.0315546
66,-0.0310984,0.0213558
66.02,-0.0128769,0.00269624
66.04,-0.00697338,-0.00307465
66.06,-0.00313881,-0.00360693
66.08,-0.00140414,-0.00260672
66.1,0.000467502,-0.000106546
66.12,0.0050995,0.00371018
66.14,0.00886883,0.00791259
66.16,0.0117843,0.0118676
66.18,0.0148497,0.017298
66.2,0.0178369,0.0208235
66.22,0.0227798,0.025181
66.24,0.0175438,0.0252332
66.26,-0.00416583,0.0131294
66.28,-0.0145395,0.0149855
66.3,-0.0211202,0.0207239
66.32,-0.0253166,0.0243418
66.34,-0.0282562,0.0266415
66.36,-0.0316145,0.0280296
66.38,-0.0323707,0.028246
66.4,-0.0338901,0.0297411
66.42,-0.0398486,0.0342754
66.44,-0.0486111,0.0406973
66.46,-0.0562825,0.0465678
66.48,-0.0433671,0.041996
66.5,-0.0241706,0.0332903
66.52,0.00192536,0.0187562
66.54,0.0140233,0.0102536
66.56,0.0100773,0.00777148
66.58,0.00756379,0.00389255
66.6,0.00466547,0.00230669
66.62,0.00471724,0.0022332
66.64,0.00376583,0.00224156
66.66,0.00234459,0.00253135
66.68,0.00194164,0.00121945
66.7,0.0029286,0.00294554
66.72,0.00351367,0.00379538
66.74,0.00199099,0.0027082
66.76,-0.00082272,0.00261597
66.78,-0.00584824,0.00766395
66.8,-0.00852539,0.0096299
66.82,-0.0134859,0.0115386
66.84,-0.0174066,0.0154084
66.86,-0.0211373,0.0194692
66.88,-0.0238303,0.0225502
66.9,-0.0275117,0.0246601
66.92,-0.0320807,0.0265848
66.94,-0.0401655,0.0317281
66.96,-0.0495245,0.0383654
66.98,-0.0461043,0.038452
67,-0.0323463,0.0299653
67.02,-0.00872524,0.0136269
67.04,0.00180558,0.00549537
67.06,0.00106232,0.000885577
67.08,-0.00493561,-0.00679745
67.1,-0.00726608,-0.00607394
67.12,-0.00231904,-0.0018048
67.14,-0.000829653,-0.000947234
67.16,-0.00263137,-0.00223781
67.18,-0.0026039,-0.00213015
67.2,0.000212178,0.000658569
67.22,0.00239499,0.00399877
67.24,0.00307459,0.00564542
67.26,-0.00625839,0.0011317
67.28,-0.00780267,0.00630327
67.3,-0.0124319,0.0105128
67.32,-0.0174439,0.0156787
67.34,-0.0198675,0.0176947
67.36,-0.0217512,0.0188004
67.38,-0.0256763,0.0202894
67.4,-0.0314834,0.0238287
67.42,-0.0396342,0.0292342
67.44,-0.048965,0.0355498
67.46,-0.0586965,0.0408608
67.48,-0.0529094,0.0390402
67.5,-0.0379213,0.0293377
67.52,-0.014143,0.0133101
67.54,-0.0005763,0.00468106
67.56,0.00305783,0.00425864
67.58,0.0040901,0.00255924
67.6,0.00351634,0.00405309
67.62,0.00923449,0.00869002
67.64,0.0146635,0.0140007
67.66,0.0175548,0.0182436
67.68,0.0208741,0.0245548
67.7,0.0235506,0.0289576
67.72,0.0279984,0.0335661
67.74,0.0272948,0.0373965
67.76,0.00353527,0.0254506
67.779,-0.017439,0.0156605
67.8,-0.0181994,0.0187034
67.82,-0.0214542,0.0215158
67.84,-0.0271014,0.0248665
67.86,-0.0307979,0.0267434
67.88,-0.0325698,0.0284358
67.9,-0.0372582,0.032291
67.919,-0.0454172,0.0383738
67.94,-0.055081,0.0456409
67.96,-0.0624399,0.0517344
67.98,-0.0464472,0.0420569
68,-0.0286011,0.0264163
68.02,-0.00615899,0.00614485
68.04,-0.00331463,-0.000639673
68.06,-0.00829789,-0.0070317
68.08,-0.0119512,-0.0115498
68.1,-0.0144908,-0.0136771
68.12,-0.0158755,-0.0159701
68.14,-0.0183697,-0.0181085
68.16,-0.0210468,-0.0199333
68.18,-0.0233069,-0.0234655
68.2,-0.0251104,-0.0248295
68.22,-0.0273431,-0.0266895
68.24,-0.017182,-0.018421
68.26,0.00451958,-0.00370504
68.28,0.00208928,-0.000520789
68.3,0.00166345,-0.00370911
68.32,0.0042805,-0.00581295
68.34,0.00275891,-0.00482207
68.36,-0.00163838,-0.000888717
68.38,-0.00354456,0.00217501
68.4,-0.00595088,0.00395733
68.42,-0.00768811,0.00386121
68.44,-0.0103285,0.00455758
68.46,-0.0150074,0.00752004
68.48,-0.0186991,0.013644
68.5,-0.0135863,0.00541876
68.52,-0.00557231,-0.00814485
68.54,-0.00839064,-0.0093288
68.56,-0.00684238,-0.00915296
68.58,-0.00617277,-0.00893119
68.6,-0.00582653,-0.00648114
68.62,-0.0058493,-0.00524443
68.64,-0.00581543,-0.00505277
68.66,-0.00441738,-0.00482315
68.68,-0.00425931,-0.00577263
68.7,-0.00144334,-0.0028168
68.72,0.00119587,0.00125328
68.74,0.000846977,0.0023309
68.76,-0.00138985,0.00433901
68.78,-0.00872888,0.00741839
68.8,-0.0135866,0.0125188
68.82,-0.0175486,0.0172736
68.84,-0.0215468,0.0205203
68.86,-0.0253393,0.023212
68.88,-0.0298441,0.0255232
68.9,-0.036047,0.0293483
68.92,-0.0451017,0.0357486
68.94,-0.0551057,0.042554
68.96,-0.0656479,0.0485102
68.98,-0.0564207,0.0430817
69,-0.0420589,0.0325559
69.02,-0.0176338,0.0122232
69.04,-0.00755534,0.00286309
69.06,-0.00619404,-2.36615e-05
69.08,-0.00582213,-0.00458192
69.1,-0.00669067,-0.00466872
69.12,-0.00253474,-0.00141751
69.14,0.00164919,0.00218331
69.16,0.00263255,0.00443201
69.18,0.00356236,0.00784136
69.2,0.00440267,0.00958867
69.22,0.0076078,0.0113607
69.24,0.00967092,0.0144647
69.26,-0.0027024,0.00839962
69.28,-0.00764354,0.00878036
69.3,-0.0107619,0.0113838
69.32,-0.0134012,0.0136651
69.34,-0.014975,0.0138378
69.36,-0.0149972,0.0135042
69.38,-0.0149126,0.0135251
69.4,-0.0175707,0.0153994
69.42,-0.0223902,0.0187243
69.44,-0.0285293,0.0230037
69.46,-0.0341966,0.0270368
69.48,-0.0311556,0.0247687
69.5,-0.0158732,0.0140897
69.52,0.00452054,0.0012533
69.54,0.00401528,0.00074415
69.56,-0.0039432,-0.00603758
69.58,-0.00845087,-0.00885001
69.6,-0.0112966,-0.0119487
69.62,-0.0152016,-0.0159095
69.64,-0.0184211,-0.0183795
69.66,-0.0197781,-0.0193888
69.68,-0.0208105,-0.0220506
69.7,-0.0225826,-0.0235248
69.72,-0.0255031,-0.0259025
69.74,-0.0174043,-0.0180874
69.76,0.00345345,-0.00296007
69.78,0.00222559,0.00254651
69.8,-0.000355258,-0.00110017
69.82,0.000164517,-0.00182808
69.84,-0.00277517,0.00113713
69.86,-0.00849986,0.00647055
69.88,-0.0122487,0.0103652
69.9,-0.016153,0.0136304
69.92,-0.0223615,0.0166087
69.94,-0.026912,0.0192651
69.96,-0.0330252,0.0236852
69.98,-0.0345665,0.0274895
70,-0.0249063,0.0201537
70.02,-0.00531714,0.00547297
70.04,-0.000545585,0.000505304
70.06,-0.0011184,-0.00335938
70.08,-0.0052476,-0.00783402
70.1,-0.00492368,-0.00510786
70.12,-0.00110592,-0.00136404
70.14,-0.00158229,-0.0014185
70.16,-0.00229994,-0.00228268
70.18,-0.000728024,-0.00138383
70.2,0.0021526,0.0016026
70.22,0.00510759,0.0056417
70.24,0.00571236,0.00762557
70.26,-0.00956156,0.000738912
70.28,-0.00921447,0.00595737
70.3,-0.0109185,0.00795514
70.32,-0.0121958,0.0109736
70.34,-0.0141424,0.0131551
70.36,-0.0173771,0.0154668
70.38,-0.022958,0.0180549
70.4,-0.0293204,0.0219793
70.42,-0.0367673,0.0277899
70.44,-0.0453759,0.0335097
70.46,-0.0538458,0.0390861
70.48,-0.0460415,0.0352341
70.5,-0.0317963,0.0257867
70.52,-0.00782165,0.00697594
70.54,-0.00108305,0.00396385
70.56,0.00139534,0.0010658
70.58,0.000844379,-0.000285282
70.6,0.00231817,0.00256094
70.62,0.00877768,0.00745622
70.64,0.0132921,0.0121384
70.66,0.0160077,0.016192
70.68,0.0192615,0.02216
70.7,0.0220441,0.0262243
70.72,0.0267807,0.0313072
70.74,0.020405,0.0310674
70.76,0.000227642,0.0205075
70.78,-0.0165695,0.0151083
70.8,-0.0207228,0.0213413
70.82,-0.0260213,0.0252602
70.84,-0.0279487,0.026768
70.86,-0.0287127,0.0264946
70.88,-0.0306014,0.0269177
70.9,-0.0350096,0.0303186
70.92,-0.0416501,0.0353961
70.94,-0.0494938,0.0415441
70.96,-0.0571971,0.0474877
70.98,-0.0421819,0.0412791
71,-0.0242138,0.0293198
71.02,0.00139251,0.0111948
71.04,0.0073412,0.00509901
71.06,0.0016264,0.000781783
71.08,-0.00130629,-0.00308611
71.1,-0.00398127,-0.00493654
71.12,-0.00517933,-0.0061273
71.14,-0.00686458,-0.00698995
71.16,-0.00843796,-0.00745411
71.18,-0.00939861,-0.00942929
71.2,-0.00982284,-0.00943694
71.22,-0.010495,-0.0097037
71.24,-0.00763817,-0.00744835
71.26,0.00292848,0.00109581
71.28,-0.00186541,0.00331697
71.3,-0.00155453,0.00171712
71.32,-0.00199178,0.00113645
71.34,-0.00591664,0.00424578
71.36,-0.0110006,0.00889307
71.38,-0.0143146,0.0129791
71.4,-0.0163805,0.0148828
71.42,-0.0193864,0.0156257
71.44,-0.0243005,0.0182415
71.46,-0.0325113,0.0230738
71.48,-0.0355784,0.0283696
71.5,-0.0282967,0.0204539
71.52,-0.0127198,0.00364639
71.54,-0.0074679,-0.00477533
71.56,-0.00744112,-0.00789567
71.58,-0.0105518,-0.0126157
71.6,-0.0122183,-0.0114522
71.62,-0.00916917,-0.00883832
71.64,-0.00962694,-0.00957493
71.66,-0.011221,-0.0112187
71.68,-0.00935168,-0.0112428
71.7,-0.00830408,-0.009333
71.72,-0.00712853,-0.00724701
71.74,-0.0074106,-0.00678816
71.76,0.00159645,0.000929474
71.78,-0.00517891,0.000512035
71.8,-0.00584668,0.00389289
71.82,-0.00727871,0.00734328
71.84,-0.0104631,0.00940474
71.86,-0.014558,0.0121613
71.88,-0.019767,0.0143228
71.9,-0.0247048,0.0174531
71.92,-0.0311482,0.0221867
71.94,-0.0379847,0.0271357
71.96,-0.0466805,0.0325477
71.98,-0.0440291,0.0318358
72,-0.0320525,0.022989
72.02,-0.0102096,0.00356765
72.04,-0.00495848,-0.00170383
72.06,-0.00409494,-0.00440579
72.08,-0.00405275,-0.00518118
72.1,-0.00335447,-0.00352244
72.12,0.000623904,-0.000945733
72.14,0.00321915,0.00179394
72.16,0.00454617,0.00430898
72.18,0.00602022,0.00876019
72.2,0.0078487,0.00986299
72.22,0.0110219,0.0124966
72.24,0.0129137,0.0162289
72.26,-0.00516435,0.0106922
72.28,-0.0156965,0.0176257
72.3,-0.0236983,0.0226976
72.32,-0.0269813,0.0257738
72.34,-0.0280608,0.0261831
72.36,-0.0282001,0.0253641
72.38,-0.0289509,0.02474
72.4,-0.0320322,0.0274659
72.42,-0.0382679,0.0321803
72.44,-0.0463438,0.0383117
72.46,-0.053671,0.0438293
72.48,-0.0418775,0.0390146
72.5,-0.0288676,0.0263961
72.52,-0.00731806,0.00977412
72.54,0.000878777,-0.00074033
72.56,-0.00622795,-0.00666705
72.58,-0.0121103,-0.0125478
72.6,-0.0171334,-0.0168679
72.62,-0.0202668,-0.0205744
72.64,-0.024678,-0.0241212
72.66,-0.0292467,-0.027556
72.68,-0.0330485,-0.0324831
72.7,-0.0358627,-0.035673
72.72,-0.0391553,-0.038961
72.74,-0.0298605,-0.0295734
72.76,-0.00713979,-0.01084
72.78,0.0046245,-0.00129595
72.8,0.00490118,-0.00525309
72.82,0.00779261,-0.00868197
72.84,0.00847663,-0.00855561
72.86,0.0034857,-0.0040813
72.88,0.00072347,-0.00131893
72.9,0.000497703,-0.000886104
72.92,-0.000921569,-0.00133123
72.94,-0.00469849,0.000509147
72.96,-0.0103211,0.00430179
72.98,-0.0123116,0.00937832
73,-0.0104502,0.00490959
73.02,-0.00428567,-0.00691675
73.04,-0.00580676,-0.00608328
73.06,-0.00162799,-0.004572
73.08,-0.00074973,-0.00463136
73.1,0.00124804,0.000103069
73.12,0.00175018,0.00196811
73.14,0.00257667,0.00337463
73.16,0.0053248,0.00488008
73.18,0.00608233,0.0055054
73.2,0.00957394,0.00944678
73.22,0.0137357,0.0148543
73.24,0.0140642,0.017587
73.26,-0.00620011,0.0108927
73.28,-0.014718,0.0125101
73.3,-0.017145,0.0165483
73.32,-0.0205591,0.0191279
73.34,-0.0230433,0.0216444
73.36,-0.0263844,0.0241942
73.38,-0.0315231,0.0272478
73.4,-0.0378415,0.0311311
73.42,-0.0468733,0.0372517
73.44,-0.0567139,0.0439493
73.46,-0.0676587,0.0502797
73.48,-0.0600836,0.0461702
73.5,-0.0473628,0.035659
73.52,-0.0256119,0.0153804
73.54,-0.0115592,0.000270342
73.56,-0.0117525,-0.00379067
73.58,-0.0124055,-0.0106521
73.6,-0.0160219,-0.0157232
73.62,-0.0160368,-0.0154444
73.64,-0.0122908,-0.0130786
73.66,-0.011773,-0.0118953
73.68,-0.0138374,-0.0115596
73.7,-0.0141197,-0.0131767
73.72,-0.0138928,-0.0145594
73.74,-0.0147963,-0.01694
73.76,-0.000364674,-0.00653948
73.78,0.00279889,-0.00281653
73.8,-0.00130138,-0.00126164
73.82,-0.00045598,0.000430637
73.84,-0.00180182,0.00115849
73.86,-0.00344338,0.00130017
73.88,-0.00529597,0.00184449
73.9,-0.00761085,0.00351886
73.92,-0.0103842,0.00591902
73.94,-0.0141109,0.00903386
73.96,-0.0176827,0.011874
73.98,-0.0246218,0.014247
74,-0.0111699,0.0127339
74.02,0.0135953,0.00739825
74.04,0.017122,0.00999031
74.06,0.00981415,0.0047926
74.08,0.00465468,0.00261436
74.1,0.00586038,0.00272902
74.12,0.00450591,0.00200376
74.14,0.00295619,0.00151931
74.16,0.00381883,0.00333576
74.18,0.00606079,0.00449089
74.2,0.00813663,0.00686126
74.22,0.0090385,0.00861182
74.24,0.00795365,0.00869235
74.26,-0.00395892,0.00258479
74.28,-0.00704349,0.00916799
74.3,-0.00907943,0.0107955
74.32,-0.0135631,0.0123304
74.34,-0.0188065,0.0164559
74.36,-0.0242245,0.0223169
74.38,-0.0285259,0.0267753
74.4,-0.0328995,0.0301241
74.42,-0.0367932,0.0321763
74.44,-0.046603,0.0385197
74.46,-0.0589559,0.0470634
74.48,-0.0579398,0.0481155
74.5,-0.045021,0.0402268
74.52,-0.0216859,0.0226459
74.54,-0.00245086,0.00576308
74.56,-0.00356701,0.000976169
74.58,-0.00801883,-0.00824223
74.6,-0.0127582,-0.0103835
74.62,-0.0108928,-0.0084362
74.64,-0.010656,-0.00918761
74.66,-0.013472,-0.0121392
74.68,-0.0162004,-0.0157153
74.7,-0.0170047,-0.01567
74.72,-0.0165732,-0.0146895
74.74,-0.0184338,-0.0161059
74.76,-0.00490654,-0.00677363
74.78,0.00220926,-0.000874613
74.8,-0.00113001,-0.00181853
74.82,-0.0003934,0.000415694
74.84,-0.00237984,0.00194171
74.86,-0.00516685,0.00303414
74.88,-0.00723514,0.00327787
74.9,-0.0094377,0.00396056
74.92,-0.0129333,0.00659204
74.94,-0.0174155,0.0100553
74.96,-0.0228619,0.0127391
74.98,-0.0279887,0.019421
75,-0.0248826,0.0136517
75.02,-0.0131397,-0.00096783
75.04,-0.0081038,-0.00609996
75.06,-0.0040842,-0.00472723
75.08,0.000107644,-0.000807129
75.1,0.00286709,0.00126896
75.12,0.00489395,0.00322423
75.14,0.00760019,0.00683595
75.16,0.0110083,0.0110988
75.18,0.0139835,0.0167939
75.2,0.0166606,0.0200136
75.22,0.0205085,0.0237865
75.24,0.0207338,0.026401
75.26,0.00271037,0.0153753
75.28,-0.0124258,0.00961979
75.3,-0.0160062,0.0143902
75.32,-0.0203357,0.0173361
75.34,-0.0215386,0.0179845
75.36,-0.0216076,0.0172763
75.38,-0.0221837,0.0172127
75.4,-0.0254553,0.0197376
75.42,-0.0306923,0.0237968
75.44,-0.0373129,0.0288358
75.46,-0.0436044,0.0335188
75.48,-0.038112,0.0327273
75.5,-0.024423,0.0216537
75.52,-0.00387609,0.00496633
75.54,0.000166867,-0.00136712
75.56,-0.00563347,-0.00567131
75.58,-0.00943964,-0.00837326
75.6,-0.0121473,-0.0112266
75.62,-0.0150059,-0.0141421
75.64,-0.0182546,-0.0165588
75.66,-0.0202643,-0.0177781
75.68,-0.0217835,-0.0204942
75.7,-0.0233955,-0.0217678
75.72,-0.0254717,-0.0234504
75.74,-0.0205158,-0.019033
75.76,-0.00142206,-0.00387188
75.78,0.00182956,-0.000243939
75.8,0.00504628,-0.00414714
75.82,0.00746616,-0.00760641
75.84,0.00716028,-0.00735841
75.86,0.00205494,-0.00245119
75.88,-0.00140657,0.00186451
75.9,-0.00253714,0.00338445
75.92,-0.00434735,0.00338188
75.94,-0.00734162,0.00419473
75.96,-0.0144631,0.00864787
75.98,-0.0174173,0.014455
76,-0.015532,0.00969156
76.02,-0.00751349,-0.00514348
76.04,-0.00925764,-0.00785496
76.06,-0.00754295,-0.00787459
76.08,-0.00658313,-0.00777673
76.1,-0.0058638,-0.00510275
76.12,-0.00533435,-0.00305701
76.14,-0.00459279,-0.00146018
76.16,-0.00312292,-0.00103733
76.18,-0.00272287,-0.0020894
76.2,-0.00117616,0.000162767
76.22,0.00204079,0.00420535
76.24,0.00339665,0.00649638
76.26,-0.00381938,0.00539369
76.28,-0.0118131,0.00989616
76.3,-0.0175041,0.0164064
76.32,-0.0224134,0.021607
76.34,-0.0276334,0.0258617
76.36,-0.0311053,0.0282583
76.38,-0.0344412,0.0302674
76.4,-0.0404385,0.034131
76.42,-0.0495819,0.0405359
76.44,-0.0604868,0.0479251
76.46,-0.0716509,0.0547453
76.48,-0.0601937,0.0490322
76.5,-0.045792,0.0345869
76.52,-0.0245676,0.0112665
76.54,-0.013697,-0.0010752
76.56,-0.0174336,-0.00838488
76.58,-0.0178579,-0.0166007
76.6,-0.0230226,-0.0226531
76.62,-0.0242432,-0.0240194
76.64,-0.0224508,-0.023838
76.66,-0.0249314,-0.0256728
76.68,-0.0297724,-0.0283925
76.7,-0.0359107,-0.0352965
76.72,-0.0387871,-0.0412375
76.74,-0.0229459,-0.0261762
76.76,-0.00103624,-0.00324157
76.78,-0.00665233,0.00844188
76.8,-0.0114718,0.00808749
76.82,-0.0083442,0.00781189
76.84,-0.0075893,0.00737202
76.86,-0.00721926,0.00548432
76.88,-0.00586556,0.00316716
76.9,-0.00454645,0.001805
76.92,-0.00619453,0.00292943
76.94,-0.0101785,0.0059366
76.96,-0.0126576,0.00779686
76.98,-0.017718,0.00827239
77,-0.00635197,0.00811554
77.02,0.0193988,0.00711355
77.04,0.0208427,0.0136705
77.06,0.0210862,0.0141123
77.08,0.0172084,0.0133498
77.1,0.013966,0.011596
77.12,0.013108,0.0118219
77.14,0.0147132,0.0138138
77.16,0.0178346,0.0177998
77.18,0.0217679,0.0206817
77.2,0.0259393,0.0256176
77.22,0.0286734,0.0290126
77.24,0.0208885,0.0263879
77.26,-0.000612216,0.0158462
77.28,-0.0157862,0.0191868
77.3,-0.0241873,0.0249172
77.32,-0.02942,0.0281855
77.34,-0.0333718,0.0319152
77.36,-0.0409425,0.0379571
77.38,-0.047946,0.0436007
77.4,-0.0565411,0.0499388
77.42,-0.0681131,0.057876
77.44,-0.0797915,0.0656343
77.46,-0.0815484,0.0682559
77.48,-0.0715448,0.0609182
77.5,-0.055958,0.0477894
77.52,-0.0314009,0.0265758
77.54,-0.010508,0.00660629
77.56,-0.0106782,-0.00199205
77.58,-0.0196003,-0.0188064
77.6,-0.0330867,-0.0298068
77.62,-0.0382343,-0.0340451
77.64,-0.0361353,-0.0352066
77.66,-0.0387296,-0.0400798
77.68,-0.0463483,-0.0483586
77.7,-0.05311,-0.0540169
77.72,-0.055095,-0.0561421
77.74,-0.0423768,-0.0439163
77.76,-0.0115462,-0.021324
77.78,0.0135558,-0.00402288
77.8,0.00270301,-0.00577106
77.82,0.0046376,-0.00401153
77.84,0.00616878,-0.00365941
77.86,0.00378616,-0.00234253
77.88,0.00143934,-0.00213155
77.9,0.000803638,-0.00285365
77.92,-0.00155,-0.00145536
77.94,-0.00587032,0.00219658
77.96,-0.0100847,0.00533789
77.98,-0.0117096,0.0091977
78,-0.0101071,0.00394578
78.02,-0.00571856,-0.00873815
78.04,-0.00747781,-0.00785731
78.06,-0.00138901,-0.00437895
78.08,0.00346996,0.000484164
78.1,0.00379466,0.000504576
78.12,0.00316946,0.00130199
78.14,0.00654966,0.00513234
78.16,0.010689,0.00958851
78.18,0.0127168,0.0144234
78.2,0.0134597,0.0163947
78.22,0.0178671,0.0200614
78.24,0.0208276,0.0251363
78.26,0.00107959,0.0181939
78.28,-0.0160627,0.0138343
78.3,-0.0190404,0.0188964
78.32,-0.022614,0.0217622
78.34,-0.0241092,0.0228027
78.36,-0.0248327,0.0225434
78.38,-0.0259543,0.0220551
78.4,-0.0294604,0.0249931
78.42,-0.0354836,0.0295818
78.44,-0.0425796,0.0351483
78.46,-0.0491255,0.0400869
78.48,-0.0411065,0.0389504
78.5,-0.0272283,0.0300956
78.52,-0.00581856,0.0153872
78.54,0.00515158,0.00368073
78.56,0.00114166,0.00102267
78.58,-0.000920979,-0.00280592
78.6,-0.00448383,-0.00529089
78.62,-0.00619773,-0.00714933
78.64,-0.00783605,-0.00828019
78.66,-0.00982393,-0.00888288
78.68,-0.0115122,-0.0111132
78.7,-0.0121496,-0.0115541
78.72,-0.0125346,-0.011757
78.74,-0.0120959,-0.011729
78.76,0.00231498,-0.00106679
78.78,0.000903984,0.00277223
78.8,-0.00123318,0.00139731
78.82,-0.00123173,0.000223204
78.84,-0.00377268,0.00247552
78.86,-0.00828643,0.00634814
78.88,-0.0104259,0.00992369
78.9,-0.0133478,0.0120686
78.92,-0.0161583,0.0128894
78.94,-0.0194624,0.014274
78.96,-0.0254977,0.0181749
78.98,-0.0310289,0.0253329
79,-0.0252775,0.0190633
79.02,-0.012211,0.00336076
79.04,-0.00670517,-0.00626546
79.06,-0.00689455,-0.00812445
79.08,-0.00864215,-0.0106361
79.1,-0.00831742,-0.00833407
79.12,-0.00605931,-0.00576228
79.14,-0.0069735,-0.00618471
79.16,-0.00741227,-0.00695899
79.18,-0.00498409,-0.0064402
79.2,-0.0034564,-0.00436722
79.22,-0.00123624,-0.00119232
79.24,-0.00063672,0.000370864
79.26,-0.00349096,-0.0012227
79.28,-0.00460733,0.0036537
79.3,-0.00848725,0.00652429
79.32,-0.0101483,0.0108107
79.34,-0.0135276,0.0137177
79.36,-0.0165958,0.0156765
79.38,-0.0216136,0.0180708
79.4,-0.028255,0.0216936
79.42,-0.0355428,0.0272221
79.44,-0.0433071,0.0329387
79.46,-0.0519525,0.038057
79.48,-0.0515419,0.0404345
79.5,-0.0382655,0.0335167
79.52,-0.0162791,0.020674
79.54,0.00342079,0.00705293
79.56,0.00673891,0.00872887
79.58,0.00953453,0.00805002
79.6,0.0099811,0.00960583
79.62,0.0152186,0.0143488
79.64,0.0219178,0.0207372
79.66,0.0261977,0.0262533
79.68,0.0300028,0.0332576
79.7,0.0325126,0.0381296
79.72,0.0380403,0.0449452
79.74,0.0320694,0.0448608
79.76,0.0111046,0.0306227
79.78,-0.0142632,0.0122713
79.8,-0.0183751,0.0173203
79.82,-0.0248297,0.0226549
79.84,-0.0306964,0.0270398
79.86,-0.034716,0.0292997
79.88,-0.035695,0.0295825
79.9,-0.0378301,0.0311898
79.92,-0.0434335,0.0353914
79.94,-0.0519453,0.0417745
79.96,-0.0611612,0.0487607
79.98,-0.0518795,0.0449123
80,-0.0349943,0.0317747
80.02,-0.0138785,0.0158157
80.04,0.0015513,0.0010606
80.06,-0.00657596,-0.00456394
80.08,-0.0134623,-0.0142939
80.1,-0.0232587,-0.0229686
80.12,-0.0284406,-0.028002
80.14,-0.0329414,-0.0328343
80.16,-0.0396984,-0.038639
80.18,-0.0461063,-0.046258
80.2,-0.0510388,-0.0517365
80.22,-0.0511563,-0.053281
80.24,-0.0392507,-0.0405869
80.26,-0.0118379,-0.0178256
80.28,0.00631806,-0.00319414
80.3,0.00635695,-0.00741259
80.32,0.00977037,-0.0127766
80.34,0.0126409,-0.0146274
80.36,0.00941876,-0.0113417
80.38,0.00633811,-0.00830725
80.4,0.00671035,-0.00813899
80.42,0.00619918,-0.00903507
80.44,0.00321289,-0.00814045
80.46,-0.000332947,-0.00586666
80.48,-0.00226116,-0.00157271
80.5,-0.00399866,-0.00126646
80.52,-0.00274468,-0.00399039
80.54,-0.00133325,-0.00320158
80.56,-0.000753251,-0.00236656
80.58,0.00296063,-0.00128925
80.6,0.00518796,0.00383151
80.62,0.00586814,0.0059325
80.64,0.00562752,0.00669328
80.66,0.00817246,0.00839044
80.68,0.0114972,0.0106346
80.7,0.0153454,0.0155631
80.72,0.0199216,0.0215233
80.74,0.0164359,0.0229614
80.76,-0.00526495,0.0153275
80.78,-0.0174083,0.0140516
80.8,-0.0217695,0.0203379
80.82,-0.027041,0.0241516
80.84,-0.0296495,0.0273999
80.86,-0.0326172,0.0293819
80.88,-0.0366377,0.031457
80.9,-0.0424805,0.0349076
80.92,-0.0517363,0.0411193
80.94,-0.062357,0.0483137
80.96,-0.0739138,0.054998
80.98,-0.065824,0.0506696
81,-0.0502813,0.0408251
81.02,-0.024931,0.0214521
81.04,-0.00531231,0.00561754
81.06,-0.00426421,0.00233658
81.08,-0.00459182,-0.00418693
81.1,-0.00738122,-0.00776652
81.12,-0.00645539,-0.00668655
81.14,-0.00115571,-0.00282289
81.16,0.000987241,-0.000161782
81.18,0.000472422,0.00238302
81.2,-0.00135911,0.000809734
81.22,0.00074187,0.00181105
81.24,0.00419123,0.00418252
81.26,-0.00103089,0.00900294
81.28,-0.0147573,0.0170428
81.3,-0.0262225,0.0247761
81.32,-0.0300896,0.0287536
81.34,-0.0300156,0.0283311
81.36,-0.0305136,0.0280771
81.38,-0.0319293,0.028034
81.4,-0.035396,0.0306127
81.42,-0.0411377,0.0349646
81.44,-0.0495182,0.0413426
81.46,-0.0582059,0.0478153
81.48,-0.047765,0.0451474
81.5,-0.0304758,0.0367465
81.52,-0.00910262,0.0232143
81.54,0.00917056,0.0082903
81.56,0.00772188,0.00699588
81.58,0.00487678,0.00184484
81.6,-0.000827535,-0.00303674
81.62,-0.00326566,-0.00526121
81.64,-0.00411284,-0.00588407
81.66,-0.00627004,-0.00665163
81.68,-0.0089649,-0.00987501
81.7,-0.0103349,-0.0106276
81.72,-0.011156,-0.0115967
81.74,-0.0113842,-0.012111
81.76,0.00303459,-0.00118115
81.78,0.0019509,0.00399912
81.8,-0.00224727,0.00158288
81.82,-0.00175698,0.0023975
81.84,-0.00762305,0.00632458
81.86,-0.0119382,0.0106634
81.88,-0.0142325,0.0132861
81.9,-0.0156767,0.0143598
81.92,-0.0188023,0.0152221
81.94,-0.0240193,0.0173729
81.96,-0.0296146,0.0215576
81.98,-0.0331203,0.0268864
82,-0.0269532,0.0198681
82.02,-0.0116406,0.00362218
82.04,-0.00644972,-0.00501544
82.06,-0.00728776,-0.00770078
82.08,-0.00929758,-0.011017
82.1,-0.00905753,-0.00793555
82.12,-0.00629278,-0.00565397
82.14,-0.00751045,-0.00662587
82.16,-0.0078644,-0.00754521
82.18,-0.00669009,-0.00779904
82.2,-0.00513787,-0.00518121
82.22,-0.00303377,-0.00214225
82.24,-0.0028447,-0.00113899
82.26,0.00147435,0.00414645
82.28,-0.00671321,0.00536222
82.3,-0.00922574,0.00900312
82.32,-0.0112217,0.0126339
82.34,-0.0150346,0.0159942
82.36,-0.0190189,0.0183007
82.38,-0.0225256,0.0197713
82.4,-0.0274599,0.0218677
82.42,-0.0348109,0.0268708
82.44,-0.0437511,0.0331271
82.46,-0.0524656,0.0384959
82.48,-0.0514965,0.039729
82.5,-0.0375353,0.0325014
82.52,-0.0166612,0.0202433
82.54,0.00447177,0.00791491
82.56,0.00799168,0.00935506
82.58,0.0104825,0.00852117
82.6,0.0096221,0.00878843
82.62,0.0135631,0.0128567
82.64,0.0201814,0.0189041
82.66,0.0243596,0.0242517
82.68,0.0278172,0.0308102
82.7,0.0290737,0.0342996
82.72,0.033291,0.0398083
82.74,0.0303359,0.0419531
82.76,0.0107551,0.0321718
82.78,-0.0157237,0.0187551
82.8,-0.0209178,0.0217552
82.82,-0.0267246,0.0256724
82.84,-0.0319949,0.0296732
82.86,-0.0353223,0.0314306
82.88,-0.035947,0.0315396
82.9,-0.0384403,0.0335536
82.92,-0.0449827,0.0382997
82.94,-0.0542412,0.0451563
82.96,-0.0635053,0.0521332
82.98,-0.0529874,0.0460363
83,-0.0360172,0.0307684
83.02,-0.0139734,0.0109137
83.04,-0.00379338,-0.000164357
83.06,-0.00827457,-0.00575621
83.08,-0.0110829,-0.0118698
83.1,-0.0156647,-0.0154973
83.12,-0.0168907,-0.0176597
83.139,-0.0188047,-0.0195602
83.16,-0.0222556,-0.0220719
83.18,-0.0257304,-0.0264378
83.2,-0.0280138,-0.0284945
83.22,-0.0302812,-0.0305721
83.24,-0.0230669,-0.0238513
83.26,-0.00203037,-0.00775891
83.28,0.00324826,0.00118402
83.3,0.000441134,-0.00160838
83.32,0.00326069,-0.00450898
83.34,0.00431743,-0.00519123
83.36,0.000345411,-0.00161809
83.38,-0.00337517,0.00260787
83.4,-0.0057856,0.00434801
83.42,-0.00810243,0.00474693
83.44,-0.0115214,0.00581695
83.46,-0.0159383,0.00869832
83.48,-0.0202599,0.0146281
83.5,-0.016221,0.0103185
83.52,-0.00642101,-0.00378368
83.54,-0.00608188,-0.00688284
83.56,-0.00482417,-0.00729975
83.58,-0.00501942,-0.00819202
83.6,-0.00298821,-0.00357869
83.62,-0.00119012,-0.000819376
83.64,0.000241277,0.00142902
83.66,0.00265231,0.00251453
83.68,0.00288982,0.00289584
83.7,0.00650084,0.00621249
83.72,0.0108624,0.0116654
83.74,0.0123368,0.0145234
83.76,-0.00522171,0.00825988
83.78,-0.0115301,0.0102379
83.8,-0.0160878,0.0152616
83.82,-0.0200742,0.0193667
83.84,-0.0233509,0.0226508
83.86,-0.0264706,0.023962
83.88,-0.0305023,0.0264439
83.9,-0.0368631,0.0303689
83.92,-0.0455672,0.0366418
83.94,-0.0549351,0.0432798
83.96,-0.0655685,0.0494905
83.98,-0.0604169,0.0472318
84,-0.0456084,0.0364163
84.02,-0.0232223,0.0179397
84.04,-0.00623538,0.00310054
84.06,-0.00483734,0.00135495
84.08,-0.00427061,-0.00307642
84.1,-0.00543601,-0.00510715
84.12,-0.00232052,-0.00212639
84.14,0.00307818,0.00228014
84.16,0.00509479,0.00527081
84.18,0.00550574,0.00861217
84.2,0.00617869,0.00969204
84.22,0.00985268,0.0124676
84.24,0.0136115,0.0167758
84.26,-0.00409998,0.011739
84.28,-0.0141328,0.0138747
84.3,-0.018201,0.0182706
84.32,-0.0224938,0.0220696
84.34,-0.0258766,0.025208
84.36,-0.0300402,0.027052
84.38,-0.0299531,0.0265861
84.4,-0.0310612,0.0276079
84.42,-0.0361669,0.0313733
84.44,-0.0442026,0.036647
84.46,-0.0510771,0.0420615
84.48,-0.0455646,0.0403236
84.5,-0.0234812,0.0275507
84.52,0.00228062,0.013097
84.54,0.00938628,0.00495964
84.56,0.00152874,0.000472312
84.58,-0.00322693,-0.00434728
84.6,-0.00670774,-0.00767016
84.62,-0.00952086,-0.0110359
84.64,-0.0134048,-0.0134579
84.66,-0.0165508,-0.0152883
84.68,-0.018973,-0.0187083
84.7,-0.0207932,-0.0200378
84.72,-0.0231608,-0.0224832
84.74,-0.0191544,-0.0188064
84.76,-0.00124683,-0.00416339
84.78,0.00143296,0.0028733
84.8,-0.00190086,0.00121534
84.82,-0.0018169,0.000558563
84.84,-0.00438342,0.00252014
84.86,-0.007843,0.00589327
84.88,-0.0105446,0.00888232
84.9,-0.0130509,0.0107762
84.92,-0.0167355,0.0119761
84.94,-0.0204269,0.0135748
84.96,-0.0258014,0.017088
84.98,-0.030401,0.0237568
85,-0.0239622,0.0161073
85.02,-0.00924831,0.000642543
85.04,-0.00588149,-0.00575349
85.06,-0.00590204,-0.00786786
85.08,-0.00902461,-0.0110054
85.1,-0.00806477,-0.00833444
85.12,-0.00488495,-0.0049914
85.14,-0.00644048,-0.00576457
85.16,-0.00745047,-0.00723434
85.18,-0.00500263,-0.00738526
85.2,-0.00465638,-0.00581888
85.22,-0.00314644,-0.00321761
85.24,-0.00261004,-0.00187266
85.26,-0.00110099,7.27776e-05
85.28,-0.00528646,0.00288219
85.3,-0.00858252,0.00671892
85.32,-0.0101034,0.0104934
85.34,-0.0137818,0.0129574
85.36,-0.0172096,0.0152297
85.38,-0.0221805,0.0177736
85.4,-0.0280809,0.0213233
85.42,-0.0352193,0.026533
85.44,-0.043506,0.0322612
85.46,-0.0517672,0.0371142
85.48,-0.054087,0.0421517
85.5,-0.0414721,0.034832
85.52,-0.0202892,0.0209568
85.54,0.00185856,0.00614639
85.56,0.00729779,0.00855111
85.58,0.0124728,0.00902886
85.6,0.0135048,0.0110692
85.62,0.0188899,0.0168368
85.64,0.0271948,0.0245755
85.66,0.0328638,0.031379
85.68,0.0367699,0.0394071
85.7,0.0391999,0.0439596
85.72,0.0458011,0.0527493
85.74,0.0365687,0.0503459
85.76,0.0171339,0.037021
85.78,-0.0134442,0.0188102
85.8,-0.0224508,0.0224514
85.82,-0.0302702,0.0278663
85.841,-0.0345307,0.0308602
85.86,-0.0354968,0.031234
85.88,-0.0355943,0.0309907
85.9,-0.0378432,0.0328189
85.92,-0.0434597,0.0368999
85.94,-0.0519434,0.0431472
85.96,-0.0611079,0.0498898
85.98,-0.0572291,0.0486342
86,-0.0435425,0.038722
86.02,-0.0193463,0.0179269
86.04,-0.00485223,0.0042819
86.06,-0.00367517,0.000445329
86.08,-0.00543558,-0.00576316
86.1,-0.00907449,-0.008646
86.12,0.000624305,-0.000322689
86.14,-0.000422187,-0.000140753
86.16,-0.000654057,3.28005e-05
86.18,-0.000521964,2.49611e-05
86.2,-0.000427795,-0.000114106
86.22,-0.000441357,-0.00024113
86.24,-0.000527742,-0.000191406
86.26,-0.000545173,-5.99799e-05
86.28,-0.000468482,1.70927e-05
86.3,-0.000429256,-3.7721e-05
86.32,-0.000462012,-0.000132873
86.34,-0.000489544,-0.000183523
86.36,-0.00047695,-0.000168936
86.38,-0.000468735,-0.000128661
86.4,-0.000486836,-0.000114004
86.42,-0.000498219,-0.000131125
86.44,-0.000483673,-0.00018327
86.46,-0.000469757,-0.000219679
86.48,-0.000463483,-0.000233695
86.5,-0.000466233,-0.000235587
86.52,-0.000469716,-0.00024487
86.54,-0.000469437,-0.000269677
86.56,-0.000471888,-0.00029572
86.58,-0.000473156,-0.000314248
86.6,-0.000475123,-0.000325239
86.62,-0.000477226,-0.000333451
86.64,-0.000479489,-0.000348201
86.66,-0.00048144,-0.000369017
86.68,-0.00048207,-0.000391438
86.7,-0.000484222,-0.000408775
86.72,-0.000486743,-0.000422825
86.74,-0.000488772,-0.000436399
86.76,-0.000489818,-0.000453434
86.78,-0.000492311,-0.000471997
86.8,-0.000494834,-0.000490235
86.82,-0.000498209,-0.000506501
86.84,-0.000501174,-0.000522517
86.86,-0.000508178,-0.000539757
86.88,-0.000511353,-0.000553074
86.9,-0.000512393,-0.000569192
86.92,-0.00051246,-0.000588397
86.94,-0.000515108,-0.0006065
86.96,-0.000518386,-0.000623508
86.98,-0.000521442,-0.000638868
87,-0.000524268,-0.000654411
87.02,-0.00053141,-0.000667825
87.04,-0.000535741,-0.000678809
87.06,-0.000544558,-0.000688342
87.08,-0.00055212,-0.000697763
87.1,-0.000562181,-0.00070708
87.12,-0.000572608,-0.000716873
87.14,-0.000583932,-0.000726983
87.16,-0.000591872,-0.000738292
87.18,-0.000597772,-0.000748548
87.2,-0.000609448,-0.000756641
87.22,-0.000614721,-0.000770777
87.24,-0.000626451,-0.000776691
87.26,-0.000633488,-0.000790263
87.28,-0.000646472,-0.000796025
87.3,-0.000651567,-0.000807725
87.32,-0.000661957,-0.000821206
87.34,-0.000680163,-0.000843741
87.36,-0.000710022,-0.000869724
87.38,-0.000708466,-0.000874019
87.4,-0.000705013,-0.000874683
87.42,-0.000699694,-0.000870099
87.44,-0.000695933,-0.000864366
87.46,-0.000697817,-0.000854888
87.48,-0.000692581,-0.000855923
87.5,-0.000685813,-0.000855337
87.52,-0.000679422,-0.00085412
87.54,-0.00068052,-0.000844755
87.56,-0.000675266,-0.000841744
87.58,-0.000669161,-0.000838739
87.6,-0.000662303,-0.000837858
87.62,-0.000662363,-0.00083381
87.64,-0.000660118,-0.000826795
87.66,-0.000653812,-0.00082449
87.68,-0.000646858,-0.000821234
87.7,-0.000640833,-0.000819339
87.72,-0.000642143,-0.00081104
87.74,-0.000636607,-0.00081045
87.76,-0.000629381,-0.000807245
87.78,-0.000622282,-0.000805259
87.8,-0.00062524,-0.000796044
87.82,-0.000619418,-0.000792958
87.84,-0.000612783,-0.000789602
87.86,-0.00060567,-0.00078749
87.88,-0.000605008,-0.000783129
87.9,-0.000600621,-0.000777793
87.92,-0.00059489,-0.000775787
87.94,-0.000587366,-0.000772681
87.96,-0.000580898,-0.000770383
87.98,-0.000582563,-0.000761338
88,-0.000577349,-0.000760312
88.02,-0.000570116,-0.000757416
88.04,-0.000563115,-0.000755656
88.06,-0.000564615,-0.000747864
88.08,-0.000559254,-0.000745597
88.1,-0.000554128,-0.000741907
88.12,-0.00054716,-0.000739172
88.14,-0.000546701,-0.000734777
88.16,-0.000542819,-0.000729524
88.18,-0.000536839,-0.000728598
88.2,-0.000529926,-0.000726462
88.22,-0.000525896,-0.000722927
88.24,-0.000525655,-0.000714812
88.26,-0.000520986,-0.000713543
88.28,-0.000514555,-0.000711101
88.3,-0.000508095,-0.000710417
88.32,-0.000509677,-0.000702372
88.34,-0.000506906,-0.000699817
88.36,-0.00050053,-0.00069765
88.38,-0.000494604,-0.000695608
88.4,-0.000495763,-0.000690211
88.42,-0.000490611,-0.000686922
88.44,-0.000487711,-0.000684231
88.46,-0.000481611,-0.000682225
88.48,-0.000479854,-0.000680224
88.5,-0.000477882,-0.000673732
88.52,-0.00047416,-0.000673875
88.54,-0.000468689,-0.000672535
88.56,-0.000463235,-0.000671648
88.58,-0.000465041,-0.000663604
88.6,-0.000460951,-0.000663658
88.62,-0.000455928,-0.000662279
88.64,-0.000450403,-0.000662242
88.66,-0.000453771,-0.0006547
88.68,-0.000449793,-0.000653495
88.7,-0.000445547,-0.00065298
88.72,-0.000440309,-0.000653473
88.74,-0.000443619,-0.000649031
88.76,-0.000439497,-0.000645394
88.78,-0.000436103,-0.000645352
88.8,-0.00043025,-0.000645997
88.82,-0.000429366,-0.000645394
88.84,-0.000429907,-0.000638632
88.86,-0.000426944,-0.000638977
88.88,-0.000421918,-0.000639585
88.9,-0.000419053,-0.000639823
88.92,-0.000421834,-0.000632911
88.94,-0.000418487,-0.000633029
88.96,-0.000413828,-0.000633093
88.98,-0.000408802,-0.000634451
89,-0.000410965,-0.000629455
89.02,-0.000407168,-0.000628576
89.04,-0.000402543,-0.000628732
89.06,-0.000398113,-0.000629448
89.08,-0.000399762,-0.000625901
89.1,-0.00039621,-0.000621764
89.12,-0.000395197,-0.000621292
89.14,-0.00038939,-0.000622122
89.16,-0.000386446,-0.000622017
89.18,-0.000387829,-0.000613494
89.2,-0.000383935,-0.000615895
89.22,-0.000378441,-0.00061642
89.24,-0.000375062,-0.000616064
89.26,-0.000377291,-0.000608502
89.28,-0.000373586,-0.000608553
89.3,-0.00036793,-0.000609341
89.32,-0.000362218,-0.000611013
89.34,-0.000364365,-0.00060435
89.36,-0.000360584,-0.00060373
89.38,-0.000356465,-0.000604056
89.4,-0.000350354,-0.000604517
89.42,-0.00035373,-0.000598304
89.44,-0.000349129,-0.000596794
89.46,-0.000345276,-0.000597625
89.48,-0.000341209,-0.000597219
89.5,-0.000342717,-0.000594815
89.52,-0.0003388,-0.000591139
89.54,-0.000337428,-0.000590417
89.56,-0.000331335,-0.000591827
89.58,-0.000330818,-0.000590232
89.6,-0.00032777,-0.000585141
89.62,-0.000323991,-0.000586072
89.64,-0.000319223,-0.000585905
89.66,-0.00031626,-0.000586755
89.68,-0.000314884,-0.000579932
89.7,-0.000312597,-0.000580115
89.72,-0.000306858,-0.000579819
89.74,-0.000304456,-0.000579721
89.76,-0.00030509,-0.000573117
89.78,-0.000303671,-0.000572776
89.8,-0.000298321,-0.000573141
89.82,-0.000292697,-0.000574523
89.84,-0.00029539,-0.000567197
89.86,-0.00029128,-0.00056832
89.88,-0.000286914,-0.000568387
89.9,-0.000280796,-0.000570463
89.92,-0.000284293,-0.00056273
89.94,-0.000280178,-0.000564137
89.96,-0.000277329,-0.00056331
89.98,-0.000270906,-0.000565168
90,-0.000275765,-0.00055663
90.02,-0.000271189,-0.000557289
90.04,-0.000267147,-0.000557817
90.06,-0.000261431,-0.00055997
90.08,-0.000264444,-0.000552828
90.1,-0.000259974,-0.000553041
90.12,-0.000256575,-0.000552763
90.14,-0.000250207,-0.000554301
90.16,-0.000253904,-0.000547766
90.18,-0.000251448,-0.00054633
90.2,-0.000247341,-0.000547665
